ISO-10303-21;
HEADER;
FILE_DESCRIPTION (( 'STEP AP214' ),
    '1' );
FILE_NAME ('CUI_DEVICES_HSS-B20-0503H.step',
    '2019-10-25T17:10:36',
    ( '' ),
    ( '' ),
    'SwSTEP 2.0',
    'SolidWorks 2019',
    '' );
FILE_SCHEMA (( 'AUTOMOTIVE_DESIGN' ));
ENDSEC;

DATA;
#1 = CARTESIAN_POINT ( 'NONE',  ( -0.4291338582677166058, 0.04724409448818898266, -0.3540480442136830774 ) ) ;
#2 = EDGE_CURVE ( 'NONE', #3022, #1887, #2589, .T. ) ;
#3 = EDGE_LOOP ( 'NONE', ( #3852, #3908, #5336, #4393 ) ) ;
#4 = DIRECTION ( 'NONE',  ( 0.0000000000000000000, -7.905640841040137320E-17, -1.000000000000000000 ) ) ;
#5 = DIRECTION ( 'NONE',  ( -1.000000000000000000, 0.0000000000000000000, 0.0000000000000000000 ) ) ;
#6 = DIRECTION ( 'NONE',  ( -0.0000000000000000000, -1.000000000000000000, -0.0000000000000000000 ) ) ;
#7 = DIRECTION ( 'NONE',  ( 0.0000000000000000000, 0.0000000000000000000, 1.000000000000000000 ) ) ;
#8 = ADVANCED_FACE ( 'NONE', ( #923 ), #112, .F. ) ;
#9 = EDGE_LOOP ( 'NONE', ( #4767, #2226, #1139, #3327 ) ) ;
#10 = VERTEX_POINT ( 'NONE', #3413 ) ;
#11 = DIRECTION ( 'NONE',  ( -0.0000000000000000000, -0.0000000000000000000, -1.000000000000000000 ) ) ;
#12 = LINE ( 'NONE', #2483, #5050 ) ;
#13 = DIRECTION ( 'NONE',  ( 1.000000000000000000, 0.0000000000000000000, 1.239088197126285936E-15 ) ) ;
#14 = DIRECTION ( 'NONE',  ( -1.239088197126286133E-15, 0.0000000000000000000, -1.000000000000000000 ) ) ;
#15 = EDGE_CURVE ( 'NONE', #1377, #4065, #3442, .T. ) ;
#16 = VERTEX_POINT ( 'NONE', #1277 ) ;
#17 = ORIENTED_EDGE ( 'NONE', *, *, #810, .T. ) ;
#18 = CARTESIAN_POINT ( 'NONE',  ( -0.5000000000000001110, 0.0000000000000000000, -1.148425196850393792 ) ) ;
#19 = DIRECTION ( 'NONE',  ( 0.0000000000000000000, 0.0000000000000000000, -1.000000000000000000 ) ) ;
#20 = ORIENTED_EDGE ( 'NONE', *, *, #1742, .T. ) ;
#21 = CARTESIAN_POINT ( 'NONE',  ( -0.4527559055118111075, 0.07086614173228347746, -1.148425196850393792 ) ) ;
#22 = CARTESIAN_POINT ( 'NONE',  ( -0.4448818897637797365, 0.05325930726378131502, -0.3582677165354331006 ) ) ;
#23 = VECTOR ( 'NONE', #2568, 39.37007874015748143 ) ;
#24 = VERTEX_POINT ( 'NONE', #2940 ) ;
#25 = AXIS2_PLACEMENT_3D ( 'NONE', #1613, #4114, #1667 ) ;
#26 = CARTESIAN_POINT ( 'NONE',  ( 0.4527559055118111075, 0.07086614173228344971, -0.3582677165354331006 ) ) ;
#27 = ADVANCED_FACE ( 'NONE', ( #5119 ), #4641, .F. ) ;
#28 = LINE ( 'NONE', #3848, #2558 ) ;
#29 = CARTESIAN_POINT ( 'NONE',  ( -0.4527559055118111075, 0.3070866141732282451, -0.2086614173228346081 ) ) ;
#30 = DIRECTION ( 'NONE',  ( -0.5000000000000009992, -0.0000000000000000000, -0.8660254037844380415 ) ) ;
#31 = CIRCLE ( 'NONE', #4927, 0.03149606299212599769 ) ;
#32 = EDGE_LOOP ( 'NONE', ( #3069, #5250, #5288, #422, #5416, #3647 ) ) ;
#33 = ORIENTED_EDGE ( 'NONE', *, *, #4383, .T. ) ;
#34 = DIRECTION ( 'NONE',  ( 0.0000000000000000000, 1.000000000000000000, 0.0000000000000000000 ) ) ;
#35 = CARTESIAN_POINT ( 'NONE',  ( -0.5280404552087514247, 0.3606299212598426118, 0.1459263944151847348 ) ) ;
#36 = AXIS2_PLACEMENT_3D ( 'NONE', #2533, #416, #925 ) ;
#37 = EDGE_CURVE ( 'NONE', #10, #4810, #694, .T. ) ;
#38 = CARTESIAN_POINT ( 'NONE',  ( -0.4448818897637797365, 0.05325930726378131502, -0.9330708661417322913 ) ) ;
#39 = LINE ( 'NONE', #3795, #3066 ) ;
#40 = PLANE ( 'NONE',  #5399 ) ;
#41 = ORIENTED_EDGE ( 'NONE', *, *, #5150, .F. ) ;
#42 = ORIENTED_EDGE ( 'NONE', *, *, #2638, .F. ) ;
#43 = PRESENTATION_LAYER_ASSIGNMENT (  '', '', ( #3166 ) ) ;
#44 =( NAMED_UNIT ( * ) SI_UNIT ( $, .STERADIAN. ) SOLID_ANGLE_UNIT ( ) );
#45 = SURFACE_STYLE_FILL_AREA ( #2954 ) ;
#46 = ADVANCED_FACE ( 'NONE', ( #3097 ), #4431, .F. ) ;
#47 = DIRECTION ( 'NONE',  ( 0.0000000000000000000, 1.000000000000000000, 0.0000000000000000000 ) ) ;
#48 = VECTOR ( 'NONE', #4477, 39.37007874015748143 ) ;
#49 = CARTESIAN_POINT ( 'NONE',  ( -0.4291338582677166058, 0.0000000000000000000, 0.03149606299212598381 ) ) ;
#50 = SURFACE_SIDE_STYLE ('',( #833 ) ) ;
#51 = ORIENTED_EDGE ( 'NONE', *, *, #1395, .T. ) ;
#52 = DIRECTION ( 'NONE',  ( 0.0000000000000000000, 0.0000000000000000000, 1.000000000000000000 ) ) ;
#53 = EDGE_CURVE ( 'NONE', #3942, #3007, #1456, .T. ) ;
#54 = EDGE_CURVE ( 'NONE', #4055, #2977, #670, .T. ) ;
#55 =( CONVERSION_BASED_UNIT ( 'INCH', #2556 ) LENGTH_UNIT ( ) NAMED_UNIT ( #3292 ) );
#56 = CARTESIAN_POINT ( 'NONE',  ( -0.4527559055118111075, 0.3070866141732282451, -0.2086614173228346081 ) ) ;
#57 = VECTOR ( 'NONE', #4772, 39.37007874015748143 ) ;
#58 = ORIENTED_EDGE ( 'NONE', *, *, #4194, .F. ) ;
#59 = ORIENTED_EDGE ( 'NONE', *, *, #238, .T. ) ;
#60 = CARTESIAN_POINT ( 'NONE',  ( -0.4291338582677166058, 0.04724409448818897572, 0.03149606299212598381 ) ) ;
#61 = DIRECTION ( 'NONE',  ( 0.0000000000000000000, 0.0000000000000000000, 1.000000000000000000 ) ) ;
#62 = PRESENTATION_LAYER_ASSIGNMENT (  '', '', ( #2400 ) ) ;
#63 = VECTOR ( 'NONE', #3505, 39.37007874015748143 ) ;
#64 = DIRECTION ( 'NONE',  ( 0.0000000000000000000, 0.0000000000000000000, -1.000000000000000000 ) ) ;
#65 = ORIENTED_EDGE ( 'NONE', *, *, #1412, .F. ) ;
#66 = VERTEX_POINT ( 'NONE', #186 ) ;
#67 = VECTOR ( 'NONE', #784, 39.37007874015748143 ) ;
#68 =( LENGTH_UNIT ( ) NAMED_UNIT ( * ) SI_UNIT ( $, .METRE. ) );
#69 = AXIS2_PLACEMENT_3D ( 'NONE', #4789, #3935, #1109 ) ;
#70 = DIRECTION ( 'NONE',  ( -1.000000000000000000, 0.0000000000000000000, 0.0000000000000000000 ) ) ;
#71 = LINE ( 'NONE', #2441, #3705 ) ;
#72 = CARTESIAN_POINT ( 'NONE',  ( -0.3661417322834646382, 0.04724409448818897572, 0.0000000000000000000 ) ) ;
#73 = CARTESIAN_POINT ( 'NONE',  ( -0.5000000000000004441, 0.5000000000000000000, -0.3582677165354331006 ) ) ;
#74 = PRESENTATION_STYLE_ASSIGNMENT (( #3825 ) ) ;
#75 = COLOUR_RGB ( '',0.7529411764705882248, 0.7529411764705882248, 0.7529411764705882248 ) ;
#76 = DIRECTION ( 'NONE',  ( 1.000000000000000000, 0.0000000000000000000, 0.0000000000000000000 ) ) ;
#77 = EDGE_LOOP ( 'NONE', ( #4589, #356, #4421, #1795, #3351, #4877 ) ) ;
#78 = VERTEX_POINT ( 'NONE', #3962 ) ;
#79 = EDGE_CURVE ( 'NONE', #2544, #3594, #3601, .T. ) ;
#80 = SURFACE_SIDE_STYLE ('',( #45 ) ) ;
#81 = CARTESIAN_POINT ( 'NONE',  ( 0.4400049300502923422, 0.04969432612316330294, -0.5081274925658268993 ) ) ;
#82 = VERTEX_POINT ( 'NONE', #2248 ) ;
#83 = EDGE_CURVE ( 'NONE', #4146, #2163, #1050, .T. ) ;
#84 = CARTESIAN_POINT ( 'NONE',  ( -0.4448818897637797365, 0.05325930726378131502, -0.7834645669291339098 ) ) ;
#85 = SURFACE_SIDE_STYLE ('',( #2146 ) ) ;
#86 = LINE ( 'NONE', #3385, #1270 ) ;
#87 = LINE ( 'NONE', #3782, #4088 ) ;
#88 = EDGE_CURVE ( 'NONE', #3343, #3270, #589, .T. ) ;
#89 = EDGE_CURVE ( 'NONE', #2701, #5193, #2673, .T. ) ;
#90 = ORIENTED_EDGE ( 'NONE', *, *, #1967, .T. ) ;
#91 = LINE ( 'NONE', #1739, #5055 ) ;
#92 = DIRECTION ( 'NONE',  ( -1.000000000000000000, 0.0000000000000000000, 0.0000000000000000000 ) ) ;
#93 = DIRECTION ( 'NONE',  ( 0.0000000000000000000, 0.0000000000000000000, 1.000000000000000000 ) ) ;
#94 = CARTESIAN_POINT ( 'NONE',  ( 0.4212598425196851237, 0.4665354330708661457, 0.003937007874015758385 ) ) ;
#95 = ORIENTED_EDGE ( 'NONE', *, *, #409, .T. ) ;
#96 = EDGE_LOOP ( 'NONE', ( #4218, #2888, #2858, #2208, #3911 ) ) ;
#97 = LINE ( 'NONE', #567, #2454 ) ;
#98 = DIRECTION ( 'NONE',  ( 0.0000000000000000000, 1.000000000000000000, 0.0000000000000000000 ) ) ;
#99 = CARTESIAN_POINT ( 'NONE',  ( 0.4212598425196851792, 0.4393700787401574881, 0.008848995601825815002 ) ) ;
#100 = DIRECTION ( 'NONE',  ( 0.0000000000000000000, 1.000000000000000000, 1.112002228190260705E-16 ) ) ;
#101 = ORIENTED_EDGE ( 'NONE', *, *, #4358, .F. ) ;
#102 = ORIENTED_EDGE ( 'NONE', *, *, #3801, .F. ) ;
#103 =( CONVERSION_BASED_UNIT ( 'INCH', #4265 ) LENGTH_UNIT ( ) NAMED_UNIT ( #3443 ) );
#104 = ADVANCED_FACE ( 'NONE', ( #4817 ), #3989, .F. ) ;
#105 = DIRECTION ( 'NONE',  ( 0.0000000000000000000, 0.0000000000000000000, 1.000000000000000000 ) ) ;
#106 = ORIENTED_EDGE ( 'NONE', *, *, #1209, .T. ) ;
#107 = CARTESIAN_POINT ( 'NONE',  ( 0.4685039370078740717, 0.3070866141732282451, -0.07086614173228347746 ) ) ;
#108 = B_SPLINE_CURVE_WITH_KNOTS ( 'NONE', 3,
 ( #3630, #2439, #400, #2026, #5308, #4120 ),
 .UNSPECIFIED., .F., .F.,
 ( 4, 2, 4 ),
 ( 0.0000000000000000000, 0.0002268537248197721322, 0.0004537074496395442644 ),
 .UNSPECIFIED. ) ;
#109 = EDGE_CURVE ( 'NONE', #4662, #4985, #3937, .T. ) ;
#110 = CYLINDRICAL_SURFACE ( 'NONE', #2731, 0.02493283764992762150 ) ;
#111 = CARTESIAN_POINT ( 'NONE',  ( 0.4394402068000676786, 0.0005316593026319661177, -0.9960629921259843700 ) ) ;
#112 = PLANE ( 'NONE',  #945 ) ;
#113 = VECTOR ( 'NONE', #4744, 39.37007874015748143 ) ;
#114 = EDGE_CURVE ( 'NONE', #1823, #2752, #1426, .T. ) ;
#115 = CARTESIAN_POINT ( 'NONE',  ( 0.4291338582677159397, 0.0000000000000000000, -1.148425196850393792 ) ) ;
#116 = CARTESIAN_POINT ( 'NONE',  ( 0.4448818897637792924, -6.829619984160658046E-17, -0.7204724409448819422 ) ) ;
#117 = EDGE_LOOP ( 'NONE', ( #3770, #4557, #4235, #58, #1961, #1087 ) ) ;
#118 = VERTEX_POINT ( 'NONE', #3178 ) ;
#119 = CIRCLE ( 'NONE', #3150, 0.02493283764992759027 ) ;
#120 = DIRECTION ( 'NONE',  ( 0.0000000000000000000, 1.000000000000000000, 0.0000000000000000000 ) ) ;
#121 = LINE ( 'NONE', #4825, #933 ) ;
#122 = EDGE_CURVE ( 'NONE', #790, #681, #612, .T. ) ;
#123 = CARTESIAN_POINT ( 'NONE',  ( -0.4685039370078740717, 0.3070866141732282451, -0.07086614173228347746 ) ) ;
#124 = CARTESIAN_POINT ( 'NONE',  ( -0.4317475460355930661, 0.04724409448816415530, -0.9357815251271068835 ) ) ;
#125 = VECTOR ( 'NONE', #2868, 39.37007874015748143 ) ;
#126 = DIRECTION ( 'NONE',  ( -1.000000000000000000, -0.0000000000000000000, -0.0000000000000000000 ) ) ;
#127 = VERTEX_POINT ( 'NONE', #212 ) ;
#128 = ORIENTED_EDGE ( 'NONE', *, *, #4274, .F. ) ;
#129 = DIRECTION ( 'NONE',  ( 0.5000000000000009992, 0.0000000000000000000, -0.8660254037844380415 ) ) ;
#130 = CARTESIAN_POINT ( 'NONE',  ( 0.4999999999999998335, -6.829619984160658046E-17, -0.7204724409448820532 ) ) ;
#131 = CARTESIAN_POINT ( 'NONE',  ( 0.4527559055118111631, 0.3606299212598426118, 0.008848995601825804594 ) ) ;
#132 = DIMENSIONAL_EXPONENTS ( 1.000000000000000000, 0.0000000000000000000, 0.0000000000000000000, 0.0000000000000000000, 0.0000000000000000000, 0.0000000000000000000, 0.0000000000000000000 ) ;
#133 = MECHANICAL_DESIGN_GEOMETRIC_PRESENTATION_REPRESENTATION (  '', ( #4688 ), #4326 ) ;
#134 = ORIENTED_EDGE ( 'NONE', *, *, #1132, .T. ) ;
#135 = DIRECTION ( 'NONE',  ( 0.0000000000000000000, 0.0000000000000000000, 1.000000000000000000 ) ) ;
#136 = AXIS2_PLACEMENT_3D ( 'NONE', #2539, #3003, #4285 ) ;
#137 = DIRECTION ( 'NONE',  ( 0.0000000000000000000, 0.0000000000000000000, 1.000000000000000000 ) ) ;
#138 = CARTESIAN_POINT ( 'NONE',  ( 0.4291338582677164948, 0.07086614173228342195, -0.7204724409448819422 ) ) ;
#139 = DIRECTION ( 'NONE',  ( 0.0000000000000000000, -1.000000000000000000, 0.0000000000000000000 ) ) ;
#140 = ADVANCED_FACE ( 'NONE', ( #4461 ), #2299, .F. ) ;
#141 = ORIENTED_EDGE ( 'NONE', *, *, #2256, .T. ) ;
#142 = PLANE ( 'NONE',  #3160 ) ;
#143 = CARTESIAN_POINT ( 'NONE',  ( -0.4527559055118111075, 0.07086614173228347746, -1.148425196850393792 ) ) ;
#144 = ORIENTED_EDGE ( 'NONE', *, *, #4298, .F. ) ;
#145 = VERTEX_POINT ( 'NONE', #1814 ) ;
#146 = ADVANCED_FACE ( 'NONE', ( #999 ), #3547, .F. ) ;
#147 = DIRECTION ( 'NONE',  ( 1.000000000000000000, 0.0000000000000000000, 0.0000000000000000000 ) ) ;
#148 = VECTOR ( 'NONE', #1793, 39.37007874015748143 ) ;
#149 = FACE_OUTER_BOUND ( 'NONE', #513, .T. ) ;
#150 = CARTESIAN_POINT ( 'NONE',  ( -0.4527559055118111075, 0.5000000000000000000, -0.7204724409448819422 ) ) ;
#151 = ORIENTED_EDGE ( 'NONE', *, *, #4821, .T. ) ;
#152 = VECTOR ( 'NONE', #1680, 39.37007874015748143 ) ;
#153 = AXIS2_PLACEMENT_3D ( 'NONE', #4173, #70, #904 ) ;
#154 = ORIENTED_EDGE ( 'NONE', *, *, #4322, .T. ) ;
#155 = ADVANCED_FACE ( 'NONE', ( #240 ), #5231, .F. ) ;
#156 = LINE ( 'NONE', #178, #63 ) ;
#157 = AXIS2_PLACEMENT_3D ( 'NONE', #3052, #5209, #5127 ) ;
#158 = CARTESIAN_POINT ( 'NONE',  ( 0.4448818897637792924, 0.04724409448818897572, -0.7519685039370078705 ) ) ;
#159 = ORIENTED_EDGE ( 'NONE', *, *, #3945, .T. ) ;
#160 = AXIS2_PLACEMENT_3D ( 'NONE', #4514, #315, #777 ) ;
#161 = DIRECTION ( 'NONE',  ( 0.0000000000000000000, -1.000000000000000000, 0.0000000000000000000 ) ) ;
#162 = CARTESIAN_POINT ( 'NONE',  ( 0.4606299212598428117, 0.4393700787401574881, 0.1822834645669293707 ) ) ;
#163 = CARTESIAN_POINT ( 'NONE',  ( -0.4288198816980922645, 0.3606299212598426118, 0.03706344592285269746 ) ) ;
#164 = CARTESIAN_POINT ( 'NONE',  ( -0.4999999999999996114, 0.5000000000000000000, -0.7834645669291339098 ) ) ;
#165 = CIRCLE ( 'NONE', #4637, 0.02493283764992762844 ) ;
#166 = ORIENTED_EDGE ( 'NONE', *, *, #3756, .T. ) ;
#167 = EDGE_CURVE ( 'NONE', #16, #878, #1479, .T. ) ;
#168 = CARTESIAN_POINT ( 'NONE',  ( -0.4291338582677166058, 0.07086614173228347746, -1.148425196850393792 ) ) ;
#169 = VERTEX_POINT ( 'NONE', #5394 ) ;
#170 = VERTEX_POINT ( 'NONE', #324 ) ;
#171 = DIRECTION ( 'NONE',  ( 0.0000000000000000000, -1.000000000000000000, 0.0000000000000000000 ) ) ;
#172 = CARTESIAN_POINT ( 'NONE',  ( 0.4394393639245638417, 0.0005314671934753473822, -0.9330708661417322913 ) ) ;
#173 = EDGE_CURVE ( 'NONE', #4378, #2521, #3321, .T. ) ;
#174 = DIRECTION ( 'NONE',  ( -0.8660254037844380415, 0.0000000000000000000, -0.5000000000000009992 ) ) ;
#175 = PLANE ( 'NONE',  #3733 ) ;
#176 = VERTEX_POINT ( 'NONE', #5008 ) ;
#177 = EDGE_LOOP ( 'NONE', ( #203, #1907, #3111, #4107, #447, #1457, #4829, #102, #4480, #3966, #2990, #1558, #4943, #3143, #2971, #4669, #1056, #2180, #3470, #1441, #659, #4357, #5388, #2776, #1777, #2715 ) ) ;
#178 = CARTESIAN_POINT ( 'NONE',  ( -0.5000000000000001110, 0.3070866141732282451, -0.2086614173228346081 ) ) ;
#179 = CARTESIAN_POINT ( 'NONE',  ( 0.4527559055118111075, 0.5000000000000000000, -1.148425196850393792 ) ) ;
#180 = EDGE_CURVE ( 'NONE', #176, #1572, #2167, .T. ) ;
#181 = EDGE_CURVE ( 'NONE', #1789, #363, #3664, .T. ) ;
#182 = ORIENTED_EDGE ( 'NONE', *, *, #4075, .F. ) ;
#183 = LINE ( 'NONE', #1829, #1628 ) ;
#184 = LINE ( 'NONE', #3512, #5224 ) ;
#185 = DIRECTION ( 'NONE',  ( 1.000000000000000000, 0.0000000000000000000, 0.0000000000000000000 ) ) ;
#186 = CARTESIAN_POINT ( 'NONE',  ( 0.4291338582677159397, -1.604561047235490175E-17, -0.3540480442136829664 ) ) ;
#187 = LINE ( 'NONE', #213, #1596 ) ;
#188 = DIRECTION ( 'NONE',  ( 1.000000000000000000, 0.0000000000000000000, 0.0000000000000000000 ) ) ;
#189 = ORIENTED_EDGE ( 'NONE', *, *, #1603, .F. ) ;
#190 = ORIENTED_EDGE ( 'NONE', *, *, #5031, .F. ) ;
#191 = PLANE ( 'NONE',  #5364 ) ;
#192 = EDGE_CURVE ( 'NONE', #1520, #5349, #1239, .T. ) ;
#193 = CARTESIAN_POINT ( 'NONE',  ( -0.4291338582677166058, 0.07086614173228347746, -0.3582677165354331006 ) ) ;
#194 = VECTOR ( 'NONE', #1286, 39.37007874015748143 ) ;
#195 = ORIENTED_EDGE ( 'NONE', *, *, #3756, .F. ) ;
#196 = EDGE_LOOP ( 'NONE', ( #1128, #2998, #216, #1924, #1029, #4145, #1225, #2346, #520, #4413, #4878, #2345 ) ) ;
#197 =( NAMED_UNIT ( * ) PLANE_ANGLE_UNIT ( ) SI_UNIT ( $, .RADIAN. ) );
#198 = ADVANCED_FACE ( 'NONE', ( #2444 ), #3232, .F. ) ;
#199 = DIRECTION ( 'NONE',  ( 0.0000000000000000000, 0.0000000000000000000, 1.000000000000000000 ) ) ;
#200 = AXIS2_PLACEMENT_3D ( 'NONE', #4982, #4573, #1213 ) ;
#201 = PLANE ( 'NONE',  #2386 ) ;
#202 = DIRECTION ( 'NONE',  ( 1.000000000000000000, 0.0000000000000000000, -0.0000000000000000000 ) ) ;
#203 = ORIENTED_EDGE ( 'NONE', *, *, #3803, .F. ) ;
#204 = ORIENTED_EDGE ( 'NONE', *, *, #1389, .F. ) ;
#205 = VECTOR ( 'NONE', #13, 39.37007874015748143 ) ;
#206 = DIRECTION ( 'NONE',  ( 0.0000000000000000000, 0.0000000000000000000, 1.000000000000000000 ) ) ;
#207 = EDGE_CURVE ( 'NONE', #2744, #2701, #1979, .T. ) ;
#208 = SURFACE_SIDE_STYLE ('',( #1047 ) ) ;
#209 = LINE ( 'NONE', #3541, #5126 ) ;
#210 = VECTOR ( 'NONE', #4741, 39.37007874015748143 ) ;
#211 = CARTESIAN_POINT ( 'NONE',  ( 0.4448818897637792924, -6.829619984160658046E-17, -0.7204724409448819422 ) ) ;
#212 = CARTESIAN_POINT ( 'NONE',  ( 0.4999999999999998335, 0.07086614173228342195, -0.7204724409448819422 ) ) ;
#213 = CARTESIAN_POINT ( 'NONE',  ( -0.4212598425196851237, 0.3838582677165353618, -0.2086614173228346636 ) ) ;
#214 = AXIS2_PLACEMENT_3D ( 'NONE', #4621, #5128, #1256 ) ;
#215 = ORIENTED_EDGE ( 'NONE', *, *, #2604, .F. ) ;
#216 = ORIENTED_EDGE ( 'NONE', *, *, #3695, .T. ) ;
#217 = DIRECTION ( 'NONE',  ( 0.0000000000000000000, 0.0000000000000000000, 1.000000000000000000 ) ) ;
#218 = DIRECTION ( 'NONE',  ( -1.000000000000000000, 0.0000000000000000000, 0.0000000000000000000 ) ) ;
#219 = CARTESIAN_POINT ( 'NONE',  ( 0.5000000000000001110, 0.3070866141732282451, -0.07086614173228347746 ) ) ;
#220 = ADVANCED_FACE ( 'NONE', ( #2358 ), #4043, .T. ) ;
#221 = ORIENTED_EDGE ( 'NONE', *, *, #3552, .F. ) ;
#222 = ORIENTED_EDGE ( 'NONE', *, *, #1706, .F. ) ;
#223 = VECTOR ( 'NONE', #3788, 39.37007874015748143 ) ;
#224 = LINE ( 'NONE', #2285, #2270 ) ;
#225 = CARTESIAN_POINT ( 'NONE',  ( -0.4448818897637797365, -6.829619984160658046E-17, -0.3267716535433071168 ) ) ;
#226 = DIRECTION ( 'NONE',  ( 0.0000000000000000000, 0.0000000000000000000, 1.000000000000000000 ) ) ;
#227 = CARTESIAN_POINT ( 'NONE',  ( 0.5000000000000001110, 0.5000000000000000000, -1.148425196850393792 ) ) ;
#228 = AXIS2_PLACEMENT_3D ( 'NONE', #339, #1987, #4531 ) ;
#229 = AXIS2_PLACEMENT_3D ( 'NONE', #1852, #3590, #1825 ) ;
#230 = ADVANCED_FACE ( 'NONE', ( #4553 ), #4071, .F. ) ;
#231 = VERTEX_POINT ( 'NONE', #1566 ) ;
#232 = EDGE_LOOP ( 'NONE', ( #42, #408, #4438, #3618 ) ) ;
#233 = DIRECTION ( 'NONE',  ( -1.000000000000000000, 0.0000000000000000000, 0.0000000000000000000 ) ) ;
#234 = VECTOR ( 'NONE', #1593, 39.37007874015748143 ) ;
#235 = VECTOR ( 'NONE', #5076, 39.37007874015748143 ) ;
#236 = FACE_OUTER_BOUND ( 'NONE', #4003, .T. ) ;
#237 =( CONVERSION_BASED_UNIT ( 'INCH', #3985 ) LENGTH_UNIT ( ) NAMED_UNIT ( #2415 ) );
#238 = EDGE_CURVE ( 'NONE', #2436, #474, #165, .T. ) ;
#239 = AXIS2_PLACEMENT_3D ( 'NONE', #4640, #5012, #1303 ) ;
#240 = FACE_OUTER_BOUND ( 'NONE', #632, .T. ) ;
#241 = MECHANICAL_DESIGN_GEOMETRIC_PRESENTATION_REPRESENTATION (  '', ( #1806 ), #4715 ) ;
#242 = PLANE ( 'NONE',  #4243 ) ;
#243 = EDGE_CURVE ( 'NONE', #2516, #1413, #3635, .T. ) ;
#244 = DIRECTION ( 'NONE',  ( 0.0000000000000000000, 0.0000000000000000000, 1.000000000000000000 ) ) ;
#245 = VERTEX_POINT ( 'NONE', #4949 ) ;
#246 = CLOSED_SHELL ( 'NONE', ( #5060, #2925, #4769, #4190, #4266, #4559, #828, #4452, #5088, #4507, #5363, #4223, #2262, #4736 ) ) ;
#247 = VERTEX_POINT ( 'NONE', #1594 ) ;
#248 = DIRECTION ( 'NONE',  ( 1.000000000000000000, 0.0000000000000000000, 0.0000000000000000000 ) ) ;
#249 = CARTESIAN_POINT ( 'NONE',  ( 0.4345673344069676536, 0.04769495268324620840, -0.5692613857460073756 ) ) ;
#250 = FACE_OUTER_BOUND ( 'NONE', #3668, .T. ) ;
#251 = ORIENTED_EDGE ( 'NONE', *, *, #3230, .F. ) ;
#252 = ORIENTED_EDGE ( 'NONE', *, *, #1451, .F. ) ;
#253 = CARTESIAN_POINT ( 'NONE',  ( 3.857155272905044443E-18, 0.04724409448818897572, -0.6055118110236221707 ) ) ;
#254 = CARTESIAN_POINT ( 'NONE',  ( 0.4212598425196851237, 0.2303149606299212948, -0.2716535433070865757 ) ) ;
#255 = CARTESIAN_POINT ( 'NONE',  ( -0.4173228346456693827, 0.3070866141732282451, -0.2086614173228346081 ) ) ;
#256 = ORIENTED_EDGE ( 'NONE', *, *, #3750, .T. ) ;
#257 = VERTEX_POINT ( 'NONE', #355 ) ;
#258 = DIRECTION ( 'NONE',  ( 0.0000000000000000000, 0.0000000000000000000, -1.000000000000000000 ) ) ;
#259 = EDGE_CURVE ( 'NONE', #2362, #78, #3209, .T. ) ;
#260 = CARTESIAN_POINT ( 'NONE',  ( -0.4448818897637797365, 0.001771933957542390055, -0.9330708661417322913 ) ) ;
#261 = LINE ( 'NONE', #2328, #4696 ) ;
#262 =( CONVERSION_BASED_UNIT ( 'INCH', #1049 ) LENGTH_UNIT ( ) NAMED_UNIT ( #1991 ) );
#263 = DIRECTION ( 'NONE',  ( 0.0000000000000000000, 0.0000000000000000000, -1.000000000000000000 ) ) ;
#264 = EDGE_LOOP ( 'NONE', ( #4020, #1658, #3054, #5010, #544, #2615 ) ) ;
#265 = ADVANCED_FACE ( 'NONE', ( #1192 ), #4125, .T. ) ;
#266 = FACE_OUTER_BOUND ( 'NONE', #391, .T. ) ;
#267 = VERTEX_POINT ( 'NONE', #2794 ) ;
#268 = VERTEX_POINT ( 'NONE', #2825 ) ;
#269 = FACE_OUTER_BOUND ( 'NONE', #946, .T. ) ;
#270 = ADVANCED_FACE ( 'NONE', ( #378, #1216 ), #2418, .T. ) ;
#271 = UNCERTAINTY_MEASURE_WITH_UNIT (LENGTH_MEASURE( 1.000000000000000082E-05 ), #4857, 'distance_accuracy_value', 'NONE');
#272 = CARTESIAN_POINT ( 'NONE',  ( -0.5000000000000001110, 0.3838582677165353618, -0.2086614173228346636 ) ) ;
#273 = FACE_BOUND ( 'NONE', #4406, .T. ) ;
#274 = DIRECTION ( 'NONE',  ( 0.0000000000000000000, 0.0000000000000000000, -1.000000000000000000 ) ) ;
#275 = ORIENTED_EDGE ( 'NONE', *, *, #1038, .F. ) ;
#276 = EDGE_LOOP ( 'NONE', ( #134, #552, #2183, #3103 ) ) ;
#277 = CIRCLE ( 'NONE', #885, 0.07086614173228344971 ) ;
#278 = DIRECTION ( 'NONE',  ( 0.0000000000000000000, 4.448008912761042820E-16, 1.000000000000000000 ) ) ;
#279 = CARTESIAN_POINT ( 'NONE',  ( 0.4776887431617387603, 0.4393700787401574881, 0.008848995601825804594 ) ) ;
#280 = PLANE ( 'NONE',  #643 ) ;
#281 = AXIS2_PLACEMENT_3D ( 'NONE', #932, #120, #2597 ) ;
#282 = CARTESIAN_POINT ( 'NONE',  ( -0.4448818897637797365, -6.829619984160658046E-17, -0.2952755905511810774 ) ) ;
#283 = ORIENTED_EDGE ( 'NONE', *, *, #3518, .F. ) ;
#284 = ORIENTED_EDGE ( 'NONE', *, *, #79, .T. ) ;
#285 = DIRECTION ( 'NONE',  ( 0.0000000000000000000, -1.000000000000000000, 0.0000000000000000000 ) ) ;
#286 = VECTOR ( 'NONE', #2579, 39.37007874015748143 ) ;
#287 = DIRECTION ( 'NONE',  ( 0.0000000000000000000, 1.112002228190260705E-16, -1.000000000000000000 ) ) ;
#288 = DIRECTION ( 'NONE',  ( -1.239088197126286133E-15, -0.0000000000000000000, -1.000000000000000000 ) ) ;
#289 = PRESENTATION_STYLE_ASSIGNMENT (( #2416 ) ) ;
#290 = AXIS2_PLACEMENT_3D ( 'NONE', #4867, #287, #3983 ) ;
#291 = CARTESIAN_POINT ( 'NONE',  ( -0.4291338582677166058, 0.07086614173228347746, -1.148425196850393792 ) ) ;
#292 = VERTEX_POINT ( 'NONE', #4155 ) ;
#293 = PRESENTATION_LAYER_ASSIGNMENT (  '', '', ( #5377 ) ) ;
#294 = DIRECTION ( 'NONE',  ( 0.0000000000000000000, 0.0000000000000000000, 1.000000000000000000 ) ) ;
#295 = PRESENTATION_STYLE_ASSIGNMENT (( #789 ) ) ;
#296 = STYLED_ITEM ( 'NONE', ( #289 ), #2286 ) ;
#297 = ADVANCED_FACE ( 'NONE', ( #2064 ), #948, .T. ) ;
#298 = ORIENTED_EDGE ( 'NONE', *, *, #2384, .T. ) ;
#299 = CARTESIAN_POINT ( 'NONE',  ( -0.4173228346456693827, 0.3070866141732282451, -0.07086614173228347746 ) ) ;
#300 = CARTESIAN_POINT ( 'NONE',  ( -0.4448818897637797365, 0.05325930726378131502, -0.5708661417322835607 ) ) ;
#301 = VECTOR ( 'NONE', #1130, 39.37007874015748143 ) ;
#302 = CARTESIAN_POINT ( 'NONE',  ( 0.4212598425196851237, 0.0000000000000000000, 0.0000000000000000000 ) ) ;
#303 = DIRECTION ( 'NONE',  ( -1.239088197126286133E-15, 0.0000000000000000000, 1.000000000000000000 ) ) ;
#304 = ORIENTED_EDGE ( 'NONE', *, *, #5164, .F. ) ;
#305 = ORIENTED_EDGE ( 'NONE', *, *, #5194, .T. ) ;
#306 = LINE ( 'NONE', #5356, #5009 ) ;
#307 = CARTESIAN_POINT ( 'NONE',  ( -0.4527559055118111075, 0.0000000000000000000, -1.148425196850393792 ) ) ;
#308 = DIRECTION ( 'NONE',  ( 0.0000000000000000000, 0.0000000000000000000, 1.000000000000000000 ) ) ;
#309 = DIRECTION ( 'NONE',  ( 0.0000000000000000000, 1.000000000000000000, 0.0000000000000000000 ) ) ;
#310 = EDGE_CURVE ( 'NONE', #4199, #1940, #2499, .T. ) ;
#311 = EDGE_LOOP ( 'NONE', ( #4804, #3995, #1328, #857 ) ) ;
#312 = AXIS2_PLACEMENT_3D ( 'NONE', #1719, #3871, #898 ) ;
#313 = EDGE_CURVE ( 'NONE', #78, #1840, #3890, .T. ) ;
#314 = ORIENTED_EDGE ( 'NONE', *, *, #5240, .F. ) ;
#315 = DIRECTION ( 'NONE',  ( 0.0000000000000000000, -1.000000000000000000, 0.0000000000000000000 ) ) ;
#316 = DIRECTION ( 'NONE',  ( 0.0000000000000000000, -4.448008912761042820E-16, -1.000000000000000000 ) ) ;
#317 = VECTOR ( 'NONE', #5199, 39.37007874015748143 ) ;
#318 = DIRECTION ( 'NONE',  ( 0.0000000000000000000, 1.000000000000000000, 0.0000000000000000000 ) ) ;
#319 = CARTESIAN_POINT ( 'NONE',  ( 0.4999999999999998335, -6.829619984160658046E-17, -0.2952755905511811885 ) ) ;
#320 = B_SPLINE_CURVE_WITH_KNOTS ( 'NONE', 3,
 ( #1315, #4676, #907, #2135, #1108, #1475 ),
 .UNSPECIFIED., .F., .F.,
 ( 4, 2, 4 ),
 ( 0.0000000000000000000, 0.0002268481686830070500, 0.0004536963373660141000 ),
 .UNSPECIFIED. ) ;
#321 = AXIS2_PLACEMENT_3D ( 'NONE', #2936, #3777, #4552 ) ;
#322 = DIRECTION ( 'NONE',  ( 1.000000000000000000, 0.0000000000000000000, 0.0000000000000000000 ) ) ;
#323 = VECTOR ( 'NONE', #3884, 39.37007874015748143 ) ;
#324 = CARTESIAN_POINT ( 'NONE',  ( 0.4527559055118111075, 0.5000000000000000000, -0.7834645669291339098 ) ) ;
#325 = ORIENTED_EDGE ( 'NONE', *, *, #949, .T. ) ;
#326 =( NAMED_UNIT ( * ) PLANE_ANGLE_UNIT ( ) SI_UNIT ( $, .RADIAN. ) );
#327 = VECTOR ( 'NONE', #4902, 39.37007874015748143 ) ;
#328 =( GEOMETRIC_REPRESENTATION_CONTEXT ( 3 ) GLOBAL_UNCERTAINTY_ASSIGNED_CONTEXT ( ( #2009 ) ) GLOBAL_UNIT_ASSIGNED_CONTEXT ( ( #2560, #4989, #2450 ) ) REPRESENTATION_CONTEXT ( 'NONE', 'WORKASPACE' ) );
#329 = CARTESIAN_POINT ( 'NONE',  ( 0.4448818897637792924, 0.5000000000000000000, -0.2952755905511810774 ) ) ;
#330 = FILL_AREA_STYLE ('',( #2422 ) ) ;
#331 = CARTESIAN_POINT ( 'NONE',  ( 0.4448818897637792924, -6.829619984160658046E-17, -0.7834645669291339098 ) ) ;
#332 = MANIFOLD_SOLID_BREP ( 'Jog4', #3389 ) ;
#333 = ORIENTED_EDGE ( 'NONE', *, *, #2056, .T. ) ;
#334 = MECHANICAL_DESIGN_GEOMETRIC_PRESENTATION_REPRESENTATION (  '', ( #3294 ), #5145 ) ;
#335 = UNCERTAINTY_MEASURE_WITH_UNIT (LENGTH_MEASURE( 1.000000000000000082E-05 ), #262, 'distance_accuracy_value', 'NONE');
#336 = CARTESIAN_POINT ( 'NONE',  ( -0.4426322985307425961, 0.05124721169631780981, -0.3582677165354331561 ) ) ;
#337 = EDGE_CURVE ( 'NONE', #2671, #2218, #515, .T. ) ;
#338 = LINE ( 'NONE', #3670, #4404 ) ;
#339 = CARTESIAN_POINT ( 'NONE',  ( -0.4356970836099151034, 0.4898052704652088307, 0.09884078434789470013 ) ) ;
#340 = VECTOR ( 'NONE', #1133, 39.37007874015748143 ) ;
#341 = CARTESIAN_POINT ( 'NONE',  ( 0.5000000000000001110, 0.07086614173228344971, 0.0000000000000000000 ) ) ;
#342 = ORIENTED_EDGE ( 'NONE', *, *, #2933, .T. ) ;
#343 = ORIENTED_EDGE ( 'NONE', *, *, #1850, .T. ) ;
#344 = LINE ( 'NONE', #1963, #4306 ) ;
#345 = CARTESIAN_POINT ( 'NONE',  ( 0.4345673344069676536, 0.04769495268324620840, -0.3566629605491568045 ) ) ;
#346 = EDGE_CURVE ( 'NONE', #5261, #3006, #277, .T. ) ;
#347 = CARTESIAN_POINT ( 'NONE',  ( -0.4448818897637797365, 0.05325930726378131502, -0.5078740157480314821 ) ) ;
#348 = PLANE ( 'NONE',  #3253 ) ;
#349 = EDGE_LOOP ( 'NONE', ( #5409, #3923, #3702, #2517 ) ) ;
#350 = ORIENTED_EDGE ( 'NONE', *, *, #622, .F. ) ;
#351 = DIRECTION ( 'NONE',  ( -0.5000000000000019984, 0.0000000000000000000, -0.8660254037844375974 ) ) ;
#352 = CARTESIAN_POINT ( 'NONE',  ( 0.4685039370078740717, 0.3070866141732282451, -0.2086614173228346081 ) ) ;
#353 = EDGE_CURVE ( 'NONE', #3789, #1165, #3863, .T. ) ;
#354 =( NAMED_UNIT ( * ) SI_UNIT ( $, .STERADIAN. ) SOLID_ANGLE_UNIT ( ) );
#355 = CARTESIAN_POINT ( 'NONE',  ( 0.4999999999999998335, 0.5000000000000000000, -0.2952755905511811885 ) ) ;
#356 = ORIENTED_EDGE ( 'NONE', *, *, #3087, .T. ) ;
#357 = DIRECTION ( 'NONE',  ( 0.0000000000000000000, 0.0000000000000000000, 1.000000000000000000 ) ) ;
#358 = ORIENTED_EDGE ( 'NONE', *, *, #652, .T. ) ;
#359 = VERTEX_POINT ( 'NONE', #2610 ) ;
#360 = DIRECTION ( 'NONE',  ( 0.0000000000000000000, 0.0000000000000000000, 1.000000000000000000 ) ) ;
#361 = DIRECTION ( 'NONE',  ( 0.0000000000000000000, -1.000000000000000000, 0.0000000000000000000 ) ) ;
#362 = VERTEX_POINT ( 'NONE', #734 ) ;
#363 = VERTEX_POINT ( 'NONE', #1553 ) ;
#364 = EDGE_CURVE ( 'NONE', #1205, #1311, #344, .T. ) ;
#365 = FACE_OUTER_BOUND ( 'NONE', #2504, .T. ) ;
#366 = B_SPLINE_CURVE_WITH_KNOTS ( 'NONE', 3,
 ( #38, #5026, #3878, #2514, #124, #5052 ),
 .UNSPECIFIED., .F., .F.,
 ( 4, 2, 4 ),
 ( 2.168404344971008868E-19, 0.0002268537248197695301, 0.0004537074496395388434 ),
 .UNSPECIFIED. ) ;
#367 = PLANE ( 'NONE',  #3914 ) ;
#368 = DIRECTION ( 'NONE',  ( -1.000000000000000000, -0.0000000000000000000, -0.0000000000000000000 ) ) ;
#369 = CARTESIAN_POINT ( 'NONE',  ( 0.4291338582677164948, 0.07086614173228342195, -0.3582677165354331006 ) ) ;
#370 = ORIENTED_EDGE ( 'NONE', *, *, #3011, .T. ) ;
#371 = ORIENTED_EDGE ( 'NONE', *, *, #3056, .F. ) ;
#372 = EDGE_CURVE ( 'NONE', #4561, #118, #2401, .T. ) ;
#373 = STYLED_ITEM ( 'NONE', ( #1511 ), #783 ) ;
#374 = CARTESIAN_POINT ( 'NONE',  ( -0.4212598425196851237, 0.3070866141732282451, -0.07086614173228347746 ) ) ;
#375 = VERTEX_POINT ( 'NONE', #3676 ) ;
#376 = EDGE_CURVE ( 'NONE', #2014, #4378, #2347, .T. ) ;
#377 = DIRECTION ( 'NONE',  ( -1.000000000000000000, -0.0000000000000000000, -0.0000000000000000000 ) ) ;
#378 = FACE_OUTER_BOUND ( 'NONE', #4293, .T. ) ;
#379 = ORIENTED_EDGE ( 'NONE', *, *, #3387, .F. ) ;
#380 = APPLICATION_PROTOCOL_DEFINITION ( 'draft international standard', 'automotive_design', 1998, #3905 ) ;
#381 = B_SPLINE_CURVE_WITH_KNOTS ( 'NONE', 3,
 ( #3560, #1822, #5267, #3080, #1409, #4777 ),
 .UNSPECIFIED., .F., .F.,
 ( 4, 2, 4 ),
 ( 2.168404344971008868E-19, 0.0002268537248197685543, 0.0004537074496395368918 ),
 .UNSPECIFIED. ) ;
#382 = VECTOR ( 'NONE', #637, 39.37007874015748143 ) ;
#383 = PLANE ( 'NONE',  #3808 ) ;
#384 = ADVANCED_FACE ( 'NONE', ( #627 ), #2318, .F. ) ;
#385 = EDGE_LOOP ( 'NONE', ( #5362, #766, #3609, #2090, #2696, #4036 ) ) ;
#386 = AXIS2_PLACEMENT_3D ( 'NONE', #1119, #4883, #792 ) ;
#387 = PRESENTATION_STYLE_ASSIGNMENT (( #1330 ) ) ;
#388 = LINE ( 'NONE', #763, #1073 ) ;
#389 = DIRECTION ( 'NONE',  ( 0.0000000000000000000, 0.0000000000000000000, -1.000000000000000000 ) ) ;
#390 = EDGE_LOOP ( 'NONE', ( #1259, #641, #4862, #458, #2755, #2566 ) ) ;
#391 = EDGE_LOOP ( 'NONE', ( #829, #4021, #2870, #3857 ) ) ;
#392 = SURFACE_STYLE_FILL_AREA ( #4139 ) ;
#393 = FACE_OUTER_BOUND ( 'NONE', #1810, .T. ) ;
#394 = LINE ( 'NONE', #4891, #5386 ) ;
#395 = LINE ( 'NONE', #5027, #2897 ) ;
#396 = CIRCLE ( 'NONE', #2296, 0.05642890064205358103 ) ;
#397 = DIRECTION ( 'NONE',  ( 0.0000000000000000000, 0.0000000000000000000, 1.000000000000000000 ) ) ;
#398 = ORIENTED_EDGE ( 'NONE', *, *, #1061, .F. ) ;
#399 = ORIENTED_EDGE ( 'NONE', *, *, #1920, .T. ) ;
#400 = CARTESIAN_POINT ( 'NONE',  ( 0.4400155395743812203, 0.04969976091641836735, -0.9958111113532868153 ) ) ;
#401 = EDGE_CURVE ( 'NONE', #5161, #2818, #224, .T. ) ;
#402 =( NAMED_UNIT ( * ) PLANE_ANGLE_UNIT ( ) SI_UNIT ( $, .RADIAN. ) );
#403 = ADVANCED_BREP_SHAPE_REPRESENTATION ( 'CUI_DEVICES_HSS-B20-0503H', ( #502, #2286, #332, #2126, #2117, #2941 ), #4539 ) ;
#404 = ORIENTED_EDGE ( 'NONE', *, *, #3005, .T. ) ;
#405 = FACE_OUTER_BOUND ( 'NONE', #1358, .T. ) ;
#406 = CARTESIAN_POINT ( 'NONE',  ( 0.4212598425196851237, 0.4393700787401574881, 0.008848995601825804594 ) ) ;
#407 = VECTOR ( 'NONE', #3128, 39.37007874015748143 ) ;
#408 = ORIENTED_EDGE ( 'NONE', *, *, #1920, .F. ) ;
#409 = EDGE_CURVE ( 'NONE', #4525, #4368, #306, .T. ) ;
#410 = AXIS2_PLACEMENT_3D ( 'NONE', #5215, #5273, #987 ) ;
#411 = ORIENTED_EDGE ( 'NONE', *, *, #4044, .T. ) ;
#412 = VECTOR ( 'NONE', #3464, 39.37007874015748143 ) ;
#413 = VECTOR ( 'NONE', #1362, 39.37007874015748143 ) ;
#414 = LINE ( 'NONE', #4162, #4269 ) ;
#415 = ADVANCED_FACE ( 'NONE', ( #3975 ), #2697, .T. ) ;
#416 = DIRECTION ( 'NONE',  ( 0.0000000000000000000, 1.000000000000000000, 0.0000000000000000000 ) ) ;
#417 = EDGE_CURVE ( 'NONE', #3716, #4199, #1935, .T. ) ;
#418 = CYLINDRICAL_SURFACE ( 'NONE', #937, 0.02362204724409448092 ) ;
#419 = CARTESIAN_POINT ( 'NONE',  ( -0.5000000000000004441, 0.5000000000000000000, -0.5078740157480315931 ) ) ;
#420 = ORIENTED_EDGE ( 'NONE', *, *, #4182, .T. ) ;
#421 = AXIS2_PLACEMENT_3D ( 'NONE', #1599, #2448, #3300 ) ;
#422 = ORIENTED_EDGE ( 'NONE', *, *, #243, .F. ) ;
#423 = CARTESIAN_POINT ( 'NONE',  ( -0.3661417322834646382, 0.0000000000000000000, 0.03149606299212598381 ) ) ;
#424 = CARTESIAN_POINT ( 'NONE',  ( 0.4291338582677159397, 0.04724409448818895491, -0.5666464694105334265 ) ) ;
#425 = LINE ( 'NONE', #2084, #125 ) ;
#426 = B_SPLINE_CURVE_WITH_KNOTS ( 'NONE', 3,
 ( #1168, #1118, #1514, #1903 ),
 .UNSPECIFIED., .F., .F.,
 ( 4, 4 ),
 ( 0.0000000000000000000, 0.0004192908035445099078 ),
 .UNSPECIFIED. ) ;
#427 = DIRECTION ( 'NONE',  ( -1.000000000000000000, 0.0000000000000000000, 0.0000000000000000000 ) ) ;
#428 = ORIENTED_EDGE ( 'NONE', *, *, #3589, .T. ) ;
#429 = EDGE_LOOP ( 'NONE', ( #3907, #2876 ) ) ;
#430 = FACE_OUTER_BOUND ( 'NONE', #2946, .T. ) ;
#431 = CARTESIAN_POINT ( 'NONE',  ( 0.4560962723684683917, 0.4393700787401574881, 0.02131541442678966738 ) ) ;
#432 = VERTEX_POINT ( 'NONE', #4888 ) ;
#433 = DIRECTION ( 'NONE',  ( 0.0000000000000000000, 0.0000000000000000000, -1.000000000000000000 ) ) ;
#434 = EDGE_CURVE ( 'NONE', #1380, #976, #1035, .T. ) ;
#435 = LINE ( 'NONE', #863, #941 ) ;
#436 = ORIENTED_EDGE ( 'NONE', *, *, #54, .T. ) ;
#437 = EDGE_CURVE ( 'NONE', #5297, #5261, #4058, .T. ) ;
#438 = VERTEX_POINT ( 'NONE', #4386 ) ;
#439 = CARTESIAN_POINT ( 'NONE',  ( -0.4527559055118111075, 0.3838582677165353618, -0.07086614173228346358 ) ) ;
#440 = LINE ( 'NONE', #2098, #3023 ) ;
#441 = LINE ( 'NONE', #4964, #223 ) ;
#442 = ORIENTED_EDGE ( 'NONE', *, *, #529, .F. ) ;
#443 = ORIENTED_EDGE ( 'NONE', *, *, #2464, .T. ) ;
#444 = EDGE_CURVE ( 'NONE', #3130, #4447, #1882, .T. ) ;
#445 = LINE ( 'NONE', #2080, #194 ) ;
#446 = CARTESIAN_POINT ( 'NONE',  ( 0.4448818897637792924, 0.05325930726378100971, -0.5708661417322835607 ) ) ;
#447 = ORIENTED_EDGE ( 'NONE', *, *, #5360, .F. ) ;
#448 = ORIENTED_EDGE ( 'NONE', *, *, #2959, .F. ) ;
#449 = CARTESIAN_POINT ( 'NONE',  ( 0.4291338582677164948, 0.07086614173228342195, -0.2952755905511810774 ) ) ;
#450 = DIRECTION ( 'NONE',  ( 1.000000000000000000, 0.0000000000000000000, -0.0000000000000000000 ) ) ;
#451 = ORIENTED_EDGE ( 'NONE', *, *, #2174, .F. ) ;
#452 = CYLINDRICAL_SURFACE ( 'NONE', #1106, 0.02362204724409448092 ) ;
#453 = LINE ( 'NONE', #4636, #1889 ) ;
#454 = LINE ( 'NONE', #2119, #1778 ) ;
#455 = VECTOR ( 'NONE', #3335, 39.37007874015748143 ) ;
#456 = LINE ( 'NONE', #3412, #1017 ) ;
#457 = ORIENTED_EDGE ( 'NONE', *, *, #3377, .F. ) ;
#458 = ORIENTED_EDGE ( 'NONE', *, *, #3005, .F. ) ;
#459 = STYLED_ITEM ( 'NONE', ( #4683 ), #910 ) ;
#460 = DIRECTION ( 'NONE',  ( -0.0000000000000000000, -0.0000000000000000000, -1.000000000000000000 ) ) ;
#461 = CARTESIAN_POINT ( 'NONE',  ( -0.4212598425196851237, 0.3838582677165353618, -0.07086614173228346358 ) ) ;
#462 = EDGE_CURVE ( 'NONE', #1204, #651, #4650, .T. ) ;
#463 = DIRECTION ( 'NONE',  ( 0.0000000000000000000, 0.0000000000000000000, 1.000000000000000000 ) ) ;
#464 = VECTOR ( 'NONE', #1033, 39.37007874015748143 ) ;
#465 = ORIENTED_EDGE ( 'NONE', *, *, #5038, .T. ) ;
#466 = EDGE_LOOP ( 'NONE', ( #4958, #4721, #940, #1387 ) ) ;
#467 = CARTESIAN_POINT ( 'NONE',  ( 0.4776887431617387603, 0.3606299212598426118, 0.008848995601825804594 ) ) ;
#468 = VECTOR ( 'NONE', #4931, 39.37007874015748143 ) ;
#469 = CARTESIAN_POINT ( 'NONE',  ( -0.4212598425196851237, 0.4393700787401574881, 0.008848995601825804594 ) ) ;
#470 = FACE_OUTER_BOUND ( 'NONE', #3797, .T. ) ;
#471 = EDGE_CURVE ( 'NONE', #1746, #2811, #445, .T. ) ;
#472 = DIRECTION ( 'NONE',  ( 0.0000000000000000000, 0.0000000000000000000, 1.000000000000000000 ) ) ;
#473 = CARTESIAN_POINT ( 'NONE',  ( -0.4448818897637797365, 0.001771933957542388320, -0.5708661417322835607 ) ) ;
#474 = VERTEX_POINT ( 'NONE', #822 ) ;
#475 = ORIENTED_EDGE ( 'NONE', *, *, #2628, .F. ) ;
#476 = COLOUR_RGB ( '',0.2509803921568627416, 0.2509803921568627416, 0.2509803921568627416 ) ;
#477 = VECTOR ( 'NONE', #2191, 39.37007874015748143 ) ;
#478 = ADVANCED_FACE ( 'NONE', ( #2455 ), #5410, .F. ) ;
#479 = CARTESIAN_POINT ( 'NONE',  ( 0.4291338582677159397, -1.707404996040188547E-17, -0.5120936880697817273 ) ) ;
#480 = ORIENTED_EDGE ( 'NONE', *, *, #2178, .F. ) ;
#481 = CARTESIAN_POINT ( 'NONE',  ( -0.5280404552087514247, 0.3606299212598426118, 0.1459263944151847348 ) ) ;
#482 = FILL_AREA_STYLE_COLOUR ( '', #2976 ) ;
#483 = SURFACE_STYLE_FILL_AREA ( #5424 ) ;
#484 =( NAMED_UNIT ( * ) SI_UNIT ( $, .STERADIAN. ) SOLID_ANGLE_UNIT ( ) );
#485 = CARTESIAN_POINT ( 'NONE',  ( 0.4572895544031854720, 0.4393700787401574881, 0.08637436552293091541 ) ) ;
#486 = VECTOR ( 'NONE', #3700, 39.37007874015748143 ) ;
#487 = ORIENTED_EDGE ( 'NONE', *, *, #207, .F. ) ;
#488 = ORIENTED_EDGE ( 'NONE', *, *, #1132, .F. ) ;
#489 = DIRECTION ( 'NONE',  ( 0.0000000000000000000, 0.0000000000000000000, 1.000000000000000000 ) ) ;
#490 = CARTESIAN_POINT ( 'NONE',  ( 0.4527559055118111075, 0.07086614173228344971, -0.2952755905511810774 ) ) ;
#491 = VECTOR ( 'NONE', #188, 39.37007874015748143 ) ;
#492 = AXIS2_PLACEMENT_3D ( 'NONE', #279, #1582, #2431 ) ;
#493 = LINE ( 'NONE', #3305, #668 ) ;
#494 = CARTESIAN_POINT ( 'NONE',  ( -0.4527559055118111075, 0.4393700787401574881, 0.1822834645669292597 ) ) ;
#495 = LINE ( 'NONE', #1816, #5305 ) ;
#496 = VERTEX_POINT ( 'NONE', #4563 ) ;
#497 = VERTEX_POINT ( 'NONE', #768 ) ;
#498 = COLOUR_RGB ( '',0.7529411764705882248, 0.7529411764705882248, 0.7529411764705882248 ) ;
#499 = PLANE ( 'NONE',  #4130 ) ;
#500 = VECTOR ( 'NONE', #2185, 39.37007874015748143 ) ;
#501 = EDGE_CURVE ( 'NONE', #2436, #1998, #4970, .T. ) ;
#502 = MANIFOLD_SOLID_BREP ( 'Mirror3', #246 ) ;
#503 = CARTESIAN_POINT ( 'NONE',  ( 0.4606299212598428117, 0.3606299212598426118, 0.1822834645669293707 ) ) ;
#504 = DIRECTION ( 'NONE',  ( 0.0000000000000000000, 1.112002228190260705E-16, -1.000000000000000000 ) ) ;
#505 = AXIS2_PLACEMENT_3D ( 'NONE', #583, #4455, #2244 ) ;
#506 = LINE ( 'NONE', #909, #4521 ) ;
#507 = ORIENTED_EDGE ( 'NONE', *, *, #5157, .T. ) ;
#508 = VERTEX_POINT ( 'NONE', #2889 ) ;
#509 = EDGE_CURVE ( 'NONE', #2101, #1908, #2017, .T. ) ;
#510 = LINE ( 'NONE', #3403, #2912 ) ;
#511 = LINE ( 'NONE', #3059, #2199 ) ;
#512 = VECTOR ( 'NONE', #3516, 39.37007874015748143 ) ;
#513 = EDGE_LOOP ( 'NONE', ( #4967, #753, #3194, #1352, #5407, #1499 ) ) ;
#514 = LINE ( 'NONE', #3912, #412 ) ;
#515 = LINE ( 'NONE', #1677, #2883 ) ;
#516 = EDGE_CURVE ( 'NONE', #601, #1782, #4590, .T. ) ;
#517 = CARTESIAN_POINT ( 'NONE',  ( -0.4291338582677166058, 0.0000000000000000000, -1.148425196850393792 ) ) ;
#518 = DIRECTION ( 'NONE',  ( 0.0000000000000000000, 0.0000000000000000000, 1.000000000000000000 ) ) ;
#519 = ORIENTED_EDGE ( 'NONE', *, *, #1821, .T. ) ;
#520 = ORIENTED_EDGE ( 'NONE', *, *, #949, .F. ) ;
#521 = CARTESIAN_POINT ( 'NONE',  ( -0.5000000000000001110, 0.3838582677165353618, -0.07086614173228346358 ) ) ;
#522 = EDGE_LOOP ( 'NONE', ( #5372, #3035, #3342, #5328 ) ) ;
#523 = VERTEX_POINT ( 'NONE', #3792 ) ;
#524 = CARTESIAN_POINT ( 'NONE',  ( 0.4527559055118111075, 0.4393700787401574881, 0.1822834645669292597 ) ) ;
#525 = CARTESIAN_POINT ( 'NONE',  ( 0.5007640645383754086, 0.4393700787401574881, 0.1616744259112477544 ) ) ;
#526 = CARTESIAN_POINT ( 'NONE',  ( 0.5000000000000001110, 0.07086614173228344971, -1.148425196850393792 ) ) ;
#527 = CARTESIAN_POINT ( 'NONE',  ( -0.4527559055118111075, 0.3070866141732282451, -0.07086614173228347746 ) ) ;
#528 = DIRECTION ( 'NONE',  ( 0.0000000000000000000, 0.0000000000000000000, -1.000000000000000000 ) ) ;
#529 = EDGE_CURVE ( 'NONE', #1483, #3083, #5022, .T. ) ;
#530 = ORIENTED_EDGE ( 'NONE', *, *, #4355, .F. ) ;
#531 = ORIENTED_EDGE ( 'NONE', *, *, #5240, .T. ) ;
#532 = DIRECTION ( 'NONE',  ( 0.0000000000000000000, -1.000000000000000000, 4.448008912761042820E-16 ) ) ;
#533 = CARTESIAN_POINT ( 'NONE',  ( 0.4212598425196851237, 0.3070866141732282451, -0.2086614173228346081 ) ) ;
#534 = EDGE_CURVE ( 'NONE', #3185, #24, #852, .T. ) ;
#535 = VERTEX_POINT ( 'NONE', #1690 ) ;
#536 = CARTESIAN_POINT ( 'NONE',  ( 0.3661417322834639165, 0.04724409448818896184, 0.03149606299212598381 ) ) ;
#537 = SURFACE_SIDE_STYLE ('',( #3531 ) ) ;
#538 = CARTESIAN_POINT ( 'NONE',  ( 0.4527559055118111075, 0.3606299212598426118, 0.003937007874015795682 ) ) ;
#539 = EDGE_CURVE ( 'NONE', #3201, #3083, #3364, .T. ) ;
#540 = STYLED_ITEM ( 'NONE', ( #1705 ), #297 ) ;
#541 = CARTESIAN_POINT ( 'NONE',  ( 0.5000000000000001110, 0.5000000000000000000, -1.148425196850393792 ) ) ;
#542 = CARTESIAN_POINT ( 'NONE',  ( 0.4921259842519686845, 0.4393700787401574881, 0.1562437013337370784 ) ) ;
#543 = DIRECTION ( 'NONE',  ( 0.0000000000000000000, 1.000000000000000000, 0.0000000000000000000 ) ) ;
#544 = ORIENTED_EDGE ( 'NONE', *, *, #4257, .T. ) ;
#545 = EDGE_LOOP ( 'NONE', ( #3363, #4554, #3856, #4311 ) ) ;
#546 = AXIS2_PLACEMENT_3D ( 'NONE', #227, #5303, #1939 ) ;
#547 = CARTESIAN_POINT ( 'NONE',  ( 0.5000000000000001110, 0.3838582677165353618, -0.2086614173228346081 ) ) ;
#548 = CARTESIAN_POINT ( 'NONE',  ( 0.4317462034815175986, 0.04724409448818887858, -0.7231838750542273209 ) ) ;
#549 = AXIS2_PLACEMENT_3D ( 'NONE', #369, #1585, #2106 ) ;
#550 = DIRECTION ( 'NONE',  ( 1.000000000000000000, 0.0000000000000000000, 1.927470528863119344E-15 ) ) ;
#551 = ORIENTED_EDGE ( 'NONE', *, *, #5118, .F. ) ;
#552 = ORIENTED_EDGE ( 'NONE', *, *, #3584, .F. ) ;
#553 = VECTOR ( 'NONE', #4853, 39.37007874015748143 ) ;
#554 = CARTESIAN_POINT ( 'NONE',  ( -0.4527559055118111075, 0.0000000000000000000, 0.0000000000000000000 ) ) ;
#555 = EDGE_LOOP ( 'NONE', ( #4740, #3256, #2462, #1587 ) ) ;
#556 = VECTOR ( 'NONE', #1018, 39.37007874015748143 ) ;
#557 = EDGE_CURVE ( 'NONE', #4161, #2023, #4974, .T. ) ;
#558 = DIRECTION ( 'NONE',  ( 0.0000000000000000000, -7.905640841040137320E-17, -1.000000000000000000 ) ) ;
#559 = CARTESIAN_POINT ( 'NONE',  ( -0.4527559055118111075, 0.0000000000000000000, -1.148425196850393792 ) ) ;
#560 = ORIENTED_EDGE ( 'NONE', *, *, #3607, .T. ) ;
#561 = ORIENTED_EDGE ( 'NONE', *, *, #3161, .F. ) ;
#562 = ADVANCED_FACE ( 'NONE', ( #365 ), #1174, .F. ) ;
#563 =( NAMED_UNIT ( * ) SI_UNIT ( $, .STERADIAN. ) SOLID_ANGLE_UNIT ( ) );
#564 = AXIS2_PLACEMENT_3D ( 'NONE', #4286, #2541, #3500 ) ;
#565 = ORIENTED_EDGE ( 'NONE', *, *, #2890, .F. ) ;
#566 = EDGE_LOOP ( 'NONE', ( #3395, #2505, #4751, #204 ) ) ;
#567 = CARTESIAN_POINT ( 'NONE',  ( 0.4685039370078740717, 0.3838582677165353618, -0.2086614173228346636 ) ) ;
#568 = EDGE_CURVE ( 'NONE', #2711, #523, #1747, .T. ) ;
#569 = VECTOR ( 'NONE', #4738, 39.37007874015748143 ) ;
#570 = EDGE_CURVE ( 'NONE', #651, #1413, #3943, .T. ) ;
#571 = CARTESIAN_POINT ( 'NONE',  ( 0.4212598425196851237, 0.2303149606299212671, 0.003937007874015777467 ) ) ;
#572 = CARTESIAN_POINT ( 'NONE',  ( 0.0000000000000000000, 3.112457024031587928E-19, 0.003937007874015795682 ) ) ;
#573 = ORIENTED_EDGE ( 'NONE', *, *, #685, .F. ) ;
#574 = VECTOR ( 'NONE', #285, 39.37007874015748143 ) ;
#575 = VECTOR ( 'NONE', #3793, 39.37007874015748143 ) ;
#576 = ORIENTED_EDGE ( 'NONE', *, *, #1301, .F. ) ;
#577 = CARTESIAN_POINT ( 'NONE',  ( -0.4291338582677166058, -2.408188180309832205E-17, -0.5120936880697816163 ) ) ;
#578 = CIRCLE ( 'NONE', #4352, 0.07086614173228344971 ) ;
#579 = CARTESIAN_POINT ( 'NONE',  ( -0.4173228346456693827, 0.3838582677165353618, -0.2086614173228346636 ) ) ;
#580 = VECTOR ( 'NONE', #791, 39.37007874015748143 ) ;
#581 = LINE ( 'NONE', #3433, #5279 ) ;
#582 = ORIENTED_EDGE ( 'NONE', *, *, #1736, .T. ) ;
#583 = CARTESIAN_POINT ( 'NONE',  ( 0.4448818897637792924, -6.829619984160658046E-17, -0.5078740157480314821 ) ) ;
#584 = CARTESIAN_POINT ( 'NONE',  ( -0.4448818897637797365, 0.5000000000000000000, -0.2952755905511810774 ) ) ;
#585 = CARTESIAN_POINT ( 'NONE',  ( -0.5000000000000004441, 0.5000000000000000000, -0.2952755905511811885 ) ) ;
#586 = VECTOR ( 'NONE', #2878, 39.37007874015748143 ) ;
#587 = FILL_AREA_STYLE ('',( #5229 ) ) ;
#588 = EDGE_CURVE ( 'NONE', #5098, #2284, #4834, .T. ) ;
#589 = LINE ( 'NONE', #4016, #590 ) ;
#590 = VECTOR ( 'NONE', #2740, 39.37007874015748143 ) ;
#591 = CARTESIAN_POINT ( 'NONE',  ( -0.5000000000000001110, 0.0000000000000000000, -1.148425196850393792 ) ) ;
#592 = LINE ( 'NONE', #1898, #4866 ) ;
#593 = EDGE_CURVE ( 'NONE', #496, #650, #97, .T. ) ;
#594 = ORIENTED_EDGE ( 'NONE', *, *, #2964, .F. ) ;
#595 = ORIENTED_EDGE ( 'NONE', *, *, #717, .T. ) ;
#596 = CARTESIAN_POINT ( 'NONE',  ( 0.4291338582677164948, 0.07086614173228342195, 0.0000000000000000000 ) ) ;
#597 = DIRECTION ( 'NONE',  ( 0.0000000000000000000, 0.0000000000000000000, 1.000000000000000000 ) ) ;
#598 = DIRECTION ( 'NONE',  ( 0.0000000000000000000, -1.000000000000000000, 0.0000000000000000000 ) ) ;
#599 = ADVANCED_FACE ( 'NONE', ( #4334 ), #3901, .F. ) ;
#600 = ORIENTED_EDGE ( 'NONE', *, *, #3714, .F. ) ;
#601 = VERTEX_POINT ( 'NONE', #2232 ) ;
#602 = CARTESIAN_POINT ( 'NONE',  ( 0.5000000000000001110, 0.3838582677165353618, -0.07086614173228346358 ) ) ;
#603 = LINE ( 'NONE', #4808, #556 ) ;
#604 = FACE_OUTER_BOUND ( 'NONE', #2359, .T. ) ;
#605 = EDGE_CURVE ( 'NONE', #474, #5316, #1798, .T. ) ;
#606 = ORIENTED_EDGE ( 'NONE', *, *, #1764, .F. ) ;
#607 = ADVANCED_FACE ( 'NONE', ( #1819 ), #3397, .F. ) ;
#608 = EDGE_LOOP ( 'NONE', ( #2763, #2410, #451, #4073 ) ) ;
#609 = DIRECTION ( 'NONE',  ( 0.0000000000000000000, 0.0000000000000000000, -1.000000000000000000 ) ) ;
#610 = DIRECTION ( 'NONE',  ( 0.0000000000000000000, 0.0000000000000000000, 1.000000000000000000 ) ) ;
#611 = FACE_OUTER_BOUND ( 'NONE', #1622, .T. ) ;
#612 = LINE ( 'NONE', #164, #3663 ) ;
#613 = VERTEX_POINT ( 'NONE', #3477 ) ;
#614 = ADVANCED_FACE ( 'NONE', ( #4283 ), #1407, .T. ) ;
#615 = DIRECTION ( 'NONE',  ( 0.0000000000000000000, -1.000000000000000000, 0.0000000000000000000 ) ) ;
#616 = DIRECTION ( 'NONE',  ( -1.000000000000000000, 0.0000000000000000000, 0.0000000000000000000 ) ) ;
#617 = CARTESIAN_POINT ( 'NONE',  ( 0.4527559055118111075, 0.3838582677165353618, -0.07086614173228346358 ) ) ;
#618 = ORIENTED_EDGE ( 'NONE', *, *, #3573, .T. ) ;
#619 = VERTEX_POINT ( 'NONE', #3496 ) ;
#620 = DIRECTION ( 'NONE',  ( 0.0000000000000000000, -1.000000000000000000, -1.112002228190260705E-16 ) ) ;
#621 = CARTESIAN_POINT ( 'NONE',  ( 0.4426322985307421520, 0.05124721169631752532, -0.7204724409448816091 ) ) ;
#622 = EDGE_CURVE ( 'NONE', #1730, #2437, #4775, .T. ) ;
#623 =( NAMED_UNIT ( * ) PLANE_ANGLE_UNIT ( ) SI_UNIT ( $, .RADIAN. ) );
#624 =( GEOMETRIC_REPRESENTATION_CONTEXT ( 3 ) GLOBAL_UNCERTAINTY_ASSIGNED_CONTEXT ( ( #271 ) ) GLOBAL_UNIT_ASSIGNED_CONTEXT ( ( #4857, #4805, #2757 ) ) REPRESENTATION_CONTEXT ( 'NONE', 'WORKASPACE' ) );
#625 = ORIENTED_EDGE ( 'NONE', *, *, #4294, .F. ) ;
#626 = EDGE_LOOP ( 'NONE', ( #2881, #4750, #182, #3179 ) ) ;
#627 = FACE_OUTER_BOUND ( 'NONE', #2236, .T. ) ;
#628 = CARTESIAN_POINT ( 'NONE',  ( 0.4527559055118111075, 0.4665354330708661457, 0.003937007874015758385 ) ) ;
#629 = COLOUR_RGB ( '',0.7529411764705882248, 0.7529411764705882248, 0.7529411764705882248 ) ;
#630 = CARTESIAN_POINT ( 'NONE',  ( -0.4356970836099151034, 0.3606299212598426118, 0.09884078434789470013 ) ) ;
#631 = DIRECTION ( 'NONE',  ( 0.0000000000000000000, 1.000000000000000000, 0.0000000000000000000 ) ) ;
#632 = EDGE_LOOP ( 'NONE', ( #1467, #5090, #457, #4402, #1427, #2836 ) ) ;
#633 = VERTEX_POINT ( 'NONE', #1770 ) ;
#634 =( GEOMETRIC_REPRESENTATION_CONTEXT ( 3 ) GLOBAL_UNCERTAINTY_ASSIGNED_CONTEXT ( ( #1956 ) ) GLOBAL_UNIT_ASSIGNED_CONTEXT ( ( #3261, #3002, #354 ) ) REPRESENTATION_CONTEXT ( 'NONE', 'WORKASPACE' ) );
#635 = CARTESIAN_POINT ( 'NONE',  ( 0.5000000000000001110, 0.5000000000000000000, -1.148425196850393792 ) ) ;
#636 = EDGE_CURVE ( 'NONE', #3041, #2338, #3453, .T. ) ;
#637 = DIRECTION ( 'NONE',  ( 0.0000000000000000000, -1.000000000000000000, 0.0000000000000000000 ) ) ;
#638 = DIRECTION ( 'NONE',  ( -0.0000000000000000000, -0.0000000000000000000, -1.000000000000000000 ) ) ;
#639 = DIRECTION ( 'NONE',  ( 1.000000000000000000, 0.0000000000000000000, -1.239088197126286133E-15 ) ) ;
#640 = AXIS2_PLACEMENT_3D ( 'NONE', #211, #3542, #1454 ) ;
#641 = ORIENTED_EDGE ( 'NONE', *, *, #4542, .T. ) ;
#642 = DIRECTION ( 'NONE',  ( 0.0000000000000000000, 0.0000000000000000000, 1.000000000000000000 ) ) ;
#643 = AXIS2_PLACEMENT_3D ( 'NONE', #2050, #4997, #3623 ) ;
#644 = ORIENTED_EDGE ( 'NONE', *, *, #5411, .F. ) ;
#645 = EDGE_LOOP ( 'NONE', ( #2006, #5141, #2283, #3924 ) ) ;
#646 = LINE ( 'NONE', #4880, #3063 ) ;
#647 = CARTESIAN_POINT ( 'NONE',  ( 0.4527559055118111075, 0.5000000000000000000, -0.9330708661417322913 ) ) ;
#648 = CARTESIAN_POINT ( 'NONE',  ( 0.5000000000000001110, 0.3070866141732282451, -0.07086614173228347746 ) ) ;
#649 = SURFACE_STYLE_USAGE ( .BOTH. , #2723 ) ;
#650 = VERTEX_POINT ( 'NONE', #547 ) ;
#651 = VERTEX_POINT ( 'NONE', #2209 ) ;
#652 = EDGE_CURVE ( 'NONE', #1745, #3041, #4305, .T. ) ;
#653 = AXIS2_PLACEMENT_3D ( 'NONE', #2077, #3761, #7 ) ;
#654 = CARTESIAN_POINT ( 'NONE',  ( -0.5000000000000004441, -6.829619984160658046E-17, -0.9960629921259842590 ) ) ;
#655 = CARTESIAN_POINT ( 'NONE',  ( 0.5000000000000001110, 0.3070866141732282451, -0.2086614173228346081 ) ) ;
#656 = LINE ( 'NONE', #1042, #5117 ) ;
#657 = DIRECTION ( 'NONE',  ( 1.000000000000000000, 0.0000000000000000000, 0.0000000000000000000 ) ) ;
#658 = VECTOR ( 'NONE', #2625, 39.37007874015748143 ) ;
#659 = ORIENTED_EDGE ( 'NONE', *, *, #2546, .T. ) ;
#660 = EDGE_LOOP ( 'NONE', ( #4089, #1297, #325, #4087 ) ) ;
#661 = EDGE_CURVE ( 'NONE', #3446, #4035, #1360, .T. ) ;
#662 = CARTESIAN_POINT ( 'NONE',  ( 0.4288198816980922645, 0.3606299212598426118, 0.03706344592285269746 ) ) ;
#663 = AXIS2_PLACEMENT_3D ( 'NONE', #536, #5062, #2553 ) ;
#664 = AXIS2_PLACEMENT_3D ( 'NONE', #4219, #460, #895 ) ;
#665 = DIRECTION ( 'NONE',  ( 0.0000000000000000000, 0.0000000000000000000, 1.000000000000000000 ) ) ;
#666 = FACE_OUTER_BOUND ( 'NONE', #821, .T. ) ;
#667 = FACE_OUTER_BOUND ( 'NONE', #3528, .T. ) ;
#668 = VECTOR ( 'NONE', #4222, 39.37007874015748143 ) ;
#669 = EDGE_CURVE ( 'NONE', #362, #4803, #2620, .T. ) ;
#670 = LINE ( 'NONE', #1025, #4448 ) ;
#671 = VERTEX_POINT ( 'NONE', #957 ) ;
#672 = VECTOR ( 'NONE', #1917, 39.37007874015748143 ) ;
#673 = CARTESIAN_POINT ( 'NONE',  ( 0.4291338582677159397, 0.04724409448818897572, 0.03149606299212598381 ) ) ;
#674 = ORIENTED_EDGE ( 'NONE', *, *, #4392, .T. ) ;
#675 = VECTOR ( 'NONE', #3919, 39.37007874015748143 ) ;
#676 = ORIENTED_EDGE ( 'NONE', *, *, #1369, .F. ) ;
#677 = DIRECTION ( 'NONE',  ( 0.0000000000000000000, 0.0000000000000000000, 1.000000000000000000 ) ) ;
#678 = DIRECTION ( 'NONE',  ( 0.0000000000000000000, 0.0000000000000000000, 1.000000000000000000 ) ) ;
#679 = CARTESIAN_POINT ( 'NONE',  ( 0.4345559534692972070, 0.04769230170708493866, -0.2968842152698493164 ) ) ;
#680 =( LENGTH_UNIT ( ) NAMED_UNIT ( * ) SI_UNIT ( $, .METRE. ) );
#681 = VERTEX_POINT ( 'NONE', #5155 ) ;
#682 = ORIENTED_EDGE ( 'NONE', *, *, #3204, .F. ) ;
#683 = FACE_OUTER_BOUND ( 'NONE', #956, .T. ) ;
#684 = LINE ( 'NONE', #179, #2826 ) ;
#685 = EDGE_CURVE ( 'NONE', #267, #4325, #1382, .T. ) ;
#686 = CARTESIAN_POINT ( 'NONE',  ( -0.4291338582677166058, 0.07086614173228347746, -1.148425196850393792 ) ) ;
#687 = ORIENTED_EDGE ( 'NONE', *, *, #3974, .T. ) ;
#688 = ORIENTED_EDGE ( 'NONE', *, *, #1559, .F. ) ;
#689 = CARTESIAN_POINT ( 'NONE',  ( -0.4317475460355931216, 0.04724409448816416224, -0.5105846747334064073 ) ) ;
#690 = CARTESIAN_POINT ( 'NONE',  ( 0.4999999999999998335, 0.5000000000000000000, -0.5078740157480315931 ) ) ;
#691 = CARTESIAN_POINT ( 'NONE',  ( 0.4921259842519686845, 0.4393700787401574881, 0.1822834645669293985 ) ) ;
#692 = SURFACE_SIDE_STYLE ('',( #1110 ) ) ;
#693 = EDGE_CURVE ( 'NONE', #2087, #2275, #2972, .T. ) ;
#694 = LINE ( 'NONE', #1477, #1635 ) ;
#695 = ADVANCED_FACE ( 'NONE', ( #4254 ), #499, .T. ) ;
#696 = VERTEX_POINT ( 'NONE', #1140 ) ;
#697 = ORIENTED_EDGE ( 'NONE', *, *, #5131, .T. ) ;
#698 = FACE_OUTER_BOUND ( 'NONE', #3691, .T. ) ;
#699 = CARTESIAN_POINT ( 'NONE',  ( 0.4426332105210574186, 0.05124802740525345041, -0.5708661417322835607 ) ) ;
#700 = CARTESIAN_POINT ( 'NONE',  ( 0.5000000000000001110, 0.07086614173228344971, -1.148425196850393792 ) ) ;
#701 = EDGE_CURVE ( 'NONE', #3446, #170, #646, .T. ) ;
#702 = VERTEX_POINT ( 'NONE', #2779 ) ;
#703 = ORIENTED_EDGE ( 'NONE', *, *, #1524, .F. ) ;
#704 = CARTESIAN_POINT ( 'NONE',  ( -0.4291338582677165503, -2.638297451586050135E-17, -0.7246921132666317433 ) ) ;
#705 = CARTESIAN_POINT ( 'NONE',  ( 0.4291338582677164948, 0.07086614173228342195, 0.0000000000000000000 ) ) ;
#706 = DIRECTION ( 'NONE',  ( -0.0000000000000000000, -0.0000000000000000000, -1.000000000000000000 ) ) ;
#707 = VECTOR ( 'NONE', #1664, 39.37007874015748143 ) ;
#708 = CARTESIAN_POINT ( 'NONE',  ( -0.4685039370078740717, 0.3070866141732282451, -0.2086614173228346081 ) ) ;
#709 = EDGE_LOOP ( 'NONE', ( #2543, #2229, #2041, #1478 ) ) ;
#710 = ORIENTED_EDGE ( 'NONE', *, *, #1597, .T. ) ;
#711 = DIRECTION ( 'NONE',  ( 0.0000000000000000000, 0.0000000000000000000, 1.000000000000000000 ) ) ;
#712 = UNCERTAINTY_MEASURE_WITH_UNIT (LENGTH_MEASURE( 1.000000000000000082E-05 ), #1012, 'distance_accuracy_value', 'NONE');
#713 = LINE ( 'NONE', #1975, #382 ) ;
#714 = CARTESIAN_POINT ( 'NONE',  ( 0.4527559055118111075, 0.07086614173228344971, -0.5708661417322835607 ) ) ;
#715 = AXIS2_PLACEMENT_3D ( 'NONE', #2382, #2355, #4456 ) ;
#716 = CARTESIAN_POINT ( 'NONE',  ( 0.5000000000000001110, 0.07086614173228344971, -1.148425196850393792 ) ) ;
#717 = EDGE_CURVE ( 'NONE', #2362, #1881, #5264, .T. ) ;
#718 = ORIENTED_EDGE ( 'NONE', *, *, #2140, .T. ) ;
#719 = PRESENTATION_LAYER_ASSIGNMENT (  '', '', ( #4845 ) ) ;
#720 = CARTESIAN_POINT ( 'NONE',  ( 0.4356970836099151034, 0.3606299212598426118, 0.09884078434789470013 ) ) ;
#721 = FILL_AREA_STYLE_COLOUR ( '', #75 ) ;
#722 = VECTOR ( 'NONE', #1981, 39.37007874015748143 ) ;
#723 = ORIENTED_EDGE ( 'NONE', *, *, #1307, .F. ) ;
#724 = EDGE_CURVE ( 'NONE', #1311, #3218, #2392, .T. ) ;
#725 = DIRECTION ( 'NONE',  ( 0.0000000000000000000, -1.112002228190260705E-16, 1.000000000000000000 ) ) ;
#726 = CARTESIAN_POINT ( 'NONE',  ( 0.4448818897637792924, 0.05325930726378100971, -0.5708661417322835607 ) ) ;
#727 = AXIS2_PLACEMENT_3D ( 'NONE', #3858, #4268, #1700 ) ;
#728 = CARTESIAN_POINT ( 'NONE',  ( 0.4527559055118111075, 0.4393700787401574881, 0.003937007874015795682 ) ) ;
#729 = LINE ( 'NONE', #1201, #5133 ) ;
#730 = LINE ( 'NONE', #2783, #3192 ) ;
#731 = ORIENTED_EDGE ( 'NONE', *, *, #5217, .T. ) ;
#732 = ORIENTED_EDGE ( 'NONE', *, *, #1771, .T. ) ;
#733 = EDGE_CURVE ( 'NONE', #496, #3390, #4022, .T. ) ;
#734 = CARTESIAN_POINT ( 'NONE',  ( 0.3661417322834639165, 0.04724409448818896184, 0.0000000000000000000 ) ) ;
#735 = CARTESIAN_POINT ( 'NONE',  ( 0.4448818897637792924, 0.05325930726378100971, -0.3582677165354331006 ) ) ;
#736 = DIRECTION ( 'NONE',  ( 1.000000000000000000, 0.0000000000000000000, 0.0000000000000000000 ) ) ;
#737 = CARTESIAN_POINT ( 'NONE',  ( 0.4448818897637792924, 0.5000000000000000000, -0.7204724409448819422 ) ) ;
#738 = B_SPLINE_CURVE_WITH_KNOTS ( 'NONE', 3,
 ( #4041, #3984, #2738, #1423, #1022, #1453 ),
 .UNSPECIFIED., .F., .F.,
 ( 4, 2, 4 ),
 ( 0.0000000000000000000, 0.0002268481686830104381, 0.0004536963373660208763 ),
 .UNSPECIFIED. ) ;
#739 = ORIENTED_EDGE ( 'NONE', *, *, #376, .F. ) ;
#740 = VECTOR ( 'NONE', #638, 39.37007874015748143 ) ;
#741 = ORIENTED_EDGE ( 'NONE', *, *, #1858, .F. ) ;
#742 = ADVANCED_FACE ( 'NONE', ( #698 ), #191, .T. ) ;
#743 = PLANE ( 'NONE',  #2664 ) ;
#744 = PLANE ( 'NONE',  #4856 ) ;
#745 =( GEOMETRIC_REPRESENTATION_CONTEXT ( 3 ) GLOBAL_UNCERTAINTY_ASSIGNED_CONTEXT ( ( #712 ) ) GLOBAL_UNIT_ASSIGNED_CONTEXT ( ( #1012, #3927, #2257 ) ) REPRESENTATION_CONTEXT ( 'NONE', 'WORKASPACE' ) );
#746 = LINE ( 'NONE', #4484, #5018 ) ;
#747 =( GEOMETRIC_REPRESENTATION_CONTEXT ( 3 ) GLOBAL_UNCERTAINTY_ASSIGNED_CONTEXT ( ( #1463 ) ) GLOBAL_UNIT_ASSIGNED_CONTEXT ( ( #103, #831, #2171 ) ) REPRESENTATION_CONTEXT ( 'NONE', 'WORKASPACE' ) );
#748 = DIRECTION ( 'NONE',  ( 0.0000000000000000000, 0.0000000000000000000, 1.000000000000000000 ) ) ;
#749 = FILL_AREA_STYLE ('',( #4459 ) ) ;
#750 = CARTESIAN_POINT ( 'NONE',  ( -0.5000000000000001110, 0.5000000000000000000, -1.148425196850393792 ) ) ;
#751 = CIRCLE ( 'NONE', #664, 0.02362204724409448092 ) ;
#752 = CARTESIAN_POINT ( 'NONE',  ( -0.4291338582677166058, 0.07086614173228347746, -1.148425196850393792 ) ) ;
#753 = ORIENTED_EDGE ( 'NONE', *, *, #3099, .F. ) ;
#754 = CARTESIAN_POINT ( 'NONE',  ( -0.4527559055118111075, 0.0000000000000000000, -0.3582677165354331006 ) ) ;
#755 = PRESENTATION_LAYER_ASSIGNMENT (  '', '', ( #2068 ) ) ;
#756 = MECHANICAL_DESIGN_GEOMETRIC_PRESENTATION_REPRESENTATION (  '', ( #4951 ), #1517 ) ;
#757 = EDGE_CURVE ( 'NONE', #5124, #1840, #2980, .T. ) ;
#758 = LINE ( 'NONE', #4556, #5142 ) ;
#759 = B_SPLINE_CURVE_WITH_KNOTS ( 'NONE', 3,
 ( #950, #1374, #2612, #3513, #1348, #3044 ),
 .UNSPECIFIED., .F., .F.,
 ( 4, 2, 4 ),
 ( 0.0000000000000000000, 0.0002268537248197721322, 0.0004537074496395442644 ),
 .UNSPECIFIED. ) ;
#760 = ORIENTED_EDGE ( 'NONE', *, *, #4691, .F. ) ;
#761 = VERTEX_POINT ( 'NONE', #1088 ) ;
#762 = DIRECTION ( 'NONE',  ( -1.000000000000000000, 0.0000000000000000000, 1.239088197126286133E-15 ) ) ;
#763 = CARTESIAN_POINT ( 'NONE',  ( 0.4527559055118111075, 0.5000000000000000000, -1.148425196850393792 ) ) ;
#764 = ADVANCED_FACE ( 'NONE', ( #269 ), #2364, .T. ) ;
#765 = CARTESIAN_POINT ( 'NONE',  ( -0.4212598425196851237, 0.3070866141732282451, -0.2086614173228346081 ) ) ;
#766 = ORIENTED_EDGE ( 'NONE', *, *, #1742, .F. ) ;
#767 = ORIENTED_EDGE ( 'NONE', *, *, #3838, .T. ) ;
#768 = CARTESIAN_POINT ( 'NONE',  ( -0.4448818897637797365, 0.001771933957542390055, -0.9960629921259843700 ) ) ;
#769 = UNCERTAINTY_MEASURE_WITH_UNIT (LENGTH_MEASURE( 1.000000000000000082E-05 ), #1629, 'distance_accuracy_value', 'NONE');
#770 = CARTESIAN_POINT ( 'NONE',  ( -0.4291338582677165503, 0.04724409448818898266, -0.7792448946073839977 ) ) ;
#771 = CARTESIAN_POINT ( 'NONE',  ( -0.4291338582677166058, 0.07086614173228347746, -1.148425196850393792 ) ) ;
#772 = EDGE_CURVE ( 'NONE', #1789, #5098, #2340, .T. ) ;
#773 = DIRECTION ( 'NONE',  ( 0.0000000000000000000, 0.0000000000000000000, 1.000000000000000000 ) ) ;
#774 = FILL_AREA_STYLE ('',( #2052 ) ) ;
#775 = ORIENTED_EDGE ( 'NONE', *, *, #4383, .F. ) ;
#776 = ORIENTED_EDGE ( 'NONE', *, *, #1462, .F. ) ;
#777 = DIRECTION ( 'NONE',  ( 0.0000000000000000000, 0.0000000000000000000, -1.000000000000000000 ) ) ;
#778 = CARTESIAN_POINT ( 'NONE',  ( -0.4685039370078740717, 0.3070866141732282451, -0.07086614173228347746 ) ) ;
#779 = DIMENSIONAL_EXPONENTS ( 1.000000000000000000, 0.0000000000000000000, 0.0000000000000000000, 0.0000000000000000000, 0.0000000000000000000, 0.0000000000000000000, 0.0000000000000000000 ) ;
#780 = DIRECTION ( 'NONE',  ( 0.0000000000000000000, 0.0000000000000000000, -1.000000000000000000 ) ) ;
#781 = ADVANCED_FACE ( 'NONE', ( #2802 ), #4380, .T. ) ;
#782 = LINE ( 'NONE', #2443, #2809 ) ;
#783 = ADVANCED_FACE ( 'NONE', ( #2718, #4407 ), #5238, .T. ) ;
#784 = DIRECTION ( 'NONE',  ( 0.0000000000000000000, -1.000000000000000000, 4.448008912761042820E-16 ) ) ;
#785 = CARTESIAN_POINT ( 'NONE',  ( -0.4291338582677166058, 0.07086614173228347746, -0.5708661417322835607 ) ) ;
#786 = ORIENTED_EDGE ( 'NONE', *, *, #122, .F. ) ;
#787 = DIRECTION ( 'NONE',  ( 0.0000000000000000000, 4.448008912761042820E-16, 1.000000000000000000 ) ) ;
#788 = DIRECTION ( 'NONE',  ( -0.0000000000000000000, -0.0000000000000000000, -1.000000000000000000 ) ) ;
#789 = SURFACE_STYLE_USAGE ( .BOTH. , #2799 ) ;
#790 = VERTEX_POINT ( 'NONE', #882 ) ;
#791 = DIRECTION ( 'NONE',  ( 0.0000000000000000000, 1.000000000000000000, 0.0000000000000000000 ) ) ;
#792 = DIRECTION ( 'NONE',  ( -0.5000000000000009992, 0.0000000000000000000, -0.8660254037844380415 ) ) ;
#793 = VERTEX_POINT ( 'NONE', #1701 ) ;
#794 = ORIENTED_EDGE ( 'NONE', *, *, #4026, .F. ) ;
#795 = DIRECTION ( 'NONE',  ( 0.5000000000000009992, 0.0000000000000000000, -0.8660254037844380415 ) ) ;
#796 = ADVANCED_FACE ( 'NONE', ( #5392 ), #1650, .F. ) ;
#797 = DIRECTION ( 'NONE',  ( 0.0000000000000000000, 0.0000000000000000000, -1.000000000000000000 ) ) ;
#798 = FACE_BOUND ( 'NONE', #429, .T. ) ;
#799 = CARTESIAN_POINT ( 'NONE',  ( 0.4212598425196851237, 0.3838582677165353618, -0.2086614173228346636 ) ) ;
#800 = ORIENTED_EDGE ( 'NONE', *, *, #4328, .T. ) ;
#801 = ORIENTED_EDGE ( 'NONE', *, *, #588, .T. ) ;
#802 = ADVANCED_FACE ( 'NONE', ( #3715 ), #2902, .F. ) ;
#803 = DIRECTION ( 'NONE',  ( 0.0000000000000000000, 0.0000000000000000000, 1.000000000000000000 ) ) ;
#804 = VECTOR ( 'NONE', #2947, 39.37007874015748143 ) ;
#805 = DIRECTION ( 'NONE',  ( 0.0000000000000000000, 0.0000000000000000000, 1.000000000000000000 ) ) ;
#806 = FACE_OUTER_BOUND ( 'NONE', #5304, .T. ) ;
#807 = VERTEX_POINT ( 'NONE', #479 ) ;
#808 = CARTESIAN_POINT ( 'NONE',  ( 0.4291338582677159397, 0.04724409448818897572, 0.03149606299212598381 ) ) ;
#809 = DIRECTION ( 'NONE',  ( -1.000000000000000000, 0.0000000000000000000, 0.0000000000000000000 ) ) ;
#810 = EDGE_CURVE ( 'NONE', #267, #671, #3318, .T. ) ;
#811 = VERTEX_POINT ( 'NONE', #2142 ) ;
#812 = VECTOR ( 'NONE', #665, 39.37007874015748143 ) ;
#813 = ORIENTED_EDGE ( 'NONE', *, *, #3329, .T. ) ;
#814 = AXIS2_PLACEMENT_3D ( 'NONE', #4329, #1765, #3127 ) ;
#815 = LINE ( 'NONE', #3414, #5138 ) ;
#816 = DIRECTION ( 'NONE',  ( 1.000000000000000000, 0.0000000000000000000, 0.0000000000000000000 ) ) ;
#817 = VECTOR ( 'NONE', #5115, 39.37007874015748143 ) ;
#818 = LINE ( 'NONE', #2479, #1973 ) ;
#819 = CARTESIAN_POINT ( 'NONE',  ( -0.4339674353673064755, 1.241576125617798485E-17, -0.9946339868438315301 ) ) ;
#820 = ORIENTED_EDGE ( 'NONE', *, *, #4119, .T. ) ;
#821 = EDGE_LOOP ( 'NONE', ( #1224, #1955, #4935, #4123 ) ) ;
#822 = CARTESIAN_POINT ( 'NONE',  ( -0.4606299212598428117, 0.4393700787401574881, 0.09884078434789475565 ) ) ;
#823 = AXIS2_PLACEMENT_3D ( 'NONE', #771, #4540, #4972 ) ;
#824 = CARTESIAN_POINT ( 'NONE',  ( 0.4685039370078740717, 0.3838582677165353618, -0.07086614173228346358 ) ) ;
#825 = CARTESIAN_POINT ( 'NONE',  ( 0.4212598425196851237, 0.3838582677165353618, -0.07086614173228346358 ) ) ;
#826 = CARTESIAN_POINT ( 'NONE',  ( 0.4527559055118111075, 0.5000000000000000000, -1.148425196850393792 ) ) ;
#827 = CARTESIAN_POINT ( 'NONE',  ( -0.4291338582677165503, -2.561107494060250157E-17, -0.5666464694105335376 ) ) ;
#828 = ADVANCED_FACE ( 'NONE', ( #806 ), #3349, .F. ) ;
#829 = ORIENTED_EDGE ( 'NONE', *, *, #3043, .T. ) ;
#830 = ORIENTED_EDGE ( 'NONE', *, *, #1657, .T. ) ;
#831 =( NAMED_UNIT ( * ) PLANE_ANGLE_UNIT ( ) SI_UNIT ( $, .RADIAN. ) );
#832 = DIRECTION ( 'NONE',  ( 1.000000000000000000, 0.0000000000000000000, 0.0000000000000000000 ) ) ;
#833 = SURFACE_STYLE_FILL_AREA ( #859 ) ;
#834 = EDGE_CURVE ( 'NONE', #4914, #1849, #5289, .T. ) ;
#835 = ORIENTED_EDGE ( 'NONE', *, *, #313, .F. ) ;
#836 = DIRECTION ( 'NONE',  ( 1.000000000000000000, 0.0000000000000000000, 1.239088197126286133E-15 ) ) ;
#837 = AXIS2_PLACEMENT_3D ( 'NONE', #3796, #14, #4115 ) ;
#838 = DIRECTION ( 'NONE',  ( 0.0000000000000000000, 1.000000000000000000, 0.0000000000000000000 ) ) ;
#839 = EDGE_CURVE ( 'NONE', #1654, #2472, #2932, .T. ) ;
#840 = AXIS2_PLACEMENT_3D ( 'NONE', #4842, #3576, #2247 ) ;
#841 = CIRCLE ( 'NONE', #492, 0.02493283764992759027 ) ;
#842 = ORIENTED_EDGE ( 'NONE', *, *, #3452, .F. ) ;
#843 = AXIS2_PLACEMENT_3D ( 'NONE', #3615, #5295, #1518 ) ;
#844 = VECTOR ( 'NONE', #2914, 39.37007874015748143 ) ;
#845 = CARTESIAN_POINT ( 'NONE',  ( -0.4448818897637797365, 0.5000000000000000000, -0.5078740157480314821 ) ) ;
#846 = CARTESIAN_POINT ( 'NONE',  ( 0.4921259842519687400, 0.4393700787401574881, 0.09884078434789474177 ) ) ;
#847 = FACE_OUTER_BOUND ( 'NONE', #3868, .T. ) ;
#848 = DIRECTION ( 'NONE',  ( 0.0000000000000000000, 0.0000000000000000000, 1.000000000000000000 ) ) ;
#849 = ORIENTED_EDGE ( 'NONE', *, *, #2848, .T. ) ;
#850 = AXIS2_PLACEMENT_3D ( 'NONE', #4957, #5347, #3693 ) ;
#851 = ORIENTED_EDGE ( 'NONE', *, *, #3267, .T. ) ;
#852 = LINE ( 'NONE', #4201, #4921 ) ;
#853 = DIRECTION ( 'NONE',  ( 0.0000000000000000000, 0.0000000000000000000, 1.000000000000000000 ) ) ;
#854 = DIRECTION ( 'NONE',  ( 0.0000000000000000000, 1.000000000000000000, 0.0000000000000000000 ) ) ;
#855 = CARTESIAN_POINT ( 'NONE',  ( 0.03937007874015770181, 3.112457024031587928E-19, 0.1822834645669293707 ) ) ;
#856 = ORIENTED_EDGE ( 'NONE', *, *, #3675, .T. ) ;
#857 = ORIENTED_EDGE ( 'NONE', *, *, #3409, .F. ) ;
#858 = DIRECTION ( 'NONE',  ( 0.0000000000000000000, 4.448008912761042820E-16, 1.000000000000000000 ) ) ;
#859 = FILL_AREA_STYLE ('',( #3802 ) ) ;
#860 = ORIENTED_EDGE ( 'NONE', *, *, #5338, .T. ) ;
#861 = LENGTH_MEASURE_WITH_UNIT ( LENGTH_MEASURE( 0.02539999999999999897 ), #3320 );
#862 = FILL_AREA_STYLE ('',( #482 ) ) ;
#863 = CARTESIAN_POINT ( 'NONE',  ( -0.5000000000000001110, 0.3070866141732282451, -0.07086614173228347746 ) ) ;
#864 = EDGE_CURVE ( 'NONE', #4055, #4339, #4947, .T. ) ;
#865 =( LENGTH_UNIT ( ) NAMED_UNIT ( * ) SI_UNIT ( $, .METRE. ) );
#866 = DIRECTION ( 'NONE',  ( 0.0000000000000000000, 1.000000000000000000, 0.0000000000000000000 ) ) ;
#867 = CARTESIAN_POINT ( 'NONE',  ( -0.4448818897637797365, -6.829619984160658046E-17, -0.5393700787401576324 ) ) ;
#868 = EDGE_CURVE ( 'NONE', #292, #3370, #782, .T. ) ;
#869 = DIRECTION ( 'NONE',  ( 0.0000000000000000000, 0.0000000000000000000, -1.000000000000000000 ) ) ;
#870 = CARTESIAN_POINT ( 'NONE',  ( 0.4448818897637792924, -6.829619984160658046E-17, -0.3582677165354331006 ) ) ;
#871 = ORIENTED_EDGE ( 'NONE', *, *, #772, .F. ) ;
#872 = ORIENTED_EDGE ( 'NONE', *, *, #1228, .F. ) ;
#873 = FILL_AREA_STYLE_COLOUR ( '', #1928 ) ;
#874 = CARTESIAN_POINT ( 'NONE',  ( -0.4448818897637797365, -6.829619984160658046E-17, -0.7204724409448819422 ) ) ;
#875 = DIRECTION ( 'NONE',  ( 1.000000000000000000, 0.0000000000000000000, 0.0000000000000000000 ) ) ;
#876 = PLANE ( 'NONE',  #136 ) ;
#877 = DIRECTION ( 'NONE',  ( 0.0000000000000000000, -1.112002228190260705E-16, 1.000000000000000000 ) ) ;
#878 = VERTEX_POINT ( 'NONE', #3009 ) ;
#879 = ORIENTED_EDGE ( 'NONE', *, *, #1498, .T. ) ;
#880 = PRESENTATION_STYLE_ASSIGNMENT (( #914 ) ) ;
#881 = LINE ( 'NONE', #915, #3454 ) ;
#882 = CARTESIAN_POINT ( 'NONE',  ( -0.5000000000000004441, 0.5000000000000000000, -0.7834645669291339098 ) ) ;
#883 = ORIENTED_EDGE ( 'NONE', *, *, #54, .F. ) ;
#884 = FACE_OUTER_BOUND ( 'NONE', #5206, .T. ) ;
#885 = AXIS2_PLACEMENT_3D ( 'NONE', #3014, #2986, #1299 ) ;
#886 = LENGTH_MEASURE_WITH_UNIT ( LENGTH_MEASURE( 0.02539999999999999897 ), #4953 );
#887 = CARTESIAN_POINT ( 'NONE',  ( -0.4448818897637797365, -6.829619984160658046E-17, -0.7204724409448819422 ) ) ;
#888 = AXIS2_PLACEMENT_3D ( 'NONE', #3077, #2665, #4359 ) ;
#889 = DIRECTION ( 'NONE',  ( -0.0000000000000000000, -0.0000000000000000000, -1.000000000000000000 ) ) ;
#890 = CARTESIAN_POINT ( 'NONE',  ( -0.4291338582677166058, 0.04724409448818897572, 0.03149606299212598381 ) ) ;
#891 = EDGE_CURVE ( 'NONE', #4863, #3938, #581, .T. ) ;
#892 = ORIENTED_EDGE ( 'NONE', *, *, #4202, .F. ) ;
#893 = ORIENTED_EDGE ( 'NONE', *, *, #4294, .T. ) ;
#894 = PRESENTATION_LAYER_ASSIGNMENT (  '', '', ( #1406 ) ) ;
#895 = DIRECTION ( 'NONE',  ( 1.000000000000000000, 0.0000000000000000000, 0.0000000000000000000 ) ) ;
#896 = DIRECTION ( 'NONE',  ( 1.000000000000000000, 0.0000000000000000000, 0.0000000000000000000 ) ) ;
#897 = DIRECTION ( 'NONE',  ( 0.0000000000000000000, 0.0000000000000000000, -1.000000000000000000 ) ) ;
#898 = DIRECTION ( 'NONE',  ( 0.0000000000000000000, 0.0000000000000000000, -1.000000000000000000 ) ) ;
#899 = VECTOR ( 'NONE', #4939, 39.37007874015748143 ) ;
#900 = EDGE_CURVE ( 'NONE', #4217, #761, #1370, .T. ) ;
#901 = ORIENTED_EDGE ( 'NONE', *, *, #5004, .F. ) ;
#902 = ORIENTED_EDGE ( 'NONE', *, *, #3152, .T. ) ;
#903 = DIRECTION ( 'NONE',  ( 1.000000000000000000, 0.0000000000000000000, 0.0000000000000000000 ) ) ;
#904 = DIRECTION ( 'NONE',  ( 0.0000000000000000000, 0.0000000000000000000, 1.000000000000000000 ) ) ;
#905 = VECTOR ( 'NONE', #294, 39.37007874015748143 ) ;
#906 = LINE ( 'NONE', #960, #4414 ) ;
#907 = CARTESIAN_POINT ( 'NONE',  ( -0.4345559534692977621, 0.04769230170708504274, -0.9944543674073164086 ) ) ;
#908 =( CONVERSION_BASED_UNIT ( 'INCH', #961 ) LENGTH_UNIT ( ) NAMED_UNIT ( #5370 ) );
#909 = CARTESIAN_POINT ( 'NONE',  ( 0.4448818897637792924, 0.5000000000000000000, -0.7834645669291339098 ) ) ;
#910 = ADVANCED_FACE ( 'NONE', ( #604, #2263 ), #5085, .F. ) ;
#911 = ORIENTED_EDGE ( 'NONE', *, *, #2838, .T. ) ;
#912 = ORIENTED_EDGE ( 'NONE', *, *, #4899, .T. ) ;
#913 = VECTOR ( 'NONE', #2681, 39.37007874015748143 ) ;
#914 = SURFACE_STYLE_USAGE ( .BOTH. , #80 ) ;
#915 = CARTESIAN_POINT ( 'NONE',  ( 0.4606299212598428117, 0.4393700787401574881, 0.09884078434789475565 ) ) ;
#916 = VECTOR ( 'NONE', #4754, 39.37007874015748143 ) ;
#917 = DIRECTION ( 'NONE',  ( 0.0000000000000000000, 0.0000000000000000000, 1.000000000000000000 ) ) ;
#918 = EDGE_CURVE ( 'NONE', #5073, #4837, #3701, .T. ) ;
#919 = VERTEX_POINT ( 'NONE', #131 ) ;
#920 = CARTESIAN_POINT ( 'NONE',  ( -0.4527559055118111075, 0.5000000000000000000, -0.5078740157480314821 ) ) ;
#921 = FILL_AREA_STYLE ('',( #3807 ) ) ;
#922 = CARTESIAN_POINT ( 'NONE',  ( 0.4527559055118111075, 0.07086614173228344971, -0.7204724409448819422 ) ) ;
#923 = FACE_OUTER_BOUND ( 'NONE', #2333, .T. ) ;
#924 = ORIENTED_EDGE ( 'NONE', *, *, #989, .T. ) ;
#925 = DIRECTION ( 'NONE',  ( 0.0000000000000000000, 0.0000000000000000000, 1.000000000000000000 ) ) ;
#926 = AXIS2_PLACEMENT_3D ( 'NONE', #3411, #1273, #5146 ) ;
#927 = VECTOR ( 'NONE', #4060, 39.37007874015748143 ) ;
#928 = CARTESIAN_POINT ( 'NONE',  ( 0.4999999999999998335, 0.5000000000000000000, -0.9330708661417322913 ) ) ;
#929 = ORIENTED_EDGE ( 'NONE', *, *, #3138, .F. ) ;
#930 = VERTEX_POINT ( 'NONE', #5192 ) ;
#931 = MECHANICAL_DESIGN_GEOMETRIC_PRESENTATION_REPRESENTATION (  '', ( #3373 ), #4960 ) ;
#932 = CARTESIAN_POINT ( 'NONE',  ( 0.4448818897637792924, -6.829619984160658046E-17, -0.7519685039370078705 ) ) ;
#933 = VECTOR ( 'NONE', #1408, 39.37007874015748143 ) ;
#934 = PLANE ( 'NONE',  #4176 ) ;
#935 = ADVANCED_FACE ( 'NONE', ( #2607 ), #4344, .T. ) ;
#936 = DIRECTION ( 'NONE',  ( -1.000000000000000000, 0.0000000000000000000, 0.0000000000000000000 ) ) ;
#937 = AXIS2_PLACEMENT_3D ( 'NONE', #2944, #3417, #1249 ) ;
#938 = DIRECTION ( 'NONE',  ( 0.0000000000000000000, 0.0000000000000000000, -1.000000000000000000 ) ) ;
#939 = EDGE_LOOP ( 'NONE', ( #4926, #4137, #1567, #871, #3491 ) ) ;
#940 = ORIENTED_EDGE ( 'NONE', *, *, #2861, .T. ) ;
#941 = VECTOR ( 'NONE', #2525, 39.37007874015748143 ) ;
#942 = ADVANCED_FACE ( 'NONE', ( #3088 ), #1781, .T. ) ;
#943 = CARTESIAN_POINT ( 'NONE',  ( -0.4291338582677166058, -2.408188180309832205E-17, -0.5120936880697816163 ) ) ;
#944 = LENGTH_MEASURE_WITH_UNIT ( LENGTH_MEASURE( 0.02539999999999999897 ), #3887 );
#945 = AXIS2_PLACEMENT_3D ( 'NONE', #1761, #139, #1788 ) ;
#946 = EDGE_LOOP ( 'NONE', ( #1335, #3818, #166, #3626 ) ) ;
#947 = CARTESIAN_POINT ( 'NONE',  ( -0.4400049300502926752, 0.04969432612316355274, -0.7832110901113386037 ) ) ;
#948 = PLANE ( 'NONE',  #4126 ) ;
#949 = EDGE_CURVE ( 'NONE', #2811, #5316, #3485, .T. ) ;
#950 = CARTESIAN_POINT ( 'NONE',  ( 0.4448818897637792924, 0.05325930726378100971, -0.7834645669291339098 ) ) ;
#951 = ORIENTED_EDGE ( 'NONE', *, *, #4506, .T. ) ;
#952 = ORIENTED_EDGE ( 'NONE', *, *, #757, .T. ) ;
#953 = DIRECTION ( 'NONE',  ( 0.0000000000000000000, 1.000000000000000000, 0.0000000000000000000 ) ) ;
#954 = B_SPLINE_CURVE_WITH_KNOTS ( 'NONE', 3,
 ( #1753, #3432, #4706, #943 ),
 .UNSPECIFIED., .F., .F.,
 ( 4, 4 ),
 ( 4.065758146820641628E-20, 0.0004192908035445021015 ),
 .UNSPECIFIED. ) ;
#955 = VERTEX_POINT ( 'NONE', #2676 ) ;
#956 = EDGE_LOOP ( 'NONE', ( #3487, #5097, #5147, #2596 ) ) ;
#957 = CARTESIAN_POINT ( 'NONE',  ( -0.4527559055118111075, 0.4665354330708661457, -0.2716535433070865757 ) ) ;
#958 = CARTESIAN_POINT ( 'NONE',  ( 0.4999999999999998335, 0.5000000000000000000, -0.7204724409448820532 ) ) ;
#959 = CARTESIAN_POINT ( 'NONE',  ( -0.4448818897637797365, 0.001771933957542388320, -0.5708661417322835607 ) ) ;
#960 = CARTESIAN_POINT ( 'NONE',  ( 0.5000000000000001110, 0.5000000000000000000, -1.148425196850393792 ) ) ;
#961 = LENGTH_MEASURE_WITH_UNIT ( LENGTH_MEASURE( 0.02539999999999999897 ), #4726 );
#962 = DIRECTION ( 'NONE',  ( 1.000000000000000000, 0.0000000000000000000, 1.445602896647339706E-15 ) ) ;
#963 = VERTEX_POINT ( 'NONE', #533 ) ;
#964 = ORIENTED_EDGE ( 'NONE', *, *, #5285, .F. ) ;
#965 = EDGE_CURVE ( 'NONE', #4325, #5220, #4733, .T. ) ;
#966 = DIRECTION ( 'NONE',  ( 1.000000000000000000, 0.0000000000000000000, 0.0000000000000000000 ) ) ;
#967 = ORIENTED_EDGE ( 'NONE', *, *, #3460, .T. ) ;
#968 = EDGE_CURVE ( 'NONE', #1551, #2535, #511, .T. ) ;
#969 = CARTESIAN_POINT ( 'NONE',  ( 0.4291338582677159397, 0.04724409448818895491, -0.7246921132666320764 ) ) ;
#970 = SHAPE_DEFINITION_REPRESENTATION ( #5425, #403 ) ;
#971 = DIRECTION ( 'NONE',  ( 0.0000000000000000000, 0.0000000000000000000, -1.000000000000000000 ) ) ;
#972 = EDGE_CURVE ( 'NONE', #3406, #4578, #2172, .T. ) ;
#973 = ORIENTED_EDGE ( 'NONE', *, *, #1934, .T. ) ;
#974 = VERTEX_POINT ( 'NONE', #255 ) ;
#975 = SURFACE_STYLE_FILL_AREA ( #2274 ) ;
#976 = VERTEX_POINT ( 'NONE', #4809 ) ;
#977 = ORIENTED_EDGE ( 'NONE', *, *, #2890, .T. ) ;
#978 = VECTOR ( 'NONE', #1886, 39.37007874015748143 ) ;
#979 = CARTESIAN_POINT ( 'NONE',  ( -0.5000000000000001110, 0.5000000000000000000, -1.148425196850393792 ) ) ;
#980 = DIRECTION ( 'NONE',  ( 0.0000000000000000000, 1.000000000000000000, 0.0000000000000000000 ) ) ;
#981 = FACE_OUTER_BOUND ( 'NONE', #3021, .T. ) ;
#982 = PRESENTATION_LAYER_ASSIGNMENT (  '', '', ( #2555 ) ) ;
#983 = LENGTH_MEASURE_WITH_UNIT ( LENGTH_MEASURE( 0.02539999999999999897 ), #4625 );
#984 = VERTEX_POINT ( 'NONE', #1099 ) ;
#985 = VERTEX_POINT ( 'NONE', #3141 ) ;
#986 = VECTOR ( 'NONE', #2884, 39.37007874015748143 ) ;
#987 = DIRECTION ( 'NONE',  ( 0.0000000000000000000, 0.0000000000000000000, 1.000000000000000000 ) ) ;
#988 = CARTESIAN_POINT ( 'NONE',  ( -0.4685039370078740717, 0.3838582677165353618, -0.2086614173228346636 ) ) ;
#989 = EDGE_CURVE ( 'NONE', #3112, #681, #3223, .T. ) ;
#990 =( CONVERSION_BASED_UNIT ( 'INCH', #944 ) LENGTH_UNIT ( ) NAMED_UNIT ( #4945 ) );
#991 = VECTOR ( 'NONE', #805, 39.37007874015748143 ) ;
#992 = ORIENTED_EDGE ( 'NONE', *, *, #5200, .T. ) ;
#993 = DIRECTION ( 'NONE',  ( -1.000000000000000000, 0.0000000000000000000, 0.0000000000000000000 ) ) ;
#994 = VECTOR ( 'NONE', #3115, 39.37007874015748143 ) ;
#995 = DIRECTION ( 'NONE',  ( -1.000000000000000000, -0.0000000000000000000, -0.0000000000000000000 ) ) ;
#996 = EDGE_CURVE ( 'NONE', #3089, #1789, #5104, .T. ) ;
#997 = PLANE ( 'NONE',  #2383 ) ;
#998 = PLANE ( 'NONE',  #3095 ) ;
#999 = FACE_OUTER_BOUND ( 'NONE', #4117, .T. ) ;
#1000 = ADVANCED_FACE ( 'NONE', ( #2761 ), #3978, .T. ) ;
#1001 = DIRECTION ( 'NONE',  ( -1.000000000000000000, 0.0000000000000000000, 0.0000000000000000000 ) ) ;
#1002 = COLOUR_RGB ( '',0.7529411764705882248, 0.7529411764705882248, 0.7529411764705882248 ) ;
#1003 = LINE ( 'NONE', #116, #2143 ) ;
#1004 = ORIENTED_EDGE ( 'NONE', *, *, #539, .T. ) ;
#1005 = VERTEX_POINT ( 'NONE', #3569 ) ;
#1006 = CARTESIAN_POINT ( 'NONE',  ( 0.3661417322834639165, 0.04724409448818896184, 0.03149606299212598381 ) ) ;
#1007 = STYLED_ITEM ( 'NONE', ( #74 ), #4223 ) ;
#1008 = VECTOR ( 'NONE', #5059, 39.37007874015748143 ) ;
#1009 = LINE ( 'NONE', #1800, #2316 ) ;
#1010 = ADVANCED_FACE ( 'NONE', ( #4861 ), #4451, .T. ) ;
#1011 = DIRECTION ( 'NONE',  ( -1.000000000000000000, -0.0000000000000000000, -0.0000000000000000000 ) ) ;
#1012 =( CONVERSION_BASED_UNIT ( 'INCH', #983 ) LENGTH_UNIT ( ) NAMED_UNIT ( #1648 ) );
#1013 = ORIENTED_EDGE ( 'NONE', *, *, #2667, .F. ) ;
#1014 = AXIS2_PLACEMENT_3D ( 'NONE', #3135, #1906, #1847 ) ;
#1015 = EDGE_LOOP ( 'NONE', ( #5354, #3861, #314, #4102, #2795, #3709, #3184, #1990, #3967, #5213, #3314, #2618, #1103, #4993, #5207, #2429, #3047, #3191, #222, #3798, #1237, #4168, #2476, #1293, #530, #20 ) ) ;
#1016 = DIRECTION ( 'NONE',  ( 1.000000000000000000, 0.0000000000000000000, 0.0000000000000000000 ) ) ;
#1017 = VECTOR ( 'NONE', #3326, 39.37007874015748143 ) ;
#1018 = DIRECTION ( 'NONE',  ( 0.0000000000000000000, -1.000000000000000000, 0.0000000000000000000 ) ) ;
#1019 = DIRECTION ( 'NONE',  ( 0.0000000000000000000, 1.000000000000000000, 0.0000000000000000000 ) ) ;
#1020 = ORIENTED_EDGE ( 'NONE', *, *, #3780, .T. ) ;
#1021 = FACE_OUTER_BOUND ( 'NONE', #2559, .T. ) ;
#1022 = CARTESIAN_POINT ( 'NONE',  ( 0.4426322985307421520, 0.05124721169631752532, -0.9330708661417324024 ) ) ;
#1023 = LINE ( 'NONE', #3960, #4149 ) ;
#1024 = AXIS2_PLACEMENT_3D ( 'NONE', #867, #2529, #3813 ) ;
#1025 = CARTESIAN_POINT ( 'NONE',  ( 0.4212598425196851237, 0.4665354330708661457, 0.003937007874015758385 ) ) ;
#1026 = ADVANCED_FACE ( 'NONE', ( #1152 ), #4062, .F. ) ;
#1027 = DIRECTION ( 'NONE',  ( -1.000000000000000000, 0.0000000000000000000, 0.0000000000000000000 ) ) ;
#1028 = CARTESIAN_POINT ( 'NONE',  ( 0.4527559055118111075, 0.4665354330708661457, 0.003937007874015758385 ) ) ;
#1029 = ORIENTED_EDGE ( 'NONE', *, *, #568, .F. ) ;
#1030 = ORIENTED_EDGE ( 'NONE', *, *, #1552, .T. ) ;
#1031 = EDGE_CURVE ( 'NONE', #1448, #2864, #2700, .T. ) ;
#1032 = DIRECTION ( 'NONE',  ( 1.000000000000000000, 0.0000000000000000000, 0.0000000000000000000 ) ) ;
#1033 = DIRECTION ( 'NONE',  ( -0.0000000000000000000, -0.0000000000000000000, -1.000000000000000000 ) ) ;
#1034 =( LENGTH_UNIT ( ) NAMED_UNIT ( * ) SI_UNIT ( $, .METRE. ) );
#1035 = B_SPLINE_CURVE_WITH_KNOTS ( 'NONE', 3,
 ( #4909, #1148, #4475, #704 ),
 .UNSPECIFIED., .F., .F.,
 ( 4, 4 ),
 ( 0.0000000000000000000, 0.0004192908035445025352 ),
 .UNSPECIFIED. ) ;
#1036 = ORIENTED_EDGE ( 'NONE', *, *, #4795, .T. ) ;
#1037 = EDGE_LOOP ( 'NONE', ( #860, #2445, #3319, #5019 ) ) ;
#1038 = EDGE_CURVE ( 'NONE', #930, #3406, #1471, .T. ) ;
#1039 = ADVANCED_FACE ( 'NONE', ( #2350 ), #2291, .F. ) ;
#1040 = UNCERTAINTY_MEASURE_WITH_UNIT (LENGTH_MEASURE( 1.000000000000000082E-05 ), #2438, 'distance_accuracy_value', 'NONE');
#1041 = CARTESIAN_POINT ( 'NONE',  ( 0.4173228346456693827, 0.3070866141732282451, -0.07086614173228347746 ) ) ;
#1042 = CARTESIAN_POINT ( 'NONE',  ( 0.4527559055118111075, 0.5000000000000000000, -1.148425196850393792 ) ) ;
#1043 = CARTESIAN_POINT ( 'NONE',  ( 0.5007640645383754086, 0.4393700787401574881, 0.1616744259112477544 ) ) ;
#1044 = ORIENTED_EDGE ( 'NONE', *, *, #2500, .T. ) ;
#1045 = EDGE_LOOP ( 'NONE', ( #1342, #1681, #3529, #4095 ) ) ;
#1046 = CARTESIAN_POINT ( 'NONE',  ( -0.4448818897637797365, 0.05325930726378131502, -0.5078740157480314821 ) ) ;
#1047 = SURFACE_STYLE_FILL_AREA ( #2821 ) ;
#1048 = LINE ( 'NONE', #2706, #3821 ) ;
#1049 = LENGTH_MEASURE_WITH_UNIT ( LENGTH_MEASURE( 0.02539999999999999897 ), #4898 );
#1050 = LINE ( 'NONE', #2683, #2330 ) ;
#1051 = ORIENTED_EDGE ( 'NONE', *, *, #3838, .F. ) ;
#1052 = LINE ( 'NONE', #2713, #3444 ) ;
#1053 = EDGE_CURVE ( 'NONE', #4178, #2480, #2717, .T. ) ;
#1054 = DIRECTION ( 'NONE',  ( 0.5000000000000006661, 0.0000000000000000000, 0.8660254037844382635 ) ) ;
#1055 = ORIENTED_EDGE ( 'NONE', *, *, #1158, .F. ) ;
#1056 = ORIENTED_EDGE ( 'NONE', *, *, #1220, .T. ) ;
#1057 = CARTESIAN_POINT ( 'NONE',  ( 0.4173228346456693827, 0.0000000000000000000, 0.0000000000000000000 ) ) ;
#1058 = MECHANICAL_DESIGN_GEOMETRIC_PRESENTATION_REPRESENTATION (  '', ( #373 ), #4490 ) ;
#1059 = FACE_OUTER_BOUND ( 'NONE', #1015, .T. ) ;
#1060 = LINE ( 'NONE', #4361, #4319 ) ;
#1061 = EDGE_CURVE ( 'NONE', #359, #2663, #5099, .T. ) ;
#1062 = AXIS2_PLACEMENT_3D ( 'NONE', #1911, #2405, #3592 ) ;
#1063 = ORIENTED_EDGE ( 'NONE', *, *, #5122, .T. ) ;
#1064 = ORIENTED_EDGE ( 'NONE', *, *, #2827, .T. ) ;
#1065 = SURFACE_STYLE_FILL_AREA ( #3220 ) ;
#1066 = CARTESIAN_POINT ( 'NONE',  ( 0.4845659450735614882, 0.4393700787401574881, 0.07062633402686788187 ) ) ;
#1067 = CIRCLE ( 'NONE', #549, 0.02362204724409448092 ) ;
#1068 = DIRECTION ( 'NONE',  ( 0.0000000000000000000, 0.0000000000000000000, 1.000000000000000000 ) ) ;
#1069 = EDGE_CURVE ( 'NONE', #1484, #1721, #4034, .T. ) ;
#1070 = DIRECTION ( 'NONE',  ( 0.0000000000000000000, 0.0000000000000000000, 1.000000000000000000 ) ) ;
#1071 = ORIENTED_EDGE ( 'NONE', *, *, #1389, .T. ) ;
#1072 = ORIENTED_EDGE ( 'NONE', *, *, #834, .T. ) ;
#1073 = VECTOR ( 'NONE', #361, 39.37007874015748143 ) ;
#1074 = CARTESIAN_POINT ( 'NONE',  ( -0.4291338582677166058, -2.561107494060250465E-17, -0.3540480442136830774 ) ) ;
#1075 = CARTESIAN_POINT ( 'NONE',  ( 0.4685039370078740717, 0.3070866141732282451, -0.07086614173228347746 ) ) ;
#1076 = DIRECTION ( 'NONE',  ( -1.000000000000000000, 0.0000000000000000000, 1.927470528863119344E-15 ) ) ;
#1077 = AXIS2_PLACEMENT_3D ( 'NONE', #4046, #1921, #2797 ) ;
#1078 = DIRECTION ( 'NONE',  ( 0.0000000000000000000, -1.000000000000000000, 0.0000000000000000000 ) ) ;
#1079 = CARTESIAN_POINT ( 'NONE',  ( 0.4448818897637792924, -6.829619984160658046E-17, -0.5393700787401576324 ) ) ;
#1080 = MECHANICAL_DESIGN_GEOMETRIC_PRESENTATION_REPRESENTATION (  '', ( #3166 ), #2562 ) ;
#1081 = ORIENTED_EDGE ( 'NONE', *, *, #3204, .T. ) ;
#1082 = SURFACE_STYLE_FILL_AREA ( #2773 ) ;
#1083 = AXIS2_PLACEMENT_3D ( 'NONE', #1612, #2484, #2019 ) ;
#1084 = CARTESIAN_POINT ( 'NONE',  ( -0.5000000000000001110, 0.3070866141732282451, -0.2086614173228346081 ) ) ;
#1085 = CARTESIAN_POINT ( 'NONE',  ( -0.4212598425196851237, 0.3070866141732282451, -0.2086614173228346081 ) ) ;
#1086 = ORIENTED_EDGE ( 'NONE', *, *, #1136, .F. ) ;
#1087 = ORIENTED_EDGE ( 'NONE', *, *, #3452, .T. ) ;
#1088 = CARTESIAN_POINT ( 'NONE',  ( -0.4527559055118111075, 0.07086614173228347746, -0.7204724409448819422 ) ) ;
#1089 = PRODUCT_DEFINITION ( 'UNKNOWN', '', #5322, #4111 ) ;
#1090 = DIRECTION ( 'NONE',  ( -0.0000000000000000000, -0.0000000000000000000, -1.000000000000000000 ) ) ;
#1091 = CARTESIAN_POINT ( 'NONE',  ( -0.3661417322834646382, 0.04724409448818897572, 0.03149606299212598381 ) ) ;
#1092 = DIRECTION ( 'NONE',  ( 0.0000000000000000000, 0.0000000000000000000, 1.000000000000000000 ) ) ;
#1093 = ORIENTED_EDGE ( 'NONE', *, *, #5285, .T. ) ;
#1094 = ORIENTED_EDGE ( 'NONE', *, *, #1926, .F. ) ;
#1095 = AXIS2_PLACEMENT_3D ( 'NONE', #2565, #4251, #2995 ) ;
#1096 = EDGE_CURVE ( 'NONE', #82, #2817, #4045, .T. ) ;
#1097 = DIRECTION ( 'NONE',  ( 0.0000000000000000000, -1.000000000000000000, 0.0000000000000000000 ) ) ;
#1098 = DIRECTION ( 'NONE',  ( 0.0000000000000000000, 0.0000000000000000000, 1.000000000000000000 ) ) ;
#1099 = CARTESIAN_POINT ( 'NONE',  ( 0.5000000000000001110, 0.07086614173228342195, -0.7834645669291339098 ) ) ;
#1100 = CIRCLE ( 'NONE', #926, 0.03149606299212606708 ) ;
#1101 = AXIS2_PLACEMENT_3D ( 'NONE', #3677, #3736, #3197 ) ;
#1102 = ORIENTED_EDGE ( 'NONE', *, *, #2313, .F. ) ;
#1103 = ORIENTED_EDGE ( 'NONE', *, *, #4663, .F. ) ;
#1104 = CARTESIAN_POINT ( 'NONE',  ( 0.4291338582677159397, 0.04724409448818895491, -0.5120936880697817273 ) ) ;
#1105 = EDGE_CURVE ( 'NONE', #5316, #3130, #4753, .T. ) ;
#1106 = AXIS2_PLACEMENT_3D ( 'NONE', #3062, #52, #2630 ) ;
#1107 = VECTOR ( 'NONE', #3822, 39.37007874015748143 ) ;
#1108 = CARTESIAN_POINT ( 'NONE',  ( -0.4426322985307425961, 0.05124721169631780981, -0.9960629921259843700 ) ) ;
#1109 = DIRECTION ( 'NONE',  ( 0.0000000000000000000, 0.0000000000000000000, -1.000000000000000000 ) ) ;
#1110 = SURFACE_STYLE_FILL_AREA ( #1537 ) ;
#1111 = DIRECTION ( 'NONE',  ( 0.0000000000000000000, 0.0000000000000000000, 1.000000000000000000 ) ) ;
#1112 = LINE ( 'NONE', #2774, #2491 ) ;
#1113 = LINE ( 'NONE', #4987, #327 ) ;
#1114 = CARTESIAN_POINT ( 'NONE',  ( 0.4448818897637792924, 0.05325930726378100971, -0.9330708661417322913 ) ) ;
#1115 = ORIENTED_EDGE ( 'NONE', *, *, #2989, .F. ) ;
#1116 = CLOSED_SHELL ( 'NONE', ( #1691, #3346, #4166, #1323, #2179, #3787, #4865, #1625, #4524, #3765 ) ) ;
#1117 = ORIENTED_EDGE ( 'NONE', *, *, #4708, .T. ) ;
#1118 = CARTESIAN_POINT ( 'NONE',  ( 0.4394402068000676786, 0.0005316593026319618893, -0.7834645669291339098 ) ) ;
#1119 = CARTESIAN_POINT ( 'NONE',  ( 0.5280404552087514247, 0.3606299212598426118, 0.1459263944151847348 ) ) ;
#1120 = PLANE ( 'NONE',  #3550 ) ;
#1121 = VERTEX_POINT ( 'NONE', #1526 ) ;
#1122 = ORIENTED_EDGE ( 'NONE', *, *, #2288, .T. ) ;
#1123 = DIRECTION ( 'NONE',  ( 0.0000000000000000000, 0.0000000000000000000, 1.000000000000000000 ) ) ;
#1124 = CARTESIAN_POINT ( 'NONE',  ( 0.4394393639245638417, 0.0005314671934753490085, -0.7204724409448818312 ) ) ;
#1125 = CARTESIAN_POINT ( 'NONE',  ( -0.4685039370078740717, 0.3838582677165353618, -0.07086614173228346358 ) ) ;
#1126 = EDGE_CURVE ( 'NONE', #1696, #4277, #3200, .T. ) ;
#1127 = ORIENTED_EDGE ( 'NONE', *, *, #2660, .F. ) ;
#1128 = ORIENTED_EDGE ( 'NONE', *, *, #3371, .T. ) ;
#1129 = SURFACE_STYLE_USAGE ( .BOTH. , #4547 ) ;
#1130 = DIRECTION ( 'NONE',  ( 0.0000000000000000000, -1.000000000000000000, 0.0000000000000000000 ) ) ;
#1131 = DIRECTION ( 'NONE',  ( -0.5000000000000005551, 0.0000000000000000000, -0.8660254037844383745 ) ) ;
#1132 = EDGE_CURVE ( 'NONE', #362, #4574, #1968, .T. ) ;
#1133 = DIRECTION ( 'NONE',  ( -1.000000000000000000, 0.0000000000000000000, 0.0000000000000000000 ) ) ;
#1134 = ORIENTED_EDGE ( 'NONE', *, *, #2366, .F. ) ;
#1135 = LENGTH_MEASURE_WITH_UNIT ( LENGTH_MEASURE( 0.02539999999999999897 ), #1507 );
#1136 = EDGE_CURVE ( 'NONE', #3751, #432, #119, .T. ) ;
#1137 = DIRECTION ( 'NONE',  ( 0.0000000000000000000, 1.000000000000000000, 0.0000000000000000000 ) ) ;
#1138 = PRESENTATION_STYLE_ASSIGNMENT (( #1983 ) ) ;
#1139 = ORIENTED_EDGE ( 'NONE', *, *, #2848, .F. ) ;
#1140 = CARTESIAN_POINT ( 'NONE',  ( -0.5000000000000004441, 0.07086614173228344971, -0.7204724409448819422 ) ) ;
#1141 = UNCERTAINTY_MEASURE_WITH_UNIT (LENGTH_MEASURE( 1.000000000000000082E-05 ), #1302, 'distance_accuracy_value', 'NONE');
#1142 = CARTESIAN_POINT ( 'NONE',  ( 0.4291338582677158842, 0.04724409448818895491, -0.9372905384634825365 ) ) ;
#1143 = CARTESIAN_POINT ( 'NONE',  ( 0.4291338582677162172, 0.04724409448818897572, -0.2994952628729311561 ) ) ;
#1144 = ADVANCED_FACE ( 'NONE', ( #1446 ), #3116, .T. ) ;
#1145 = CARTESIAN_POINT ( 'NONE',  ( -0.5000000000000001110, 0.0000000000000000000, -1.148425196850393792 ) ) ;
#1146 = ORIENTED_EDGE ( 'NONE', *, *, #733, .T. ) ;
#1147 = ORIENTED_EDGE ( 'NONE', *, *, #207, .T. ) ;
#1148 = CARTESIAN_POINT ( 'NONE',  ( -0.4394402068000682338, 0.0005316593026320771400, -0.7204724409448818312 ) ) ;
#1149 = CARTESIAN_POINT ( 'NONE',  ( 0.4212598425196851237, 0.4665354330708661457, 0.003937007874015758385 ) ) ;
#1150 = DIRECTION ( 'NONE',  ( 0.0000000000000000000, 0.0000000000000000000, -1.000000000000000000 ) ) ;
#1151 = VECTOR ( 'NONE', #171, 39.37007874015748143 ) ;
#1152 = FACE_OUTER_BOUND ( 'NONE', #5287, .T. ) ;
#1153 = VERTEX_POINT ( 'NONE', #1290 ) ;
#1154 = ORIENTED_EDGE ( 'NONE', *, *, #2874, .F. ) ;
#1155 = FACE_OUTER_BOUND ( 'NONE', #3172, .T. ) ;
#1156 = AXIS2_PLACEMENT_3D ( 'NONE', #1346, #1392, #2982 ) ;
#1157 = UNCERTAINTY_MEASURE_WITH_UNIT (LENGTH_MEASURE( 1.000000000000000082E-05 ), #2693, 'distance_accuracy_value', 'NONE');
#1158 = EDGE_CURVE ( 'NONE', #4035, #1245, #39, .T. ) ;
#1159 = CARTESIAN_POINT ( 'NONE',  ( -0.4448818897637797365, 0.001771933957542390055, -0.9330708661417322913 ) ) ;
#1160 = AXIS2_PLACEMENT_3D ( 'NONE', #4840, #3597, #2327 ) ;
#1161 = CARTESIAN_POINT ( 'NONE',  ( 0.4999999999999998335, -6.829619984160658046E-17, -0.5078740157480315931 ) ) ;
#1162 = ORIENTED_EDGE ( 'NONE', *, *, #2230, .T. ) ;
#1163 = VECTOR ( 'NONE', #3330, 39.37007874015748143 ) ;
#1164 = EDGE_CURVE ( 'NONE', #2472, #1519, #2950, .T. ) ;
#1165 = VERTEX_POINT ( 'NONE', #3340 ) ;
#1166 = VERTEX_POINT ( 'NONE', #826 ) ;
#1167 = EDGE_CURVE ( 'NONE', #3703, #2785, #1067, .T. ) ;
#1168 = CARTESIAN_POINT ( 'NONE',  ( 0.4448818897637792924, 0.001771933957542273178, -0.7834645669291339098 ) ) ;
#1169 = AXIS2_PLACEMENT_3D ( 'NONE', #5165, #1068, #2729 ) ;
#1170 = DIRECTION ( 'NONE',  ( 1.000000000000000000, 0.0000000000000000000, 0.0000000000000000000 ) ) ;
#1171 = PLANE ( 'NONE',  #2395 ) ;
#1172 = ORIENTED_EDGE ( 'NONE', *, *, #4024, .T. ) ;
#1173 = ORIENTED_EDGE ( 'NONE', *, *, #192, .F. ) ;
#1174 = CYLINDRICAL_SURFACE ( 'NONE', #888, 0.02362204724409448092 ) ;
#1175 = ADVANCED_FACE ( 'NONE', ( #3738 ), #2021, .F. ) ;
#1176 = B_SPLINE_CURVE_WITH_KNOTS ( 'NONE', 3,
 ( #5112, #3488, #5169, #4735 ),
 .UNSPECIFIED., .F., .F.,
 ( 4, 4 ),
 ( 0.0000000000000000000, 0.0004192908035445096367 ),
 .UNSPECIFIED. ) ;
#1177 = CARTESIAN_POINT ( 'NONE',  ( -0.5000000000000001110, 0.5000000000000000000, -1.148425196850393792 ) ) ;
#1178 = LINE ( 'NONE', #1966, #3084 ) ;
#1179 = CARTESIAN_POINT ( 'NONE',  ( -0.4448818897637797365, -6.829619984160658046E-17, -0.5393700787401576324 ) ) ;
#1180 = DIRECTION ( 'NONE',  ( 0.0000000000000000000, 1.000000000000000000, 0.0000000000000000000 ) ) ;
#1181 = ORIENTED_EDGE ( 'NONE', *, *, #1164, .F. ) ;
#1182 = VECTOR ( 'NONE', #3073, 39.37007874015748143 ) ;
#1183 = VERTEX_POINT ( 'NONE', #3255 ) ;
#1184 = FACE_OUTER_BOUND ( 'NONE', #626, .T. ) ;
#1185 = AXIS2_PLACEMENT_3D ( 'NONE', #3457, #1340, #962 ) ;
#1186 = CARTESIAN_POINT ( 'NONE',  ( -0.4776887431617387603, 0.4393700787401574881, 0.008848995601825804594 ) ) ;
#1187 = VECTOR ( 'NONE', #2979, 39.37007874015748143 ) ;
#1188 = CARTESIAN_POINT ( 'NONE',  ( 0.4345559534692971515, 0.04769230170708489008, -0.5094826404666998876 ) ) ;
#1189 = PRESENTATION_LAYER_ASSIGNMENT (  '', '', ( #3373 ) ) ;
#1190 = PLANE ( 'NONE',  #4705 ) ;
#1191 = VECTOR ( 'NONE', #98, 39.37007874015748143 ) ;
#1192 = FACE_OUTER_BOUND ( 'NONE', #5178, .T. ) ;
#1193 = ORIENTED_EDGE ( 'NONE', *, *, #88, .F. ) ;
#1194 = VECTOR ( 'NONE', #3259, 39.37007874015748143 ) ;
#1195 = CARTESIAN_POINT ( 'NONE',  ( 0.4291338582677159397, 0.04724409448818895491, -0.7792448946073836646 ) ) ;
#1196 = ADVANCED_FACE ( 'NONE', ( #1208 ), #3368, .T. ) ;
#1197 = EDGE_LOOP ( 'NONE', ( #697, #3213, #480, #1094 ) ) ;
#1198 = VECTOR ( 'NONE', #3348, 39.37007874015748143 ) ;
#1199 = CARTESIAN_POINT ( 'NONE',  ( 0.4527559055118111075, 0.5000000000000000000, -0.7834645669291339098 ) ) ;
#1200 = CARTESIAN_POINT ( 'NONE',  ( -0.4921259842519686845, 0.3606299212598426118, 0.1822834645669293985 ) ) ;
#1201 = CARTESIAN_POINT ( 'NONE',  ( -0.4527559055118111075, 0.07086614173228347746, -1.148425196850393792 ) ) ;
#1202 = CARTESIAN_POINT ( 'NONE',  ( -0.4448818897637797365, 0.001771933957542390055, -0.9960629921259843700 ) ) ;
#1203 = EDGE_CURVE ( 'NONE', #2864, #807, #31, .T. ) ;
#1204 = VERTEX_POINT ( 'NONE', #4174 ) ;
#1205 = VERTEX_POINT ( 'NONE', #2540 ) ;
#1206 = DIRECTION ( 'NONE',  ( 0.0000000000000000000, 1.000000000000000000, 0.0000000000000000000 ) ) ;
#1207 = DIRECTION ( 'NONE',  ( -1.000000000000000000, -0.0000000000000000000, -0.0000000000000000000 ) ) ;
#1208 = FACE_OUTER_BOUND ( 'NONE', #2042, .T. ) ;
#1209 = EDGE_CURVE ( 'NONE', #2701, #1887, #425, .T. ) ;
#1210 = VERTEX_POINT ( 'NONE', #799 ) ;
#1211 = ORIENTED_EDGE ( 'NONE', *, *, #810, .F. ) ;
#1212 = CYLINDRICAL_SURFACE ( 'NONE', #4082, 0.06299212598425199539 ) ;
#1213 = DIRECTION ( 'NONE',  ( 1.000000000000000000, 0.0000000000000000000, 1.239088197126286133E-15 ) ) ;
#1214 = ORIENTED_EDGE ( 'NONE', *, *, #3093, .T. ) ;
#1215 = CARTESIAN_POINT ( 'NONE',  ( 0.4448818897637792924, 0.5000000000000000000, -0.3582677165354331006 ) ) ;
#1216 = FACE_BOUND ( 'NONE', #3098, .T. ) ;
#1217 = EDGE_LOOP ( 'NONE', ( #3720, #551, #4799, #4303, #1172, #2110 ) ) ;
#1218 = CARTESIAN_POINT ( 'NONE',  ( 0.4527559055118109410, 0.07086614173228343583, 0.0000000000000000000 ) ) ;
#1219 = EDGE_LOOP ( 'NONE', ( #1540, #3289, #1689, #2121 ) ) ;
#1220 = EDGE_CURVE ( 'NONE', #1645, #3249, #2923, .T. ) ;
#1221 = DIRECTION ( 'NONE',  ( 0.0000000000000000000, 0.0000000000000000000, 1.000000000000000000 ) ) ;
#1222 = LINE ( 'NONE', #2563, #3648 ) ;
#1223 = DIRECTION ( 'NONE',  ( 1.000000000000000000, 0.0000000000000000000, 0.0000000000000000000 ) ) ;
#1224 = ORIENTED_EDGE ( 'NONE', *, *, #2066, .T. ) ;
#1225 = ORIENTED_EDGE ( 'NONE', *, *, #444, .F. ) ;
#1226 = DIMENSIONAL_EXPONENTS ( 1.000000000000000000, 0.0000000000000000000, 0.0000000000000000000, 0.0000000000000000000, 0.0000000000000000000, 0.0000000000000000000, 0.0000000000000000000 ) ;
#1227 = CARTESIAN_POINT ( 'NONE',  ( -0.4291338582677166058, 0.04724409448818897572, -1.148425196850393792 ) ) ;
#1228 = EDGE_CURVE ( 'NONE', #1519, #2521, #395, .T. ) ;
#1229 = DIRECTION ( 'NONE',  ( 1.000000000000000000, 0.0000000000000000000, 0.0000000000000000000 ) ) ;
#1230 = DIRECTION ( 'NONE',  ( 0.0000000000000000000, 0.0000000000000000000, 1.000000000000000000 ) ) ;
#1231 = ORIENTED_EDGE ( 'NONE', *, *, #4859, .F. ) ;
#1232 = ORIENTED_EDGE ( 'NONE', *, *, #2390, .F. ) ;
#1233 = LINE ( 'NONE', #2899, #301 ) ;
#1234 = VECTOR ( 'NONE', #11, 39.37007874015748143 ) ;
#1235 = ADVANCED_FACE ( 'NONE', ( #5385 ), #348, .F. ) ;
#1236 = CARTESIAN_POINT ( 'NONE',  ( 0.4291338582677159397, 0.04724409448818895491, -0.5120936880697817273 ) ) ;
#1237 = ORIENTED_EDGE ( 'NONE', *, *, #259, .T. ) ;
#1238 = COLOUR_RGB ( '',0.7529411764705882248, 0.7529411764705882248, 0.7529411764705882248 ) ;
#1239 = LINE ( 'NONE', #406, #3565 ) ;
#1240 = ORIENTED_EDGE ( 'NONE', *, *, #2524, .T. ) ;
#1241 = B_SPLINE_CURVE_WITH_KNOTS ( 'NONE', 3,
 ( #2528, #3811, #3386, #5066 ),
 .UNSPECIFIED., .F., .F.,
 ( 4, 4 ),
 ( 0.0000000000000000000, 0.0004192908035445096909 ),
 .UNSPECIFIED. ) ;
#1242 = VECTOR ( 'NONE', #4040, 39.37007874015748143 ) ;
#1243 = SURFACE_STYLE_USAGE ( .BOTH. , #2911 ) ;
#1244 = LINE ( 'NONE', #2961, #2591 ) ;
#1245 = VERTEX_POINT ( 'NONE', #4973 ) ;
#1246 = CIRCLE ( 'NONE', #36, 0.03149606299212606708 ) ;
#1247 = LINE ( 'NONE', #2073, #844 ) ;
#1248 = CARTESIAN_POINT ( 'NONE',  ( -0.5000000000000001110, 0.07086614173228347746, -1.148425196850393792 ) ) ;
#1249 = DIRECTION ( 'NONE',  ( 1.000000000000000000, 0.0000000000000000000, 0.0000000000000000000 ) ) ;
#1250 = LINE ( 'NONE', #2012, #4955 ) ;
#1251 = ORIENTED_EDGE ( 'NONE', *, *, #3956, .F. ) ;
#1252 = VERTEX_POINT ( 'NONE', #1643 ) ;
#1253 = PRODUCT_RELATED_PRODUCT_CATEGORY ( 'part', '', ( #2910 ) ) ;
#1254 = CARTESIAN_POINT ( 'NONE',  ( 0.4527559055118111075, 0.4665354330708661457, -0.2716535433070865757 ) ) ;
#1255 = CARTESIAN_POINT ( 'NONE',  ( 0.3661417322834639165, 0.04724409448818896184, 0.03149606299212598381 ) ) ;
#1256 = DIRECTION ( 'NONE',  ( 1.000000000000000000, 0.0000000000000000000, 0.0000000000000000000 ) ) ;
#1257 = LINE ( 'NONE', #4999, #205 ) ;
#1258 = CARTESIAN_POINT ( 'NONE',  ( 0.4685039370078740717, 0.3070866141732282451, -0.07086614173228347746 ) ) ;
#1259 = ORIENTED_EDGE ( 'NONE', *, *, #968, .T. ) ;
#1260 = ORIENTED_EDGE ( 'NONE', *, *, #868, .T. ) ;
#1261 = EDGE_CURVE ( 'NONE', #3826, #4217, #1257, .T. ) ;
#1262 = CARTESIAN_POINT ( 'NONE',  ( 0.4448818897637792924, -6.829619984160658046E-17, -0.9330708661417322913 ) ) ;
#1263 = DIMENSIONAL_EXPONENTS ( 1.000000000000000000, 0.0000000000000000000, 0.0000000000000000000, 0.0000000000000000000, 0.0000000000000000000, 0.0000000000000000000, 0.0000000000000000000 ) ;
#1264 = CARTESIAN_POINT ( 'NONE',  ( 0.4448818897637792924, 0.05325930726378100971, -0.5078740157480315931 ) ) ;
#1265 = AXIS2_PLACEMENT_3D ( 'NONE', #1536, #1892, #1916 ) ;
#1266 = ORIENTED_EDGE ( 'NONE', *, *, #2174, .T. ) ;
#1267 = EDGE_CURVE ( 'NONE', #82, #2109, #2460, .T. ) ;
#1268 = PRESENTATION_STYLE_ASSIGNMENT (( #2091 ) ) ;
#1269 =( NAMED_UNIT ( * ) SI_UNIT ( $, .STERADIAN. ) SOLID_ANGLE_UNIT ( ) );
#1270 = VECTOR ( 'NONE', #3810, 39.37007874015748143 ) ;
#1271 = SURFACE_SIDE_STYLE ('',( #483 ) ) ;
#1272 = SURFACE_STYLE_FILL_AREA ( #2988 ) ;
#1273 = DIRECTION ( 'NONE',  ( 0.0000000000000000000, 1.000000000000000000, 0.0000000000000000000 ) ) ;
#1274 = VECTOR ( 'NONE', #2212, 39.37007874015748143 ) ;
#1275 = AXIS2_PLACEMENT_3D ( 'NONE', #225, #5246, #199 ) ;
#1276 = CARTESIAN_POINT ( 'NONE',  ( 0.4606299212598427562, 0.4393700787401574881, 0.1562437013337370784 ) ) ;
#1277 = CARTESIAN_POINT ( 'NONE',  ( -0.4448818897637797365, 0.05325930726378131502, -0.7204724409448818312 ) ) ;
#1278 = AXIS2_PLACEMENT_3D ( 'NONE', #870, #2125, #3816 ) ;
#1279 = VECTOR ( 'NONE', #678, 39.37007874015748143 ) ;
#1280 = DIRECTION ( 'NONE',  ( -1.239088197126286133E-15, 0.0000000000000000000, 1.000000000000000000 ) ) ;
#1281 = CARTESIAN_POINT ( 'NONE',  ( -0.4291338582677166058, 0.07086614173228347746, -0.5708661417322835607 ) ) ;
#1282 = CARTESIAN_POINT ( 'NONE',  ( 0.4527559055118111075, 0.5000000000000000000, -0.5708661417322835607 ) ) ;
#1283 = LINE ( 'NONE', #4198, #4780 ) ;
#1284 = ORIENTED_EDGE ( 'NONE', *, *, #3424, .F. ) ;
#1285 = VERTEX_POINT ( 'NONE', #2515 ) ;
#1286 = DIRECTION ( 'NONE',  ( 1.000000000000000000, 0.0000000000000000000, 0.0000000000000000000 ) ) ;
#1287 = CARTESIAN_POINT ( 'NONE',  ( 0.4685039370078740717, 0.3070866141732282451, -0.07086614173228347746 ) ) ;
#1288 = LINE ( 'NONE', #469, #3070 ) ;
#1289 = VECTOR ( 'NONE', #5315, 39.37007874015748143 ) ;
#1290 = CARTESIAN_POINT ( 'NONE',  ( -0.4291338582677165503, 0.04724409448818898266, -0.5666464694105335376 ) ) ;
#1291 = DIRECTION ( 'NONE',  ( 0.5000000000000006661, 0.0000000000000000000, 0.8660254037844382635 ) ) ;
#1292 = EDGE_LOOP ( 'NONE', ( #1122, #2481, #561, #3388 ) ) ;
#1293 = ORIENTED_EDGE ( 'NONE', *, *, #4565, .T. ) ;
#1294 = PLANE ( 'NONE',  #3546 ) ;
#1295 = EDGE_CURVE ( 'NONE', #3751, #2663, #5359, .T. ) ;
#1296 =( CONVERSION_BASED_UNIT ( 'INCH', #4151 ) LENGTH_UNIT ( ) NAMED_UNIT ( #2027 ) );
#1297 = ORIENTED_EDGE ( 'NONE', *, *, #3473, .T. ) ;
#1298 = FACE_OUTER_BOUND ( 'NONE', #1045, .T. ) ;
#1299 = DIRECTION ( 'NONE',  ( -1.000000000000000000, 0.0000000000000000000, 0.0000000000000000000 ) ) ;
#1300 =( CONVERSION_BASED_UNIT ( 'INCH', #886 ) LENGTH_UNIT ( ) NAMED_UNIT ( #3876 ) );
#1301 = EDGE_CURVE ( 'NONE', #2945, #4811, #3156, .T. ) ;
#1302 =( CONVERSION_BASED_UNIT ( 'INCH', #1656 ) LENGTH_UNIT ( ) NAMED_UNIT ( #779 ) );
#1303 = DIRECTION ( 'NONE',  ( 1.000000000000000000, 0.0000000000000000000, 0.0000000000000000000 ) ) ;
#1304 = ORIENTED_EDGE ( 'NONE', *, *, #1336, .T. ) ;
#1305 = ORIENTED_EDGE ( 'NONE', *, *, #5072, .F. ) ;
#1306 = CARTESIAN_POINT ( 'NONE',  ( -0.4212598425196851237, 0.3070866141732282451, -0.07086614173228347746 ) ) ;
#1307 = EDGE_CURVE ( 'NONE', #1204, #3703, #2434, .T. ) ;
#1308 = DIRECTION ( 'NONE',  ( -1.000000000000000000, 0.0000000000000000000, 9.637352644315596722E-16 ) ) ;
#1309 = DIRECTION ( 'NONE',  ( 0.0000000000000000000, 0.0000000000000000000, 1.000000000000000000 ) ) ;
#1310 = EDGE_LOOP ( 'NONE', ( #2323, #1755, #3581, #4252 ) ) ;
#1311 = VERTEX_POINT ( 'NONE', #73 ) ;
#1312 = DIRECTION ( 'NONE',  ( 1.000000000000000000, 0.0000000000000000000, 0.0000000000000000000 ) ) ;
#1313 = FACE_BOUND ( 'NONE', #522, .T. ) ;
#1314 =( LENGTH_UNIT ( ) NAMED_UNIT ( * ) SI_UNIT ( $, .METRE. ) );
#1315 = CARTESIAN_POINT ( 'NONE',  ( -0.4291338582677165503, 0.04724409448818898266, -0.9918433198042344578 ) ) ;
#1316 = DIRECTION ( 'NONE',  ( 0.0000000000000000000, 0.0000000000000000000, -1.000000000000000000 ) ) ;
#1317 = ORIENTED_EDGE ( 'NONE', *, *, #2728, .F. ) ;
#1318 = ORIENTED_EDGE ( 'NONE', *, *, #839, .F. ) ;
#1319 = FILL_AREA_STYLE_COLOUR ( '', #3374 ) ;
#1320 = DIRECTION ( 'NONE',  ( 0.0000000000000000000, 0.0000000000000000000, 1.000000000000000000 ) ) ;
#1321 = ORIENTED_EDGE ( 'NONE', *, *, #1660, .T. ) ;
#1322 = CARTESIAN_POINT ( 'NONE',  ( -0.4317462034815184868, 0.04724409448818898266, -0.7807531328197886422 ) ) ;
#1323 = ADVANCED_FACE ( 'NONE', ( #2975 ), #5077, .F. ) ;
#1324 = FACE_OUTER_BOUND ( 'NONE', #1638, .T. ) ;
#1325 = AXIS2_PLACEMENT_3D ( 'NONE', #4440, #1843, #1901 ) ;
#1326 = DIRECTION ( 'NONE',  ( 0.0000000000000000000, 1.000000000000000000, 0.0000000000000000000 ) ) ;
#1327 = EDGE_CURVE ( 'NONE', #1840, #1351, #320, .T. ) ;
#1328 = ORIENTED_EDGE ( 'NONE', *, *, #1597, .F. ) ;
#1329 = AXIS2_PLACEMENT_3D ( 'NONE', #5035, #2550, #5419 ) ;
#1330 = SURFACE_STYLE_USAGE ( .BOTH. , #3757 ) ;
#1331 = LINE ( 'NONE', #3869, #1500 ) ;
#1332 = CARTESIAN_POINT ( 'NONE',  ( 0.4291338582677158842, -1.707404996040126301E-17, -0.9372905384634825365 ) ) ;
#1333 = VECTOR ( 'NONE', #1011, 39.37007874015748143 ) ;
#1334 = EDGE_LOOP ( 'NONE', ( #912, #2078, #5262, #283 ) ) ;
#1335 = ORIENTED_EDGE ( 'NONE', *, *, #1893, .T. ) ;
#1336 = EDGE_CURVE ( 'NONE', #4339, #3201, #4069, .T. ) ;
#1337 = DIRECTION ( 'NONE',  ( 1.000000000000000000, 0.0000000000000000000, 0.0000000000000000000 ) ) ;
#1338 = DIRECTION ( 'NONE',  ( 0.0000000000000000000, 1.000000000000000000, 0.0000000000000000000 ) ) ;
#1339 = FACE_OUTER_BOUND ( 'NONE', #3202, .T. ) ;
#1340 = DIRECTION ( 'NONE',  ( -1.239088197126286133E-15, 0.0000000000000000000, 1.000000000000000000 ) ) ;
#1341 = ORIENTED_EDGE ( 'NONE', *, *, #4978, .T. ) ;
#1342 = ORIENTED_EDGE ( 'NONE', *, *, #1158, .T. ) ;
#1343 = AXIS2_PLACEMENT_3D ( 'NONE', #1758, #5198, #5144 ) ;
#1344 = EDGE_CURVE ( 'NONE', #2671, #3006, #3145, .T. ) ;
#1345 = VECTOR ( 'NONE', #854, 39.37007874015748143 ) ;
#1346 = CARTESIAN_POINT ( 'NONE',  ( -0.4527559055118111075, 0.0000000000000000000, -1.148425196850393792 ) ) ;
#1347 = ORIENTED_EDGE ( 'NONE', *, *, #1053, .T. ) ;
#1348 = CARTESIAN_POINT ( 'NONE',  ( 0.4317475460355924000, 0.04724409448816405122, -0.7807539079437589846 ) ) ;
#1349 = CARTESIAN_POINT ( 'NONE',  ( 0.4173228346456693827, 0.3070866141732282451, -0.2086614173228346081 ) ) ;
#1350 = VECTOR ( 'NONE', #3449, 39.37007874015748143 ) ;
#1351 = VERTEX_POINT ( 'NONE', #5225 ) ;
#1352 = ORIENTED_EDGE ( 'NONE', *, *, #2230, .F. ) ;
#1353 = LINE ( 'NONE', #3025, #4592 ) ;
#1354 = AXIS2_PLACEMENT_3D ( 'NONE', #1386, #5184, #100 ) ;
#1355 = VECTOR ( 'NONE', #966, 39.37007874015748143 ) ;
#1356 = EDGE_CURVE ( 'NONE', #5174, #1153, #3344, .T. ) ;
#1357 = ORIENTED_EDGE ( 'NONE', *, *, #4289, .F. ) ;
#1358 = EDGE_LOOP ( 'NONE', ( #1266, #305, #2249, #879 ) ) ;
#1359 = AXIS2_PLACEMENT_3D ( 'NONE', #3162, #4028, #1931 ) ;
#1360 = LINE ( 'NONE', #5075, #3697 ) ;
#1361 = VECTOR ( 'NONE', #4850, 39.37007874015748143 ) ;
#1362 = DIRECTION ( 'NONE',  ( 0.0000000000000000000, 1.000000000000000000, 0.0000000000000000000 ) ) ;
#1363 = EDGE_CURVE ( 'NONE', #1484, #4597, #3508, .T. ) ;
#1364 = CIRCLE ( 'NONE', #850, 0.07086614173228344971 ) ;
#1365 = DIRECTION ( 'NONE',  ( 0.0000000000000000000, -1.000000000000000000, 0.0000000000000000000 ) ) ;
#1366 = ORIENTED_EDGE ( 'NONE', *, *, #1327, .F. ) ;
#1367 = EDGE_LOOP ( 'NONE', ( #4908, #1447, #215, #5271, #2272, #4253 ) ) ;
#1368 = LINE ( 'NONE', #18, #1875 ) ;
#1369 = EDGE_CURVE ( 'NONE', #5321, #4985, #713, .T. ) ;
#1370 = LINE ( 'NONE', #5110, #2984 ) ;
#1371 = CLOSED_SHELL ( 'NONE', ( #2807, #198, #4489, #4408, #270, #4756, #4432, #781, #1733, #230, #2164, #2686, #3986, #220, #4730, #4248, #1977, #1383, #3236, #2867, #3415, #4852, #562, #1196, #3237, #2004, #4018, #8, #802, #2150, #4828, #1026, #265, #3486, #3820, #3210, #2530, #4110, #1144, #4895, #1175, #3865, #5140, #599, #4517, #695, #3211, #935, #2197, #3438, #5188, #104, #3627, #942, #2694, #2764, #3897, #3196, #3061, #3260, #4464, #5257, #384, #1039, #4816, #4572, #4599, #2295, #2220, #607, #4579, #4992, #46, #2545, #796, #140, #146, #2124, #3543, #27, #4645, #155, #2796, #4800, #4496, #5101, #2100, #4919, #1419, #2225, #2907, #764, #5402, #1010, #4424, #2770, #2996, #5023, #2494, #3981, #742, #5056, #4609, #3957, #5302, #4152, #4771, #1959 ) ) ;
#1372 = ORIENTED_EDGE ( 'NONE', *, *, #2066, .F. ) ;
#1373 = CARTESIAN_POINT ( 'NONE',  ( -0.4291338582677165503, 0.04724409448818898266, -0.7792448946073839977 ) ) ;
#1374 = CARTESIAN_POINT ( 'NONE',  ( 0.4426332105210573076, 0.05124802740525345041, -0.7834645669291339098 ) ) ;
#1375 = CARTESIAN_POINT ( 'NONE',  ( 1.157146581871514797E-17, -6.829619984160658046E-17, -0.7314960629921261059 ) ) ;
#1376 = ORIENTED_EDGE ( 'NONE', *, *, #5371, .F. ) ;
#1377 = VERTEX_POINT ( 'NONE', #260 ) ;
#1378 = DIRECTION ( 'NONE',  ( 0.0000000000000000000, 0.0000000000000000000, 1.000000000000000000 ) ) ;
#1379 = CARTESIAN_POINT ( 'NONE',  ( -0.4173228346456693827, 0.3838582677165353618, -0.07086614173228346358 ) ) ;
#1380 = VERTEX_POINT ( 'NONE', #1915 ) ;
#1381 = ORIENTED_EDGE ( 'NONE', *, *, #605, .T. ) ;
#1382 = LINE ( 'NONE', #3051, #113 ) ;
#1383 = ADVANCED_FACE ( 'NONE', ( #4397 ), #2792, .F. ) ;
#1384 = CARTESIAN_POINT ( 'NONE',  ( 0.0000000000000000000, 3.112457024031587928E-19, 0.003937007874015795682 ) ) ;
#1385 = PLANE ( 'NONE',  #1780 ) ;
#1386 = CARTESIAN_POINT ( 'NONE',  ( 0.4212598425196851237, 0.3070866141732282451, -0.07086614173228347746 ) ) ;
#1387 = ORIENTED_EDGE ( 'NONE', *, *, #353, .T. ) ;
#1388 = ORIENTED_EDGE ( 'NONE', *, *, #2432, .T. ) ;
#1389 = EDGE_CURVE ( 'NONE', #2194, #4199, #2297, .T. ) ;
#1390 = CARTESIAN_POINT ( 'NONE',  ( 0.4527559055118111075, 0.2303149606299212948, -0.2716535433070865757 ) ) ;
#1391 = CARTESIAN_POINT ( 'NONE',  ( -0.4527559055118111075, 0.07086614173228347746, -0.2952755905511811885 ) ) ;
#1392 = DIRECTION ( 'NONE',  ( 1.000000000000000000, 0.0000000000000000000, 0.0000000000000000000 ) ) ;
#1393 = ORIENTED_EDGE ( 'NONE', *, *, #4202, .T. ) ;
#1394 = FACE_OUTER_BOUND ( 'NONE', #276, .T. ) ;
#1395 = EDGE_CURVE ( 'NONE', #3315, #1646, #1891, .T. ) ;
#1396 = LINE ( 'NONE', #5228, #817 ) ;
#1397 = DIRECTION ( 'NONE',  ( 1.000000000000000000, 0.0000000000000000000, 0.0000000000000000000 ) ) ;
#1398 = DIRECTION ( 'NONE',  ( 0.0000000000000000000, 0.0000000000000000000, 1.000000000000000000 ) ) ;
#1399 = ORIENTED_EDGE ( 'NONE', *, *, #122, .T. ) ;
#1400 = AXIS2_PLACEMENT_3D ( 'NONE', #3734, #1640, #3279 ) ;
#1401 =( NAMED_UNIT ( * ) PLANE_ANGLE_UNIT ( ) SI_UNIT ( $, .RADIAN. ) );
#1402 = LINE ( 'NONE', #3072, #3465 ) ;
#1403 = CARTESIAN_POINT ( 'NONE',  ( 0.4212598425196851237, 0.3838582677165353618, -0.2086614173228346636 ) ) ;
#1404 = EDGE_LOOP ( 'NONE', ( #4915, #2828, #1608, #2928, #723, #4893 ) ) ;
#1405 = ORIENTED_EDGE ( 'NONE', *, *, #3169, .F. ) ;
#1406 = STYLED_ITEM ( 'NONE', ( #3775 ), #828 ) ;
#1407 = PLANE ( 'NONE',  #1584 ) ;
#1408 = DIRECTION ( 'NONE',  ( 0.0000000000000000000, -1.000000000000000000, 0.0000000000000000000 ) ) ;
#1409 = CARTESIAN_POINT ( 'NONE',  ( -0.4317475460355931216, 0.04724409448816416224, -0.2979862495365558361 ) ) ;
#1410 = VECTOR ( 'NONE', #4567, 39.37007874015748143 ) ;
#1411 = PLANE ( 'NONE',  #4267 ) ;
#1412 = EDGE_CURVE ( 'NONE', #1645, #3494, #1872, .T. ) ;
#1413 = VERTEX_POINT ( 'NONE', #690 ) ;
#1414 = ORIENTED_EDGE ( 'NONE', *, *, #1713, .T. ) ;
#1415 = AXIS2_PLACEMENT_3D ( 'NONE', #2616, #4375, #1868 ) ;
#1416 = LINE ( 'NONE', #4731, #1355 ) ;
#1417 = CARTESIAN_POINT ( 'NONE',  ( 0.5000000000000001110, -6.829619984160658046E-17, -0.7834645669291339098 ) ) ;
#1418 = DIRECTION ( 'NONE',  ( 0.0000000000000000000, 0.0000000000000000000, 1.000000000000000000 ) ) ;
#1419 = ADVANCED_FACE ( 'NONE', ( #2737 ), #3206, .F. ) ;
#1420 = ORIENTED_EDGE ( 'NONE', *, *, #669, .T. ) ;
#1421 = CARTESIAN_POINT ( 'NONE',  ( 0.4527559055118111075, 0.5000000000000000000, 0.0000000000000000000 ) ) ;
#1422 = AXIS2_PLACEMENT_3D ( 'NONE', #1495, #4860, #1098 ) ;
#1423 = CARTESIAN_POINT ( 'NONE',  ( 0.4400049300502921201, 0.04969432612316328213, -0.9333243429595272644 ) ) ;
#1424 = CARTESIAN_POINT ( 'NONE',  ( 0.4291338582677159397, 0.04724409448818897572, -1.148425196850393792 ) ) ;
#1425 = SURFACE_STYLE_FILL_AREA ( #587 ) ;
#1426 = LINE ( 'NONE', #4374, #2420 ) ;
#1427 = ORIENTED_EDGE ( 'NONE', *, *, #3956, .T. ) ;
#1428 = PLANE ( 'NONE',  #3258 ) ;
#1429 = CARTESIAN_POINT ( 'NONE',  ( 0.4212598425196851237, 0.3070866141732282451, -0.07086614173228347746 ) ) ;
#1430 = CIRCLE ( 'NONE', #2413, 0.06299212598425199539 ) ;
#1431 = FACE_OUTER_BOUND ( 'NONE', #1856, .T. ) ;
#1432 = ORIENTED_EDGE ( 'NONE', *, *, #5118, .T. ) ;
#1433 = ORIENTED_EDGE ( 'NONE', *, *, #3860, .F. ) ;
#1434 = AXIS2_PLACEMENT_3D ( 'NONE', #572, #528, #4699 ) ;
#1435 = AXIS2_PLACEMENT_3D ( 'NONE', #2216, #2240, #3057 ) ;
#1436 = CARTESIAN_POINT ( 'NONE',  ( -0.4606299212598428117, 0.4393700787401574881, 0.1822834645669293707 ) ) ;
#1437 = CYLINDRICAL_SURFACE ( 'NONE', #2030, 0.02493283764992762844 ) ;
#1438 = FILL_AREA_STYLE_COLOUR ( '', #498 ) ;
#1439 = ORIENTED_EDGE ( 'NONE', *, *, #1826, .F. ) ;
#1440 = COLOUR_RGB ( '',0.7529411764705882248, 0.7529411764705882248, 0.7529411764705882248 ) ;
#1441 = ORIENTED_EDGE ( 'NONE', *, *, #3584, .T. ) ;
#1442 = CARTESIAN_POINT ( 'NONE',  ( -0.4212598425196851237, 0.3070866141732282451, -0.2086614173228346081 ) ) ;
#1443 = DIRECTION ( 'NONE',  ( 0.0000000000000000000, 0.0000000000000000000, 1.000000000000000000 ) ) ;
#1444 = AXIS2_PLACEMENT_3D ( 'NONE', #3724, #1923, #4523 ) ;
#1445 = CARTESIAN_POINT ( 'NONE',  ( 0.4448818897637792924, -6.829619984160658046E-17, -0.3582677165354331006 ) ) ;
#1446 = FACE_OUTER_BOUND ( 'NONE', #2214, .T. ) ;
#1447 = ORIENTED_EDGE ( 'NONE', *, *, #3579, .T. ) ;
#1448 = VERTEX_POINT ( 'NONE', #1944 ) ;
#1449 = AXIS2_PLACEMENT_3D ( 'NONE', #4242, #787, #1708 ) ;
#1450 = DIRECTION ( 'NONE',  ( 0.0000000000000000000, 0.0000000000000000000, 1.000000000000000000 ) ) ;
#1451 = EDGE_CURVE ( 'NONE', #1377, #2810, #2457, .T. ) ;
#1452 = FACE_OUTER_BOUND ( 'NONE', #645, .T. ) ;
#1453 = CARTESIAN_POINT ( 'NONE',  ( 0.4448818897637792924, 0.05325930726378100971, -0.9330708661417322913 ) ) ;
#1454 = DIRECTION ( 'NONE',  ( 1.000000000000000000, 0.0000000000000000000, 0.0000000000000000000 ) ) ;
#1455 = AXIS2_PLACEMENT_3D ( 'NONE', #3068, #1894, #4765 ) ;
#1456 = LINE ( 'NONE', #4794, #1725 ) ;
#1457 = ORIENTED_EDGE ( 'NONE', *, *, #1866, .T. ) ;
#1458 = ADVANCED_FACE ( 'NONE', ( #3631 ), #1502, .T. ) ;
#1459 = CARTESIAN_POINT ( 'NONE',  ( -0.4845659450735614882, 0.3606299212598426118, 0.07062633402686788187 ) ) ;
#1460 = EDGE_LOOP ( 'NONE', ( #5061, #5355, #2387, #4847 ) ) ;
#1461 = EDGE_LOOP ( 'NONE', ( #924, #786, #1600, #775, #4602, #732 ) ) ;
#1462 = EDGE_CURVE ( 'NONE', #438, #3947, #746, .T. ) ;
#1463 = UNCERTAINTY_MEASURE_WITH_UNIT (LENGTH_MEASURE( 1.000000000000000082E-05 ), #103, 'distance_accuracy_value', 'NONE');
#1464 = CARTESIAN_POINT ( 'NONE',  ( 0.4448818897637792924, 0.001771933957542275780, -0.2952755905511810774 ) ) ;
#1465 = LINE ( 'NONE', #219, #2374 ) ;
#1466 = ORIENTED_EDGE ( 'NONE', *, *, #4127, .F. ) ;
#1467 = ORIENTED_EDGE ( 'NONE', *, *, #2682, .T. ) ;
#1468 = SURFACE_SIDE_STYLE ('',( #1065 ) ) ;
#1469 = DIRECTION ( 'NONE',  ( 1.000000000000000000, 0.0000000000000000000, 0.0000000000000000000 ) ) ;
#1470 = CARTESIAN_POINT ( 'NONE',  ( 0.4291338582677159397, 0.04724409448818897572, 0.03149606299212598381 ) ) ;
#1471 = LINE ( 'NONE', #737, #2277 ) ;
#1472 = ORIENTED_EDGE ( 'NONE', *, *, #4049, .T. ) ;
#1473 = ORIENTED_EDGE ( 'NONE', *, *, #3169, .T. ) ;
#1474 = LINE ( 'NONE', #5222, #5318 ) ;
#1475 = CARTESIAN_POINT ( 'NONE',  ( -0.4448818897637797365, 0.05325930726378131502, -0.9960629921259843700 ) ) ;
#1476 = CARTESIAN_POINT ( 'NONE',  ( 0.4173228346456693827, 0.3838582677165353618, -0.07086614173228346358 ) ) ;
#1477 = CARTESIAN_POINT ( 'NONE',  ( -0.4448818897637797365, 0.5000000000000000000, -0.9330708661417322913 ) ) ;
#1478 = ORIENTED_EDGE ( 'NONE', *, *, #1489, .T. ) ;
#1479 = B_SPLINE_CURVE_WITH_KNOTS ( 'NONE', 3,
 ( #2659, #5256, #4354, #4099, #4487, #1539 ),
 .UNSPECIFIED., .F., .F.,
 ( 4, 2, 4 ),
 ( 2.168404344971008868E-19, 0.0002268537248197695301, 0.0004537074496395388434 ),
 .UNSPECIFIED. ) ;
#1480 = SURFACE_STYLE_USAGE ( .BOTH. , #5317 ) ;
#1481 = COLOUR_RGB ( '',0.7529411764705882248, 0.7529411764705882248, 0.7529411764705882248 ) ;
#1482 = ADVANCED_FACE ( 'NONE', ( #1452 ), #3228, .T. ) ;
#1483 = VERTEX_POINT ( 'NONE', #2186 ) ;
#1484 = VERTEX_POINT ( 'NONE', #4946 ) ;
#1485 = CARTESIAN_POINT ( 'NONE',  ( -0.4999999999999991118, 0.5000000000000000000, -0.3582677165354331006 ) ) ;
#1486 = DIRECTION ( 'NONE',  ( 0.0000000000000000000, -1.000000000000000000, 0.0000000000000000000 ) ) ;
#1487 = DIRECTION ( 'NONE',  ( -1.000000000000000000, 0.0000000000000000000, 0.0000000000000000000 ) ) ;
#1488 = AXIS2_PLACEMENT_3D ( 'NONE', #5139, #202, #917 ) ;
#1489 = EDGE_CURVE ( 'NONE', #1782, #4340, #71, .T. ) ;
#1490 = ORIENTED_EDGE ( 'NONE', *, *, #2390, .T. ) ;
#1491 = ORIENTED_EDGE ( 'NONE', *, *, #1096, .F. ) ;
#1492 = SURFACE_STYLE_USAGE ( .BOTH. , #1468 ) ;
#1493 = DIRECTION ( 'NONE',  ( 0.0000000000000000000, 0.0000000000000000000, 1.000000000000000000 ) ) ;
#1494 = VECTOR ( 'NONE', #1930, 39.37007874015748143 ) ;
#1495 = CARTESIAN_POINT ( 'NONE',  ( -0.4448818897637797365, -6.829619984160658046E-17, -0.9645669291338583307 ) ) ;
#1496 = DIRECTION ( 'NONE',  ( 0.0000000000000000000, -1.000000000000000000, 0.0000000000000000000 ) ) ;
#1497 = ORIENTED_EDGE ( 'NONE', *, *, #1639, .T. ) ;
#1498 = EDGE_CURVE ( 'NONE', #268, #1998, #4136, .T. ) ;
#1499 = ORIENTED_EDGE ( 'NONE', *, *, #1786, .T. ) ;
#1500 = VECTOR ( 'NONE', #4990, 39.37007874015748143 ) ;
#1501 = FACE_OUTER_BOUND ( 'NONE', #32, .T. ) ;
#1502 = CYLINDRICAL_SURFACE ( 'NONE', #1937, 0.05642890064205359490 ) ;
#1503 = FACE_OUTER_BOUND ( 'NONE', #4453, .T. ) ;
#1504 = DIRECTION ( 'NONE',  ( 0.0000000000000000000, 0.0000000000000000000, -1.000000000000000000 ) ) ;
#1505 = VECTOR ( 'NONE', #4033, 39.37007874015748143 ) ;
#1506 = ORIENTED_EDGE ( 'NONE', *, *, #5241, .F. ) ;
#1507 =( LENGTH_UNIT ( ) NAMED_UNIT ( * ) SI_UNIT ( $, .METRE. ) );
#1508 = PLANE ( 'NONE',  #5408 ) ;
#1509 = ORIENTED_EDGE ( 'NONE', *, *, #4533, .T. ) ;
#1510 = EDGE_LOOP ( 'NONE', ( #5327, #5350, #448, #1970 ) ) ;
#1511 = PRESENTATION_STYLE_ASSIGNMENT (( #5208 ) ) ;
#1512 = CARTESIAN_POINT ( 'NONE',  ( -0.4685039370078740717, 0.3838582677165353618, -0.07086614173228346358 ) ) ;
#1513 = UNCERTAINTY_MEASURE_WITH_UNIT (LENGTH_MEASURE( 1.000000000000000082E-05 ), #3766, 'distance_accuracy_value', 'NONE');
#1514 = CARTESIAN_POINT ( 'NONE',  ( 0.4339682009560750786, -7.253143722525443160E-17, -0.7820360036598629216 ) ) ;
#1515 = EDGE_CURVE ( 'NONE', #3434, #1696, #4121, .T. ) ;
#1516 = CARTESIAN_POINT ( 'NONE',  ( -0.4291338582677166058, 0.07086614173228347746, -0.7834645669291339098 ) ) ;
#1517 =( GEOMETRIC_REPRESENTATION_CONTEXT ( 3 ) GLOBAL_UNCERTAINTY_ASSIGNED_CONTEXT ( ( #5374 ) ) GLOBAL_UNIT_ASSIGNED_CONTEXT ( ( #908, #5078, #4698 ) ) REPRESENTATION_CONTEXT ( 'NONE', 'WORKASPACE' ) );
#1518 = DIRECTION ( 'NONE',  ( 0.0000000000000000000, 0.0000000000000000000, 1.000000000000000000 ) ) ;
#1519 = VERTEX_POINT ( 'NONE', #4549 ) ;
#1520 = VERTEX_POINT ( 'NONE', #99 ) ;
#1521 = MECHANICAL_DESIGN_GEOMETRIC_PRESENTATION_REPRESENTATION (  '', ( #2400 ), #745 ) ;
#1522 = DIRECTION ( 'NONE',  ( 0.0000000000000000000, -1.000000000000000000, 4.448008912761042820E-16 ) ) ;
#1523 = DIRECTION ( 'NONE',  ( 0.0000000000000000000, 0.0000000000000000000, 1.000000000000000000 ) ) ;
#1524 = EDGE_CURVE ( 'NONE', #976, #4161, #1678, .T. ) ;
#1525 = CARTESIAN_POINT ( 'NONE',  ( -0.4606299212598428117, 0.4393700787401574881, 0.1822834645669293707 ) ) ;
#1526 = CARTESIAN_POINT ( 'NONE',  ( 0.4921259842519687400, 0.3606299212598426118, 0.09884078434789472789 ) ) ;
#1527 = CIRCLE ( 'NONE', #4175, 0.02362204724409448092 ) ;
#1528 = MECHANICAL_DESIGN_GEOMETRIC_PRESENTATION_REPRESENTATION (  '', ( #1707 ), #747 ) ;
#1529 = ORIENTED_EDGE ( 'NONE', *, *, #4930, .T. ) ;
#1530 = EDGE_LOOP ( 'NONE', ( #4224, #2070, #1815, #3376 ) ) ;
#1531 = CARTESIAN_POINT ( 'NONE',  ( -0.4426332105210579182, 0.05124802740525374878, -0.5078740157480315931 ) ) ;
#1532 = CIRCLE ( 'NONE', #157, 0.02362204724409448092 ) ;
#1533 = CARTESIAN_POINT ( 'NONE',  ( 0.4999999999999998335, -6.829619984160658046E-17, -0.9330708661417322913 ) ) ;
#1534 = EDGE_CURVE ( 'NONE', #169, #2362, #4758, .T. ) ;
#1535 = DIRECTION ( 'NONE',  ( 0.0000000000000000000, -1.000000000000000000, 0.0000000000000000000 ) ) ;
#1536 = CARTESIAN_POINT ( 'NONE',  ( 0.4212598425196851237, 0.4665354330708661457, -0.2716535433070865757 ) ) ;
#1537 = FILL_AREA_STYLE ('',( #1590 ) ) ;
#1538 = AXIS2_PLACEMENT_3D ( 'NONE', #1686, #4165, #2075 ) ;
#1539 = CARTESIAN_POINT ( 'NONE',  ( -0.4291338582677165503, 0.04724409448818898266, -0.7246921132666317433 ) ) ;
#1540 = ORIENTED_EDGE ( 'NONE', *, *, #1489, .F. ) ;
#1541 = VECTOR ( 'NONE', #2519, 39.37007874015748143 ) ;
#1542 =( NAMED_UNIT ( * ) SI_UNIT ( $, .STERADIAN. ) SOLID_ANGLE_UNIT ( ) );
#1543 =( NAMED_UNIT ( * ) PLANE_ANGLE_UNIT ( ) SI_UNIT ( $, .RADIAN. ) );
#1544 = AXIS2_PLACEMENT_3D ( 'NONE', #752, #4900, #5422 ) ;
#1545 = EDGE_LOOP ( 'NONE', ( #3298, #4030, #4466, #3899, #428, #801 ) ) ;
#1546 =( CONVERSION_BASED_UNIT ( 'INCH', #3998 ) LENGTH_UNIT ( ) NAMED_UNIT ( #2447 ) );
#1547 = CARTESIAN_POINT ( 'NONE',  ( -0.4400049300502926752, 0.04969432612316355274, -0.5706126649144882546 ) ) ;
#1548 = CARTESIAN_POINT ( 'NONE',  ( -0.4291338582677166058, 0.07086614173228347746, -1.148425196850393792 ) ) ;
#1549 = FILL_AREA_STYLE ('',( #1438 ) ) ;
#1550 = VERTEX_POINT ( 'NONE', #1620 ) ;
#1551 = VERTEX_POINT ( 'NONE', #3713 ) ;
#1552 = EDGE_CURVE ( 'NONE', #268, #2711, #1288, .T. ) ;
#1553 = CARTESIAN_POINT ( 'NONE',  ( 0.4527559055118111075, 0.5000000000000000000, -0.2952755905511810774 ) ) ;
#1554 = CARTESIAN_POINT ( 'NONE',  ( -0.4527559055118111075, 0.07086614173228347746, -0.7834645669291339098 ) ) ;
#1555 = LINE ( 'NONE', #4113, #3530 ) ;
#1556 = CARTESIAN_POINT ( 'NONE',  ( -0.4776887431617387603, 0.4393700787401574881, 0.008848995601825804594 ) ) ;
#1557 = ORIENTED_EDGE ( 'NONE', *, *, #2712, .T. ) ;
#1558 = ORIENTED_EDGE ( 'NONE', *, *, #4671, .T. ) ;
#1559 = EDGE_CURVE ( 'NONE', #4810, #681, #2538, .T. ) ;
#1560 = FILL_AREA_STYLE_COLOUR ( '', #2412 ) ;
#1561 = CARTESIAN_POINT ( 'NONE',  ( -0.4291338582677166058, 0.04724409448818897572, 0.0000000000000000000 ) ) ;
#1562 = CARTESIAN_POINT ( 'NONE',  ( -0.4394402068000682338, 0.0005316593026320771400, -0.9330708661417322913 ) ) ;
#1563 = CARTESIAN_POINT ( 'NONE',  ( -0.4921259842519687400, 0.4393700787401574881, 0.09884078434789474177 ) ) ;
#1564 = EDGE_CURVE ( 'NONE', #1721, #5389, #381, .T. ) ;
#1565 =( NAMED_UNIT ( * ) SI_UNIT ( $, .STERADIAN. ) SOLID_ANGLE_UNIT ( ) );
#1566 = CARTESIAN_POINT ( 'NONE',  ( -0.4448818897637797365, 0.001771933957542390055, -0.5078740157480314821 ) ) ;
#1567 = ORIENTED_EDGE ( 'NONE', *, *, #588, .F. ) ;
#1568 = LINE ( 'NONE', #673, #3448 ) ;
#1569 = DIMENSIONAL_EXPONENTS ( 1.000000000000000000, 0.0000000000000000000, 0.0000000000000000000, 0.0000000000000000000, 0.0000000000000000000, 0.0000000000000000000, 0.0000000000000000000 ) ;
#1570 = LINE ( 'NONE', #1982, #3105 ) ;
#1571 = EDGE_CURVE ( 'NONE', #5349, #2408, #3499, .T. ) ;
#1572 = VERTEX_POINT ( 'NONE', #2669 ) ;
#1573 = ORIENTED_EDGE ( 'NONE', *, *, #2536, .T. ) ;
#1574 = PLANE ( 'NONE',  #3740 ) ;
#1575 = DIRECTION ( 'NONE',  ( -0.0000000000000000000, -0.0000000000000000000, -1.000000000000000000 ) ) ;
#1576 = FACE_OUTER_BOUND ( 'NONE', #4186, .T. ) ;
#1577 = CARTESIAN_POINT ( 'NONE',  ( 0.5000000000000001110, 0.07086614173228344971, -1.148425196850393792 ) ) ;
#1578 = ORIENTED_EDGE ( 'NONE', *, *, #5343, .T. ) ;
#1579 = ORIENTED_EDGE ( 'NONE', *, *, #3245, .T. ) ;
#1580 = VECTOR ( 'NONE', #1522, 39.37007874015748143 ) ;
#1581 = FILL_AREA_STYLE_COLOUR ( '', #2626 ) ;
#1582 = DIRECTION ( 'NONE',  ( 0.0000000000000000000, 1.000000000000000000, 0.0000000000000000000 ) ) ;
#1583 = CARTESIAN_POINT ( 'NONE',  ( -0.4527559055118111075, 0.0000000000000000000, -0.5708661417322835607 ) ) ;
#1584 = AXIS2_PLACEMENT_3D ( 'NONE', #524, #2184, #4722 ) ;
#1585 = DIRECTION ( 'NONE',  ( 0.0000000000000000000, 0.0000000000000000000, -1.000000000000000000 ) ) ;
#1586 = ORIENTED_EDGE ( 'NONE', *, *, #4355, .T. ) ;
#1587 = ORIENTED_EDGE ( 'NONE', *, *, #4057, .F. ) ;
#1588 = CARTESIAN_POINT ( 'NONE',  ( -0.4527559055118111075, 0.0000000000000000000, -0.9330708661417322913 ) ) ;
#1589 = AXIS2_PLACEMENT_3D ( 'NONE', #1043, #4478, #4420 ) ;
#1590 = FILL_AREA_STYLE_COLOUR ( '', #4444 ) ;
#1591 = ADVANCED_FACE ( 'NONE', ( #5182 ), #1437, .F. ) ;
#1592 = VECTOR ( 'NONE', #5053, 39.37007874015748143 ) ;
#1593 = DIRECTION ( 'NONE',  ( 0.0000000000000000000, 0.0000000000000000000, 1.000000000000000000 ) ) ;
#1594 = CARTESIAN_POINT ( 'NONE',  ( 0.4527559055118111075, 0.07086614173228344971, -0.9960629921259842590 ) ) ;
#1595 = ORIENTED_EDGE ( 'NONE', *, *, #353, .F. ) ;
#1596 = VECTOR ( 'NONE', #1001, 39.37007874015748143 ) ;
#1597 = EDGE_CURVE ( 'NONE', #1646, #3075, #1465, .T. ) ;
#1598 = CARTESIAN_POINT ( 'NONE',  ( -0.4527559055118111075, 0.5000000000000000000, -1.148425196850393792 ) ) ;
#1599 = CARTESIAN_POINT ( 'NONE',  ( -0.4606299212598427562, 0.4393700787401574881, 0.1562437013337370784 ) ) ;
#1600 = ORIENTED_EDGE ( 'NONE', *, *, #1896, .F. ) ;
#1601 = LINE ( 'NONE', #3273, #580 ) ;
#1602 = AXIS2_PLACEMENT_3D ( 'NONE', #1775, #4725, #936 ) ;
#1603 = EDGE_CURVE ( 'NONE', #3434, #4797, #1845, .T. ) ;
#1604 = DIRECTION ( 'NONE',  ( 0.0000000000000000000, 1.000000000000000000, 1.112002228190260705E-16 ) ) ;
#1605 = EDGE_CURVE ( 'NONE', #508, #984, #1060, .T. ) ;
#1606 = FACE_OUTER_BOUND ( 'NONE', #3, .T. ) ;
#1607 = ORIENTED_EDGE ( 'NONE', *, *, #3337, .F. ) ;
#1608 = ORIENTED_EDGE ( 'NONE', *, *, #3125, .F. ) ;
#1609 = DIMENSIONAL_EXPONENTS ( 1.000000000000000000, 0.0000000000000000000, 0.0000000000000000000, 0.0000000000000000000, 0.0000000000000000000, 0.0000000000000000000, 0.0000000000000000000 ) ;
#1610 = SURFACE_SIDE_STYLE ('',( #392 ) ) ;
#1611 = FACE_OUTER_BOUND ( 'NONE', #1545, .T. ) ;
#1612 = CARTESIAN_POINT ( 'NONE',  ( 0.4776887431617387603, 0.3606299212598426118, 0.008848995601825804594 ) ) ;
#1613 = CARTESIAN_POINT ( 'NONE',  ( 0.4527559055118111075, 0.5000000000000000000, -1.148425196850393792 ) ) ;
#1614 = DIRECTION ( 'NONE',  ( 0.0000000000000000000, -1.000000000000000000, -1.112002228190260705E-16 ) ) ;
#1615 = ORIENTED_EDGE ( 'NONE', *, *, #238, .F. ) ;
#1616 = VECTOR ( 'NONE', #2205, 39.37007874015748143 ) ;
#1617 = ORIENTED_EDGE ( 'NONE', *, *, #3306, .T. ) ;
#1618 = DIRECTION ( 'NONE',  ( 0.0000000000000000000, 1.000000000000000000, 0.0000000000000000000 ) ) ;
#1619 = CIRCLE ( 'NONE', #4429, 0.05642890064205358103 ) ;
#1620 = CARTESIAN_POINT ( 'NONE',  ( 0.4606299212598428117, 0.3606299212598426118, 0.09884078434789475565 ) ) ;
#1621 = PRESENTATION_LAYER_ASSIGNMENT (  '', '', ( #1707 ) ) ;
#1622 = EDGE_LOOP ( 'NONE', ( #1162, #2997, #3507, #1102, #2575, #3656 ) ) ;
#1623 = CARTESIAN_POINT ( 'NONE',  ( -0.4173228346456693827, 0.3838582677165353618, -0.2086614173228346636 ) ) ;
#1624 = DIRECTION ( 'NONE',  ( 0.0000000000000000000, 1.000000000000000000, 0.0000000000000000000 ) ) ;
#1625 = ADVANCED_FACE ( 'NONE', ( #3133 ), #4826, .T. ) ;
#1626 = VERTEX_POINT ( 'NONE', #959 ) ;
#1627 = DIRECTION ( 'NONE',  ( 1.000000000000000000, 0.0000000000000000000, 0.0000000000000000000 ) ) ;
#1628 = VECTOR ( 'NONE', #3509, 39.37007874015748143 ) ;
#1629 =( CONVERSION_BASED_UNIT ( 'INCH', #3605 ) LENGTH_UNIT ( ) NAMED_UNIT ( #4183 ) );
#1630 = EDGE_LOOP ( 'NONE', ( #3523, #3277, #3154, #3137, #3665, #973 ) ) ;
#1631 = ADVANCED_FACE ( 'NONE', ( #981 ), #4746, .T. ) ;
#1632 = VECTOR ( 'NONE', #1684, 39.37007874015748143 ) ;
#1633 = DIRECTION ( 'NONE',  ( 0.0000000000000000000, 0.0000000000000000000, -1.000000000000000000 ) ) ;
#1634 = LINE ( 'NONE', #2394, #553 ) ;
#1635 = VECTOR ( 'NONE', #3148, 39.37007874015748143 ) ;
#1636 = DIRECTION ( 'NONE',  ( 0.0000000000000000000, 1.000000000000000000, -4.448008912761042820E-16 ) ) ;
#1637 = ORIENTED_EDGE ( 'NONE', *, *, #3329, .F. ) ;
#1638 = EDGE_LOOP ( 'NONE', ( #5020, #2423, #2791, #2339, #3471, #2173 ) ) ;
#1639 = EDGE_CURVE ( 'NONE', #2603, #2087, #2721, .T. ) ;
#1640 = DIRECTION ( 'NONE',  ( 0.0000000000000000000, -1.000000000000000000, 0.0000000000000000000 ) ) ;
#1641 = CARTESIAN_POINT ( 'NONE',  ( 0.4527559055118111075, 0.0000000000000000000, 0.0000000000000000000 ) ) ;
#1642 = CARTESIAN_POINT ( 'NONE',  ( -0.4921259842519687400, 0.4393700787401574881, 0.09884078434789474177 ) ) ;
#1643 = CARTESIAN_POINT ( 'NONE',  ( 0.4448818897637792924, 0.05325930726378100971, -0.7834645669291339098 ) ) ;
#1644 = DIRECTION ( 'NONE',  ( 0.0000000000000000000, 0.0000000000000000000, 1.000000000000000000 ) ) ;
#1645 = VERTEX_POINT ( 'NONE', #2646 ) ;
#1646 = VERTEX_POINT ( 'NONE', #648 ) ;
#1647 = PLANE ( 'NONE',  #2474 ) ;
#1648 = DIMENSIONAL_EXPONENTS ( 1.000000000000000000, 0.0000000000000000000, 0.0000000000000000000, 0.0000000000000000000, 0.0000000000000000000, 0.0000000000000000000, 0.0000000000000000000 ) ;
#1649 = CARTESIAN_POINT ( 'NONE',  ( 0.0000000000000000000, 0.0000000000000000000, 0.03149606299212598381 ) ) ;
#1650 = PLANE ( 'NONE',  #200 ) ;
#1651 = VERTEX_POINT ( 'NONE', #2311 ) ;
#1652 = SURFACE_SIDE_STYLE ('',( #4098 ) ) ;
#1653 = CARTESIAN_POINT ( 'NONE',  ( 0.4291338582677164948, 0.07086614173228342195, -1.148425196850393792 ) ) ;
#1654 = VERTEX_POINT ( 'NONE', #4336 ) ;
#1655 = DIRECTION ( 'NONE',  ( 0.0000000000000000000, 0.0000000000000000000, 1.000000000000000000 ) ) ;
#1656 = LENGTH_MEASURE_WITH_UNIT ( LENGTH_MEASURE( 0.02539999999999999897 ), #865 );
#1657 = EDGE_CURVE ( 'NONE', #2224, #3089, #2133, .T. ) ;
#1658 = ORIENTED_EDGE ( 'NONE', *, *, #4565, .F. ) ;
#1659 = CARTESIAN_POINT ( 'NONE',  ( 0.4606299212598428117, 0.4393700787401574881, 0.1822834645669293707 ) ) ;
#1660 = EDGE_CURVE ( 'NONE', #145, #3938, #2782, .T. ) ;
#1661 = CARTESIAN_POINT ( 'NONE',  ( -0.3661417322834646382, 0.04724409448818897572, 0.03149606299212598381 ) ) ;
#1662 = EDGE_LOOP ( 'NONE', ( #4894, #2259, #2324, #3762 ) ) ;
#1663 = ORIENTED_EDGE ( 'NONE', *, *, #1967, .F. ) ;
#1664 = DIRECTION ( 'NONE',  ( 0.0000000000000000000, 1.000000000000000000, 0.0000000000000000000 ) ) ;
#1665 = CARTESIAN_POINT ( 'NONE',  ( 0.4921259842519686845, 0.3606299212598426118, 0.1822834645669293985 ) ) ;
#1666 = EDGE_CURVE ( 'NONE', #1752, #4803, #4560, .T. ) ;
#1667 = DIRECTION ( 'NONE',  ( 0.0000000000000000000, 0.0000000000000000000, 1.000000000000000000 ) ) ;
#1668 = EDGE_LOOP ( 'NONE', ( #3055, #3420, #5276, #2452 ) ) ;
#1669 = ORIENTED_EDGE ( 'NONE', *, *, #2628, .T. ) ;
#1670 = LINE ( 'NONE', #1699, #1008 ) ;
#1671 = VECTOR ( 'NONE', #5298, 39.37007874015748143 ) ;
#1672 = CARTESIAN_POINT ( 'NONE',  ( -0.4685039370078740717, 0.3070866141732282451, -0.07086614173228347746 ) ) ;
#1673 =( NAMED_UNIT ( * ) SI_UNIT ( $, .STERADIAN. ) SOLID_ANGLE_UNIT ( ) );
#1674 = ADVANCED_FACE ( 'NONE', ( #2750 ), #3645, .T. ) ;
#1675 = ORIENTED_EDGE ( 'NONE', *, *, #1295, .F. ) ;
#1676 = CARTESIAN_POINT ( 'NONE',  ( -0.4527559055118111075, 0.0000000000000000000, -1.148425196850393792 ) ) ;
#1677 = CARTESIAN_POINT ( 'NONE',  ( -0.5000000000000004441, -6.829619984160658046E-17, -0.2952755905511811885 ) ) ;
#1678 = CIRCLE ( 'NONE', #3799, 0.03149606299212606708 ) ;
#1679 = PRESENTATION_STYLE_ASSIGNMENT (( #1243 ) ) ;
#1680 = DIRECTION ( 'NONE',  ( 0.0000000000000000000, 0.0000000000000000000, 1.000000000000000000 ) ) ;
#1681 = ORIENTED_EDGE ( 'NONE', *, *, #2475, .F. ) ;
#1682 =( GEOMETRIC_REPRESENTATION_CONTEXT ( 3 ) GLOBAL_UNCERTAINTY_ASSIGNED_CONTEXT ( ( #3214 ) ) GLOBAL_UNIT_ASSIGNED_CONTEXT ( ( #3939, #1401, #563 ) ) REPRESENTATION_CONTEXT ( 'NONE', 'WORKASPACE' ) );
#1683 = FACE_OUTER_BOUND ( 'NONE', #2725, .T. ) ;
#1684 = DIRECTION ( 'NONE',  ( 0.0000000000000000000, -1.000000000000000000, 0.0000000000000000000 ) ) ;
#1685 = PRESENTATION_LAYER_ASSIGNMENT (  '', '', ( #4936 ) ) ;
#1686 = CARTESIAN_POINT ( 'NONE',  ( -0.4776887431617387603, 0.3606299212598426118, 0.008848995601825804594 ) ) ;
#1687 = LINE ( 'NONE', #5045, #2655 ) ;
#1688 = EDGE_LOOP ( 'NONE', ( #618, #1251, #3362, #576, #4934, #3771, #2008, #4685 ) ) ;
#1689 = ORIENTED_EDGE ( 'NONE', *, *, #4763, .T. ) ;
#1690 = CARTESIAN_POINT ( 'NONE',  ( -0.5000000000000001110, 0.3838582677165353618, -0.07086614173228346358 ) ) ;
#1691 = ADVANCED_FACE ( 'NONE', ( #5352, #273 ), #5293, .T. ) ;
#1692 = LINE ( 'NONE', #1287, #3188 ) ;
#1693 = CARTESIAN_POINT ( 'NONE',  ( -0.4291338582677166058, 0.07086614173228347746, -1.148425196850393792 ) ) ;
#1694 = DIRECTION ( 'NONE',  ( 0.0000000000000000000, 0.0000000000000000000, 1.000000000000000000 ) ) ;
#1695 = CARTESIAN_POINT ( 'NONE',  ( 0.4527559055118109410, 0.07086614173228343583, 0.0000000000000000000 ) ) ;
#1696 = VERTEX_POINT ( 'NONE', #3244 ) ;
#1697 = ORIENTED_EDGE ( 'NONE', *, *, #4216, .T. ) ;
#1698 = EDGE_CURVE ( 'NONE', #3083, #2060, #3727, .T. ) ;
#1699 = CARTESIAN_POINT ( 'NONE',  ( -0.4212598425196851237, 0.4665354330708661457, 0.003937007874015758385 ) ) ;
#1700 = DIRECTION ( 'NONE',  ( 1.210305341137709189E-15, 0.0000000000000000000, -1.000000000000000000 ) ) ;
#1701 = CARTESIAN_POINT ( 'NONE',  ( -0.4527559055118111075, 0.07086614173228347746, -0.9960629921259842590 ) ) ;
#1702 = AXIS2_PLACEMENT_3D ( 'NONE', #4841, #288, #1076 ) ;
#1703 = ORIENTED_EDGE ( 'NONE', *, *, #1866, .F. ) ;
#1704 = DIRECTION ( 'NONE',  ( -1.239088197126286133E-15, -0.0000000000000000000, -1.000000000000000000 ) ) ;
#1705 = PRESENTATION_STYLE_ASSIGNMENT (( #4296 ) ) ;
#1706 = EDGE_CURVE ( 'NONE', #1881, #3537, #3892, .T. ) ;
#1707 = STYLED_ITEM ( 'NONE', ( #880 ), #2925 ) ;
#1708 = DIRECTION ( 'NONE',  ( 0.0000000000000000000, -1.000000000000000000, 4.448008912761042820E-16 ) ) ;
#1709 = AXIS2_PLACEMENT_3D ( 'NONE', #2344, #4906, #1487 ) ;
#1710 = CIRCLE ( 'NONE', #1974, 0.02362204724409448092 ) ;
#1711 = DIRECTION ( 'NONE',  ( 0.0000000000000000000, -1.000000000000000000, 0.0000000000000000000 ) ) ;
#1712 = VERTEX_POINT ( 'NONE', #728 ) ;
#1713 = EDGE_CURVE ( 'NONE', #3716, #4785, #1958, .T. ) ;
#1714 = EDGE_LOOP ( 'NONE', ( #1134, #1376, #1093, #3118 ) ) ;
#1715 = CIRCLE ( 'NONE', #4436, 0.06299212598425199539 ) ;
#1716 = LINE ( 'NONE', #4247, #3917 ) ;
#1717 = LINE ( 'NONE', #1248, #3614 ) ;
#1718 = LINE ( 'NONE', #29, #3290 ) ;
#1719 = CARTESIAN_POINT ( 'NONE',  ( 0.4527559055118111075, 0.5000000000000000000, -1.148425196850393792 ) ) ;
#1720 = ORIENTED_EDGE ( 'NONE', *, *, #401, .T. ) ;
#1721 = VERTEX_POINT ( 'NONE', #3216 ) ;
#1722 = CARTESIAN_POINT ( 'NONE',  ( 0.4291338582677159397, 0.0000000000000000000, 0.03149606299212598381 ) ) ;
#1723 = B_SPLINE_CURVE_WITH_KNOTS ( 'NONE', 3,
 ( #4801, #1876, #172, #1820 ),
 .UNSPECIFIED., .F., .F.,
 ( 4, 4 ),
 ( 1.597468188316965038E-21, 0.0004192949315278256478 ),
 .UNSPECIFIED. ) ;
#1724 = DIRECTION ( 'NONE',  ( -1.000000000000000000, 0.0000000000000000000, 0.0000000000000000000 ) ) ;
#1725 = VECTOR ( 'NONE', #1835, 39.37007874015748143 ) ;
#1726 = DIRECTION ( 'NONE',  ( 0.0000000000000000000, 1.000000000000000000, 1.239088197126290817E-16 ) ) ;
#1727 = FACE_OUTER_BOUND ( 'NONE', #4080, .T. ) ;
#1728 = EDGE_CURVE ( 'NONE', #1166, #169, #388, .T. ) ;
#1729 = ORIENTED_EDGE ( 'NONE', *, *, #4182, .F. ) ;
#1730 = VERTEX_POINT ( 'NONE', #2451 ) ;
#1731 = CARTESIAN_POINT ( 'NONE',  ( -0.4527559055118111075, 0.07086614173228347746, -0.5078740157480314821 ) ) ;
#1732 = DIRECTION ( 'NONE',  ( 0.0000000000000000000, 1.000000000000000000, 1.112002228190260705E-16 ) ) ;
#1733 = ADVANCED_FACE ( 'NONE', ( #5325 ), #3190, .F. ) ;
#1734 = ORIENTED_EDGE ( 'NONE', *, *, #4358, .T. ) ;
#1735 = CARTESIAN_POINT ( 'NONE',  ( 0.4212598425196851237, 0.3838582677165353618, -0.2086614173228346636 ) ) ;
#1736 = EDGE_CURVE ( 'NONE', #4525, #4422, #1986, .T. ) ;
#1737 = CARTESIAN_POINT ( 'NONE',  ( 0.4212598425196851237, 0.4665354330708661457, -0.2716535433070865757 ) ) ;
#1738 = ORIENTED_EDGE ( 'NONE', *, *, #4912, .F. ) ;
#1739 = CARTESIAN_POINT ( 'NONE',  ( 0.4527559055118109410, 0.07086614173228343583, -1.148425196850393792 ) ) ;
#1740 = CARTESIAN_POINT ( 'NONE',  ( 0.4291338582677164948, 0.07086614173228342195, -1.148425196850393792 ) ) ;
#1741 = LINE ( 'NONE', #1672, #1541 ) ;
#1742 = EDGE_CURVE ( 'NONE', #878, #1153, #3274, .T. ) ;
#1743 = EDGE_CURVE ( 'NONE', #1796, #1782, #4963, .T. ) ;
#1744 = LINE ( 'NONE', #4692, #1616 ) ;
#1745 = VERTEX_POINT ( 'NONE', #2806 ) ;
#1746 = VERTEX_POINT ( 'NONE', #1200 ) ;
#1747 = LINE ( 'NONE', #3853, #2803 ) ;
#1748 = DIRECTION ( 'NONE',  ( 1.000000000000000000, 0.0000000000000000000, 0.0000000000000000000 ) ) ;
#1749 = DIRECTION ( 'NONE',  ( 0.0000000000000000000, 0.0000000000000000000, 1.000000000000000000 ) ) ;
#1750 = CARTESIAN_POINT ( 'NONE',  ( -0.4356970836099151034, 0.4898052704652088307, 0.09884078434789470013 ) ) ;
#1751 = ORIENTED_EDGE ( 'NONE', *, *, #3087, .F. ) ;
#1752 = VERTEX_POINT ( 'NONE', #4134 ) ;
#1753 = CARTESIAN_POINT ( 'NONE',  ( -0.4448818897637797365, 0.001771933957542390055, -0.5078740157480314821 ) ) ;
#1754 = FILL_AREA_STYLE_COLOUR ( '', #629 ) ;
#1755 = ORIENTED_EDGE ( 'NONE', *, *, #4257, .F. ) ;
#1756 = CARTESIAN_POINT ( 'NONE',  ( -0.3661417322834646382, 0.04724409448818897572, 0.0000000000000000000 ) ) ;
#1757 = EDGE_CURVE ( 'NONE', #3249, #2284, #1634, .T. ) ;
#1758 = CARTESIAN_POINT ( 'NONE',  ( -0.4291338582677166058, 0.07086614173228347746, -0.7204724409448819422 ) ) ;
#1759 = AXIS2_PLACEMENT_3D ( 'NONE', #3624, #1496, #3170 ) ;
#1760 = CARTESIAN_POINT ( 'NONE',  ( 0.4339682009560750786, -6.872982585492458340E-17, -0.9946344288567133818 ) ) ;
#1761 = CARTESIAN_POINT ( 'NONE',  ( 0.4527559055118111075, 0.5000000000000000000, -1.148425196850393792 ) ) ;
#1762 = ORIENTED_EDGE ( 'NONE', *, *, #4417, .F. ) ;
#1763 = AXIS2_PLACEMENT_3D ( 'NONE', #1179, #2843, #773 ) ;
#1764 = EDGE_CURVE ( 'NONE', #2163, #2154, #338, .T. ) ;
#1765 = DIRECTION ( 'NONE',  ( 0.0000000000000000000, 0.0000000000000000000, -1.000000000000000000 ) ) ;
#1766 = LINE ( 'NONE', #1379, #1350 ) ;
#1767 = AXIS2_PLACEMENT_3D ( 'NONE', #1281, #5070, #1308 ) ;
#1768 = VERTEX_POINT ( 'NONE', #4025 ) ;
#1769 = ORIENTED_EDGE ( 'NONE', *, *, #661, .T. ) ;
#1770 = CARTESIAN_POINT ( 'NONE',  ( 1.157146581871514797E-17, -6.829619984160658046E-17, -0.7314960629921261059 ) ) ;
#1771 = EDGE_CURVE ( 'NONE', #4822, #3112, #2819, .T. ) ;
#1772 = LINE ( 'NONE', #3078, #413 ) ;
#1773 = PRESENTATION_LAYER_ASSIGNMENT (  '', '', ( #4688 ) ) ;
#1774 = DIRECTION ( 'NONE',  ( 0.0000000000000000000, 1.000000000000000000, 0.0000000000000000000 ) ) ;
#1775 = CARTESIAN_POINT ( 'NONE',  ( 0.4291338582677164948, 0.07086614173228342195, -0.5708661417322835607 ) ) ;
#1776 = ORIENTED_EDGE ( 'NONE', *, *, #2654, .T. ) ;
#1777 = ORIENTED_EDGE ( 'NONE', *, *, #2256, .F. ) ;
#1778 = VECTOR ( 'NONE', #3841, 39.37007874015748143 ) ;
#1779 = CARTESIAN_POINT ( 'NONE',  ( -0.4527559055118111075, 0.0000000000000000000, -0.9960629921259842590 ) ) ;
#1780 = AXIS2_PLACEMENT_3D ( 'NONE', #778, #1618, #2850 ) ;
#1781 = CYLINDRICAL_SURFACE ( 'NONE', #5368, 0.07086614173228344971 ) ;
#1782 = VERTEX_POINT ( 'NONE', #2074 ) ;
#1783 = CARTESIAN_POINT ( 'NONE',  ( -0.5000000000000001110, 0.07086614173228347746, -1.148425196850393792 ) ) ;
#1784 = DIRECTION ( 'NONE',  ( 0.0000000000000000000, -1.000000000000000000, 0.0000000000000000000 ) ) ;
#1785 = PLANE ( 'NONE',  #840 ) ;
#1786 = EDGE_CURVE ( 'NONE', #4837, #3322, #4666, .T. ) ;
#1787 = VECTOR ( 'NONE', #3092, 39.37007874015748143 ) ;
#1788 = DIRECTION ( 'NONE',  ( 0.0000000000000000000, 0.0000000000000000000, -1.000000000000000000 ) ) ;
#1789 = VERTEX_POINT ( 'NONE', #490 ) ;
#1790 = PLANE ( 'NONE',  #2379 ) ;
#1791 = AXIS2_PLACEMENT_3D ( 'NONE', #2527, #5116, #4276 ) ;
#1792 = AXIS2_PLACEMENT_3D ( 'NONE', #705, #2813, #4910 ) ;
#1793 = DIRECTION ( 'NONE',  ( 1.000000000000000000, 0.0000000000000000000, 0.0000000000000000000 ) ) ;
#1794 = EDGE_CURVE ( 'NONE', #438, #1205, #1717, .T. ) ;
#1795 = ORIENTED_EDGE ( 'NONE', *, *, #2634, .F. ) ;
#1796 = VERTEX_POINT ( 'NONE', #4221 ) ;
#1797 = VECTOR ( 'NONE', #1450, 39.37007874015748143 ) ;
#1798 = LINE ( 'NONE', #3925, #1151 ) ;
#1799 = VECTOR ( 'NONE', #4591, 39.37007874015748143 ) ;
#1800 = CARTESIAN_POINT ( 'NONE',  ( -0.5000000000000001110, 0.5000000000000000000, -1.148425196850393792 ) ) ;
#1801 = FACE_OUTER_BOUND ( 'NONE', #1997, .T. ) ;
#1802 =( GEOMETRIC_REPRESENTATION_CONTEXT ( 3 ) GLOBAL_UNCERTAINTY_ASSIGNED_CONTEXT ( ( #769 ) ) GLOBAL_UNIT_ASSIGNED_CONTEXT ( ( #1629, #1543, #2829 ) ) REPRESENTATION_CONTEXT ( 'NONE', 'WORKASPACE' ) );
#1803 = EDGE_CURVE ( 'NONE', #3953, #2194, #3392, .T. ) ;
#1804 = ORIENTED_EDGE ( 'NONE', *, *, #772, .T. ) ;
#1805 = ORIENTED_EDGE ( 'NONE', *, *, #3918, .F. ) ;
#1806 = STYLED_ITEM ( 'NONE', ( #4485 ), #5363 ) ;
#1807 = LINE ( 'NONE', #1041, #4784 ) ;
#1808 = LINE ( 'NONE', #3086, #1505 ) ;
#1809 = CARTESIAN_POINT ( 'NONE',  ( 0.4291338582677164948, 0.07086614173228342195, -1.148425196850393792 ) ) ;
#1810 = EDGE_LOOP ( 'NONE', ( #2649, #951, #1751, #1013 ) ) ;
#1811 = PLANE ( 'NONE',  #3913 ) ;
#1812 = CYLINDRICAL_SURFACE ( 'NONE', #2211, 0.02362204724409448092 ) ;
#1813 =( LENGTH_UNIT ( ) NAMED_UNIT ( * ) SI_UNIT ( $, .METRE. ) );
#1814 = CARTESIAN_POINT ( 'NONE',  ( 0.4999999999999998335, 0.07086614173228342195, -0.2952755905511810774 ) ) ;
#1815 = ORIENTED_EDGE ( 'NONE', *, *, #4298, .T. ) ;
#1816 = CARTESIAN_POINT ( 'NONE',  ( -0.4448818897637797365, -6.829619984160658046E-17, -0.9960629921259842590 ) ) ;
#1817 = ORIENTED_EDGE ( 'NONE', *, *, #4066, .F. ) ;
#1818 = EDGE_LOOP ( 'NONE', ( #3155, #190, #1941, #2079 ) ) ;
#1819 = FACE_OUTER_BOUND ( 'NONE', #2602, .T. ) ;
#1820 = CARTESIAN_POINT ( 'NONE',  ( 0.4448818897637792924, 0.001771933957542277298, -0.9330708661417322913 ) ) ;
#1821 = EDGE_CURVE ( 'NONE', #1626, #245, #3711, .T. ) ;
#1822 = CARTESIAN_POINT ( 'NONE',  ( -0.4426332105210579737, 0.05124802740525374184, -0.2952755905511810774 ) ) ;
#1823 = VERTEX_POINT ( 'NONE', #115 ) ;
#1824 = ORIENTED_EDGE ( 'NONE', *, *, #337, .F. ) ;
#1825 = DIRECTION ( 'NONE',  ( 0.0000000000000000000, 0.0000000000000000000, 1.000000000000000000 ) ) ;
#1826 = EDGE_CURVE ( 'NONE', #3594, #535, #2966, .T. ) ;
#1827 = CARTESIAN_POINT ( 'NONE',  ( 0.4339674353673058649, -7.141440955459290511E-17, -0.5093030210301845440 ) ) ;
#1828 = ORIENTED_EDGE ( 'NONE', *, *, #3616, .T. ) ;
#1829 = CARTESIAN_POINT ( 'NONE',  ( -0.4212598425196851237, 0.4393700787401574881, 0.003937007874015795682 ) ) ;
#1830 = EDGE_CURVE ( 'NONE', #3302, #2919, #2097, .T. ) ;
#1831 = EDGE_CURVE ( 'NONE', #2744, #1823, #5197, .T. ) ;
#1832 = LINE ( 'NONE', #3146, #4608 ) ;
#1833 = CARTESIAN_POINT ( 'NONE',  ( 0.4527559055118111075, 0.5000000000000000000, -0.3582677165354331006 ) ) ;
#1834 = VECTOR ( 'NONE', #4188, 39.37007874015748143 ) ;
#1835 = DIRECTION ( 'NONE',  ( 0.0000000000000000000, 1.000000000000000000, 0.0000000000000000000 ) ) ;
#1836 = VERTEX_POINT ( 'NONE', #3785 ) ;
#1837 = MECHANICAL_DESIGN_GEOMETRIC_PRESENTATION_REPRESENTATION (  '', ( #3328 ), #624 ) ;
#1838 = DIRECTION ( 'NONE',  ( 0.0000000000000000000, 0.0000000000000000000, -1.000000000000000000 ) ) ;
#1839 = CARTESIAN_POINT ( 'NONE',  ( 0.4291338582677164948, 0.07086614173228342195, -1.148425196850393792 ) ) ;
#1840 = VERTEX_POINT ( 'NONE', #4163 ) ;
#1841 = ORIENTED_EDGE ( 'NONE', *, *, #5170, .F. ) ;
#1842 = VECTOR ( 'NONE', #105, 39.37007874015748143 ) ;
#1843 = DIRECTION ( 'NONE',  ( 0.0000000000000000000, 1.000000000000000000, 0.0000000000000000000 ) ) ;
#1844 = DIRECTION ( 'NONE',  ( -1.239088197126286133E-15, -0.0000000000000000000, -1.000000000000000000 ) ) ;
#1845 = LINE ( 'NONE', #5158, #1333 ) ;
#1846 = VECTOR ( 'NONE', #4499, 39.37007874015748143 ) ;
#1847 = DIRECTION ( 'NONE',  ( 0.0000000000000000000, 0.0000000000000000000, -1.000000000000000000 ) ) ;
#1848 = ORIENTED_EDGE ( 'NONE', *, *, #4364, .T. ) ;
#1849 = VERTEX_POINT ( 'NONE', #2561 ) ;
#1850 = EDGE_CURVE ( 'NONE', #2544, #3570, #1331, .T. ) ;
#1851 = AXIS2_PLACEMENT_3D ( 'NONE', #1516, #4196, #3304 ) ;
#1852 = CARTESIAN_POINT ( 'NONE',  ( 3.857155272905044443E-18, 0.04724409448818897572, -0.6685039370078741383 ) ) ;
#1853 = FACE_OUTER_BOUND ( 'NONE', #96, .T. ) ;
#1854 = DIRECTION ( 'NONE',  ( 0.0000000000000000000, 0.0000000000000000000, 1.000000000000000000 ) ) ;
#1855 = COLOUR_RGB ( '',0.7529411764705882248, 0.7529411764705882248, 0.7529411764705882248 ) ;
#1856 = EDGE_LOOP ( 'NONE', ( #3979, #5237, #4545, #2887 ) ) ;
#1857 = ORIENTED_EDGE ( 'NONE', *, *, #5200, .F. ) ;
#1858 = EDGE_CURVE ( 'NONE', #1210, #2163, #4585, .T. ) ;
#1859 = DIRECTION ( 'NONE',  ( 1.000000000000000000, 0.0000000000000000000, 0.0000000000000000000 ) ) ;
#1860 = VECTOR ( 'NONE', #4315, 39.37007874015748143 ) ;
#1861 = DIRECTION ( 'NONE',  ( 1.000000000000000000, 0.0000000000000000000, 0.0000000000000000000 ) ) ;
#1862 = DIRECTION ( 'NONE',  ( 1.000000000000000000, 0.0000000000000000000, 0.0000000000000000000 ) ) ;
#1863 = LINE ( 'NONE', #319, #672 ) ;
#1864 = CARTESIAN_POINT ( 'NONE',  ( 0.4291338582677164948, 0.07086614173228342195, -0.7204724409448819422 ) ) ;
#1865 = CARTESIAN_POINT ( 'NONE',  ( 0.4212598425196851237, 0.3070866141732282451, -0.2086614173228346081 ) ) ;
#1866 = EDGE_CURVE ( 'NONE', #2810, #2109, #1246, .T. ) ;
#1867 = DIRECTION ( 'NONE',  ( -1.000000000000000000, 0.0000000000000000000, 1.239088197126286133E-15 ) ) ;
#1868 = DIRECTION ( 'NONE',  ( 1.000000000000000000, 0.0000000000000000000, 0.0000000000000000000 ) ) ;
#1869 = AXIS2_PLACEMENT_3D ( 'NONE', #2743, #5205, #4437 ) ;
#1870 = ORIENTED_EDGE ( 'NONE', *, *, #5360, .T. ) ;
#1871 = ORIENTED_EDGE ( 'NONE', *, *, #4544, .T. ) ;
#1872 = B_SPLINE_CURVE_WITH_KNOTS ( 'NONE', 3,
 ( #3662, #3958, #5340, #4515 ),
 .UNSPECIFIED., .F., .F.,
 ( 4, 4 ),
 ( 1.723864406242222926E-20, 0.0004192949315278233710 ),
 .UNSPECIFIED. ) ;
#1873 = DIRECTION ( 'NONE',  ( 0.0000000000000000000, 0.0000000000000000000, 1.000000000000000000 ) ) ;
#1874 = COLOUR_RGB ( '',0.7529411764705882248, 0.7529411764705882248, 0.7529411764705882248 ) ;
#1875 = VECTOR ( 'NONE', #5032, 39.37007874015748143 ) ;
#1876 = CARTESIAN_POINT ( 'NONE',  ( 0.4339674353673058649, -7.607269825881576111E-17, -0.9344998714238853532 ) ) ;
#1877 = CARTESIAN_POINT ( 'NONE',  ( -0.4606299212598428117, 0.4393700787401574881, 0.1822834645669293707 ) ) ;
#1878 = ORIENTED_EDGE ( 'NONE', *, *, #5031, .T. ) ;
#1879 = CIRCLE ( 'NONE', #321, 0.03149606299212599769 ) ;
#1880 = CIRCLE ( 'NONE', #2498, 0.02362204724409448092 ) ;
#1881 = VERTEX_POINT ( 'NONE', #2915 ) ;
#1882 = LINE ( 'NONE', #3564, #804 ) ;
#1883 = LINE ( 'NONE', #4342, #2402 ) ;
#1884 = COLOUR_RGB ( '',0.7529411764705882248, 0.7529411764705882248, 0.7529411764705882248 ) ;
#1885 = CARTESIAN_POINT ( 'NONE',  ( -0.4572895544031854720, 0.4393700787401574881, 0.08637436552293091541 ) ) ;
#1886 = DIRECTION ( 'NONE',  ( 0.0000000000000000000, 1.000000000000000000, 0.0000000000000000000 ) ) ;
#1887 = VERTEX_POINT ( 'NONE', #2158 ) ;
#1888 = ORIENTED_EDGE ( 'NONE', *, *, #3794, .T. ) ;
#1889 = VECTOR ( 'NONE', #2092, 39.37007874015748143 ) ;
#1890 = CARTESIAN_POINT ( 'NONE',  ( -0.4345673344069682642, 0.04769495268324636106, -0.5094787717343076672 ) ) ;
#1891 = LINE ( 'NONE', #1075, #2118 ) ;
#1892 = DIRECTION ( 'NONE',  ( 0.0000000000000000000, -1.000000000000000000, 0.0000000000000000000 ) ) ;
#1893 = EDGE_CURVE ( 'NONE', #4378, #4854, #28, .T. ) ;
#1894 = DIRECTION ( 'NONE',  ( -1.239088197126286133E-15, 0.0000000000000000000, -1.000000000000000000 ) ) ;
#1895 = AXIS2_PLACEMENT_3D ( 'NONE', #4576, #809, #2471 ) ;
#1896 = EDGE_CURVE ( 'NONE', #1836, #790, #4612, .T. ) ;
#1897 = CARTESIAN_POINT ( 'NONE',  ( -0.4527559055118111075, 0.3838582677165353618, -0.2086614173228346636 ) ) ;
#1898 = CARTESIAN_POINT ( 'NONE',  ( 0.4527559055118111075, 0.3606299212598426118, 0.003937007874015795682 ) ) ;
#1899 = ORIENTED_EDGE ( 'NONE', *, *, #1564, .T. ) ;
#1900 = ORIENTED_EDGE ( 'NONE', *, *, #4316, .F. ) ;
#1901 = DIRECTION ( 'NONE',  ( 0.0000000000000000000, 0.0000000000000000000, 1.000000000000000000 ) ) ;
#1902 = UNCERTAINTY_MEASURE_WITH_UNIT (LENGTH_MEASURE( 1.000000000000000082E-05 ), #4074, 'distance_accuracy_value', 'NONE');
#1903 = CARTESIAN_POINT ( 'NONE',  ( 0.4291338582677159397, -1.762961249615287465E-17, -0.7792448946073836646 ) ) ;
#1904 = CARTESIAN_POINT ( 'NONE',  ( 0.4356970836099151034, 0.4898052704652088307, 0.09884078434789470013 ) ) ;
#1905 =( NAMED_UNIT ( * ) SI_UNIT ( $, .STERADIAN. ) SOLID_ANGLE_UNIT ( ) );
#1906 = DIRECTION ( 'NONE',  ( 1.000000000000000000, 0.0000000000000000000, 0.0000000000000000000 ) ) ;
#1907 = ORIENTED_EDGE ( 'NONE', *, *, #1301, .T. ) ;
#1908 = VERTEX_POINT ( 'NONE', #5095 ) ;
#1909 = DIRECTION ( 'NONE',  ( -1.000000000000000000, 0.0000000000000000000, 0.0000000000000000000 ) ) ;
#1910 = FACE_OUTER_BOUND ( 'NONE', #4369, .T. ) ;
#1911 = CARTESIAN_POINT ( 'NONE',  ( -0.4776887431617387603, 0.3606299212598426118, 0.008848995601825804594 ) ) ;
#1912 = EDGE_LOOP ( 'NONE', ( #507, #4004, #519, #3673, #2574, #2398 ) ) ;
#1913 = ORIENTED_EDGE ( 'NONE', *, *, #2, .T. ) ;
#1914 = DIRECTION ( 'NONE',  ( 0.0000000000000000000, 1.000000000000000000, 0.0000000000000000000 ) ) ;
#1915 = CARTESIAN_POINT ( 'NONE',  ( -0.4448818897637797365, 0.001771933957542390055, -0.7204724409448818312 ) ) ;
#1916 = DIRECTION ( 'NONE',  ( 0.0000000000000000000, 0.0000000000000000000, -1.000000000000000000 ) ) ;
#1917 = DIRECTION ( 'NONE',  ( 0.0000000000000000000, 1.000000000000000000, 0.0000000000000000000 ) ) ;
#1918 = CARTESIAN_POINT ( 'NONE',  ( -0.4685039370078740717, 0.3070866141732282451, -0.07086614173228347746 ) ) ;
#1919 = DIRECTION ( 'NONE',  ( 1.000000000000000000, 0.0000000000000000000, 0.0000000000000000000 ) ) ;
#1920 = EDGE_CURVE ( 'NONE', #2624, #2275, #4321, .T. ) ;
#1921 = DIRECTION ( 'NONE',  ( 0.0000000000000000000, 0.0000000000000000000, 1.000000000000000000 ) ) ;
#1922 = VECTOR ( 'NONE', #1992, 39.37007874015748143 ) ;
#1923 = DIRECTION ( 'NONE',  ( 0.0000000000000000000, 1.000000000000000000, 0.0000000000000000000 ) ) ;
#1924 = ORIENTED_EDGE ( 'NONE', *, *, #3281, .T. ) ;
#1925 = EDGE_LOOP ( 'NONE', ( #411, #1729, #1506, #3867, #1509, #2301 ) ) ;
#1926 = EDGE_CURVE ( 'NONE', #2190, #3270, #3758, .T. ) ;
#1927 = DIRECTION ( 'NONE',  ( -1.000000000000000000, 0.0000000000000000000, 0.0000000000000000000 ) ) ;
#1928 = COLOUR_RGB ( '',0.7529411764705882248, 0.7529411764705882248, 0.7529411764705882248 ) ;
#1929 = DIRECTION ( 'NONE',  ( -1.000000000000000000, 0.0000000000000000000, 0.0000000000000000000 ) ) ;
#1930 = DIRECTION ( 'NONE',  ( 0.0000000000000000000, -1.239088197126290817E-16, 1.000000000000000000 ) ) ;
#1931 = DIRECTION ( 'NONE',  ( 0.0000000000000000000, 0.0000000000000000000, -1.000000000000000000 ) ) ;
#1932 = ORIENTED_EDGE ( 'NONE', *, *, #3722, .T. ) ;
#1933 = ORIENTED_EDGE ( 'NONE', *, *, #557, .F. ) ;
#1934 = EDGE_CURVE ( 'NONE', #3947, #4886, #5016, .T. ) ;
#1935 = LINE ( 'NONE', #3619, #1671 ) ;
#1936 = CARTESIAN_POINT ( 'NONE',  ( 0.5000000000000001110, 0.07086614173228342195, -0.3582677165354331006 ) ) ;
#1937 = AXIS2_PLACEMENT_3D ( 'NONE', #3175, #1535, #1131 ) ;
#1938 = CARTESIAN_POINT ( 'NONE',  ( 0.4291338582677159397, 0.0000000000000000000, -1.148425196850393792 ) ) ;
#1939 = DIRECTION ( 'NONE',  ( 0.0000000000000000000, 0.0000000000000000000, 1.000000000000000000 ) ) ;
#1940 = VERTEX_POINT ( 'NONE', #439 ) ;
#1941 = ORIENTED_EDGE ( 'NONE', *, *, #2506, .T. ) ;
#1942 = VECTOR ( 'NONE', #2507, 39.37007874015748143 ) ;
#1943 = DIRECTION ( 'NONE',  ( 0.0000000000000000000, -1.000000000000000000, 0.0000000000000000000 ) ) ;
#1944 = CARTESIAN_POINT ( 'NONE',  ( 0.4291338582677159397, -1.707404996040152802E-17, -0.7246921132666320764 ) ) ;
#1945 = DIRECTION ( 'NONE',  ( 0.0000000000000000000, 0.0000000000000000000, -1.000000000000000000 ) ) ;
#1946 = AXIS2_PLACEMENT_3D ( 'NONE', #4019, #3151, #2007 ) ;
#1947 = PLANE ( 'NONE',  #2645 ) ;
#1948 = CARTESIAN_POINT ( 'NONE',  ( -0.4356970836099151034, 0.4393700787401574881, 0.09884078434789470013 ) ) ;
#1949 = VECTOR ( 'NONE', #2320, 39.37007874015748143 ) ;
#1950 = ORIENTED_EDGE ( 'NONE', *, *, #972, .T. ) ;
#1951 = CARTESIAN_POINT ( 'NONE',  ( -0.5000000000000001110, 0.07086614173228347746, -1.148425196850393792 ) ) ;
#1952 = EDGE_CURVE ( 'NONE', #2624, #2015, #3520, .T. ) ;
#1953 =( LENGTH_UNIT ( ) NAMED_UNIT ( * ) SI_UNIT ( $, .METRE. ) );
#1954 = DIRECTION ( 'NONE',  ( 0.0000000000000000000, 1.000000000000000000, -7.905640841040136087E-17 ) ) ;
#1955 = ORIENTED_EDGE ( 'NONE', *, *, #372, .T. ) ;
#1956 = UNCERTAINTY_MEASURE_WITH_UNIT (LENGTH_MEASURE( 1.000000000000000082E-05 ), #3261, 'distance_accuracy_value', 'NONE');
#1957 = CARTESIAN_POINT ( 'NONE',  ( -0.4345559534692977621, 0.04769230170708504274, -0.5692575170136153773 ) ) ;
#1958 = LINE ( 'NONE', #4470, #468 ) ;
#1959 = ADVANCED_FACE ( 'NONE', ( #2637 ), #4819, .F. ) ;
#1960 = DIRECTION ( 'NONE',  ( 0.0000000000000000000, 1.000000000000000000, -4.448008912761042820E-16 ) ) ;
#1961 = ORIENTED_EDGE ( 'NONE', *, *, #2354, .T. ) ;
#1962 = EDGE_LOOP ( 'NONE', ( #4616, #1211, #3790, #813 ) ) ;
#1963 = CARTESIAN_POINT ( 'NONE',  ( -0.5000000000000004441, -6.829619984160658046E-17, -0.3582677165354331006 ) ) ;
#1964 = UNCERTAINTY_MEASURE_WITH_UNIT (LENGTH_MEASURE( 1.000000000000000082E-05 ), #1546, 'distance_accuracy_value', 'NONE');
#1965 = PLANE ( 'NONE',  #2748 ) ;
#1966 = CARTESIAN_POINT ( 'NONE',  ( -0.5000000000000001110, 0.0000000000000000000, 0.0000000000000000000 ) ) ;
#1967 = EDGE_CURVE ( 'NONE', #1651, #3628, #3071, .T. ) ;
#1968 = LINE ( 'NONE', #3655, #2369 ) ;
#1969 = AXIS2_PLACEMENT_3D ( 'NONE', #525, #2513, #3877 ) ;
#1970 = ORIENTED_EDGE ( 'NONE', *, *, #3830, .T. ) ;
#1971 = ORIENTED_EDGE ( 'NONE', *, *, #4127, .T. ) ;
#1972 = LINE ( 'NONE', #4916, #4272 ) ;
#1973 = VECTOR ( 'NONE', #64, 39.37007874015748143 ) ;
#1974 = AXIS2_PLACEMENT_3D ( 'NONE', #4584, #1280, #3303 ) ;
#1975 = CARTESIAN_POINT ( 'NONE',  ( 0.4560962723684683917, 0.4393700787401574881, 0.02131541442678966738 ) ) ;
#1976 =( NAMED_UNIT ( * ) SI_UNIT ( $, .STERADIAN. ) SOLID_ANGLE_UNIT ( ) );
#1977 = ADVANCED_FACE ( 'NONE', ( #5120 ), #1790, .F. ) ;
#1978 = DIRECTION ( 'NONE',  ( 0.0000000000000000000, 0.0000000000000000000, 1.000000000000000000 ) ) ;
#1979 = LINE ( 'NONE', #716, #5236 ) ;
#1980 = EDGE_LOOP ( 'NONE', ( #404, #3333, #141, #2629, #4271 ) ) ;
#1981 = DIRECTION ( 'NONE',  ( 0.0000000000000000000, -1.239088197126290817E-16, 1.000000000000000000 ) ) ;
#1982 = CARTESIAN_POINT ( 'NONE',  ( 0.4527559055118111075, 0.5000000000000000000, -0.9960629921259842590 ) ) ;
#1983 = SURFACE_STYLE_USAGE ( .BOTH. , #2389 ) ;
#1984 = ORIENTED_EDGE ( 'NONE', *, *, #2611, .T. ) ;
#1985 = LINE ( 'NONE', #3585, #1279 ) ;
#1986 = LINE ( 'NONE', #4105, #2122 ) ;
#1987 = DIRECTION ( 'NONE',  ( 0.0000000000000000000, -1.000000000000000000, 0.0000000000000000000 ) ) ;
#1988 = DIRECTION ( 'NONE',  ( 0.0000000000000000000, -1.000000000000000000, 0.0000000000000000000 ) ) ;
#1989 = EDGE_LOOP ( 'NONE', ( #1304, #1240, #1473, #4774 ) ) ;
#1990 = ORIENTED_EDGE ( 'NONE', *, *, #669, .F. ) ;
#1991 = DIMENSIONAL_EXPONENTS ( 1.000000000000000000, 0.0000000000000000000, 0.0000000000000000000, 0.0000000000000000000, 0.0000000000000000000, 0.0000000000000000000, 0.0000000000000000000 ) ;
#1992 = DIRECTION ( 'NONE',  ( 0.0000000000000000000, 1.000000000000000000, 0.0000000000000000000 ) ) ;
#1993 = EDGE_CURVE ( 'NONE', #811, #2086, #187, .T. ) ;
#1994 = CARTESIAN_POINT ( 'NONE',  ( -0.5000000000000001110, 0.5000000000000000000, -1.148425196850393792 ) ) ;
#1995 = LINE ( 'NONE', #5384, #2569 ) ;
#1996 = DIRECTION ( 'NONE',  ( 0.0000000000000000000, -1.000000000000000000, 4.448008912761042820E-16 ) ) ;
#1997 = EDGE_LOOP ( 'NONE', ( #1030, #4206, #901, #4728 ) ) ;
#1998 = VERTEX_POINT ( 'NONE', #2302 ) ;
#1999 =( LENGTH_UNIT ( ) NAMED_UNIT ( * ) SI_UNIT ( $, .METRE. ) );
#2000 = ADVANCED_FACE ( 'NONE', ( #3472 ), #142, .F. ) ;
#2001 = DIRECTION ( 'NONE',  ( 0.0000000000000000000, 1.000000000000000000, 1.112002228190260705E-16 ) ) ;
#2002 = LINE ( 'NONE', #2823, #2765 ) ;
#2003 = DIRECTION ( 'NONE',  ( 0.0000000000000000000, 1.000000000000000000, 0.0000000000000000000 ) ) ;
#2004 = ADVANCED_FACE ( 'NONE', ( #3447 ), #1428, .T. ) ;
#2005 = EDGE_CURVE ( 'NONE', #761, #16, #3804, .T. ) ;
#2006 = ORIENTED_EDGE ( 'NONE', *, *, #310, .T. ) ;
#2007 = DIRECTION ( 'NONE',  ( 0.0000000000000000000, 0.0000000000000000000, 1.000000000000000000 ) ) ;
#2008 = ORIENTED_EDGE ( 'NONE', *, *, #4912, .T. ) ;
#2009 = UNCERTAINTY_MEASURE_WITH_UNIT (LENGTH_MEASURE( 1.000000000000000082E-05 ), #2560, 'distance_accuracy_value', 'NONE');
#2010 = CARTESIAN_POINT ( 'NONE',  ( 0.3661417322834639165, 0.0000000000000000000, 0.03149606299212598381 ) ) ;
#2011 = DIRECTION ( 'NONE',  ( 0.0000000000000000000, 1.000000000000000000, 0.0000000000000000000 ) ) ;
#2012 = CARTESIAN_POINT ( 'NONE',  ( 0.5007640645383754086, 0.4393700787401574881, 0.1616744259112477544 ) ) ;
#2013 = DIRECTION ( 'NONE',  ( 0.0000000000000000000, 1.000000000000000000, 0.0000000000000000000 ) ) ;
#2014 = VERTEX_POINT ( 'NONE', #3549 ) ;
#2015 = VERTEX_POINT ( 'NONE', #1459 ) ;
#2016 = AXIS2_PLACEMENT_3D ( 'NONE', #5245, #278, #4504 ) ;
#2017 = LINE ( 'NONE', #423, #1234 ) ;
#2018 = CARTESIAN_POINT ( 'NONE',  ( 0.4317475460355924000, 0.04724409448816405122, -0.3555570575500582309 ) ) ;
#2019 = DIRECTION ( 'NONE',  ( 0.0000000000000000000, 0.0000000000000000000, -1.000000000000000000 ) ) ;
#2020 = PRESENTATION_LAYER_ASSIGNMENT (  '', '', ( #4749 ) ) ;
#2021 = PLANE ( 'NONE',  #2814 ) ;
#2022 = EDGE_CURVE ( 'NONE', #1730, #118, #1052, .T. ) ;
#2023 = VERTEX_POINT ( 'NONE', #3991 ) ;
#2024 = ORIENTED_EDGE ( 'NONE', *, *, #1698, .F. ) ;
#2025 = LINE ( 'NONE', #1588, #1194 ) ;
#2026 = CARTESIAN_POINT ( 'NONE',  ( 0.4345673344069676536, 0.04769495268324617371, -0.9944582361397081849 ) ) ;
#2027 = DIMENSIONAL_EXPONENTS ( 1.000000000000000000, 0.0000000000000000000, 0.0000000000000000000, 0.0000000000000000000, 0.0000000000000000000, 0.0000000000000000000, 0.0000000000000000000 ) ;
#2028 = CARTESIAN_POINT ( 'NONE',  ( -0.4448818897637797365, -6.829619984160658046E-17, -0.7519685039370078705 ) ) ;
#2029 = DIRECTION ( 'NONE',  ( 0.0000000000000000000, 0.0000000000000000000, 1.000000000000000000 ) ) ;
#2030 = AXIS2_PLACEMENT_3D ( 'NONE', #1904, #598, #3159 ) ;
#2031 = EDGE_CURVE ( 'NONE', #2487, #1849, #1353, .T. ) ;
#2032 = ORIENTED_EDGE ( 'NONE', *, *, #37, .T. ) ;
#2033 = FACE_OUTER_BOUND ( 'NONE', #3881, .T. ) ;
#2034 = CARTESIAN_POINT ( 'NONE',  ( 0.4173228346456693827, 0.3070866141732282451, -0.2086614173228346081 ) ) ;
#2035 = EDGE_LOOP ( 'NONE', ( #1260, #2801, #5396, #1072, #2688, #2534, #2137, #41 ) ) ;
#2036 = SURFACE_STYLE_USAGE ( .BOTH. , #1271 ) ;
#2037 = VECTOR ( 'NONE', #816, 39.37007874015748143 ) ;
#2038 = CARTESIAN_POINT ( 'NONE',  ( 0.4527559055118111075, 0.3838582677165353618, -0.2086614173228346636 ) ) ;
#2039 = EDGE_CURVE ( 'NONE', #4886, #3218, #3212, .T. ) ;
#2040 = PRESENTATION_LAYER_ASSIGNMENT (  '', '', ( #296 ) ) ;
#2041 = ORIENTED_EDGE ( 'NONE', *, *, #516, .T. ) ;
#2042 = EDGE_LOOP ( 'NONE', ( #4029, #4626, #4010, #2128 ) ) ;
#2043 = DIRECTION ( 'NONE',  ( 0.0000000000000000000, 1.000000000000000000, 0.0000000000000000000 ) ) ;
#2044 = CARTESIAN_POINT ( 'NONE',  ( 0.4317462034815178207, 0.04724409448818888552, -0.2979870246605265116 ) ) ;
#2045 = DIRECTION ( 'NONE',  ( 0.0000000000000000000, 0.0000000000000000000, -1.000000000000000000 ) ) ;
#2046 = LINE ( 'NONE', #2099, #486 ) ;
#2047 = ORIENTED_EDGE ( 'NONE', *, *, #2682, .F. ) ;
#2048 = ORIENTED_EDGE ( 'NONE', *, *, #4014, .T. ) ;
#2049 = FACE_OUTER_BOUND ( 'NONE', #1460, .T. ) ;
#2050 = CARTESIAN_POINT ( 'NONE',  ( -0.5000000000000001110, 0.0000000000000000000, -1.148425196850393792 ) ) ;
#2051 = CARTESIAN_POINT ( 'NONE',  ( 0.4527559055118111075, 0.5000000000000000000, -1.148425196850393792 ) ) ;
#2052 = FILL_AREA_STYLE_COLOUR ( '', #3910 ) ;
#2053 = ORIENTED_EDGE ( 'NONE', *, *, #557, .T. ) ;
#2054 = ORIENTED_EDGE ( 'NONE', *, *, #965, .T. ) ;
#2055 = CARTESIAN_POINT ( 'NONE',  ( -0.4291338582677165503, -2.381519747103444493E-17, -0.9372905384634822035 ) ) ;
#2056 = EDGE_CURVE ( 'NONE', #1550, #3548, #2287, .T. ) ;
#2057 = VECTOR ( 'NONE', #1316, 39.37007874015748143 ) ;
#2058 = AXIS2_PLACEMENT_3D ( 'NONE', #3800, #4181, #4629 ) ;
#2059 =( LENGTH_UNIT ( ) NAMED_UNIT ( * ) SI_UNIT ( $, .METRE. ) );
#2060 = VERTEX_POINT ( 'NONE', #3234 ) ;
#2061 = STYLED_ITEM ( 'NONE', ( #1268 ), #4769 ) ;
#2062 = DIRECTION ( 'NONE',  ( 0.0000000000000000000, -1.000000000000000000, 0.0000000000000000000 ) ) ;
#2063 = VECTOR ( 'NONE', #3926, 39.37007874015748143 ) ;
#2064 = FACE_OUTER_BOUND ( 'NONE', #4739, .T. ) ;
#2065 = ORIENTED_EDGE ( 'NONE', *, *, #3224, .T. ) ;
#2066 = EDGE_CURVE ( 'NONE', #2817, #4561, #3692, .T. ) ;
#2067 = DIRECTION ( 'NONE',  ( 0.0000000000000000000, 0.0000000000000000000, 1.000000000000000000 ) ) ;
#2068 = STYLED_ITEM ( 'NONE', ( #295 ), #5088 ) ;
#2069 = CARTESIAN_POINT ( 'NONE',  ( -0.4291338582677165503, 0.04724409448818898266, -0.9372905384634822035 ) ) ;
#2070 = ORIENTED_EDGE ( 'NONE', *, *, #3891, .T. ) ;
#2071 = VECTOR ( 'NONE', #5337, 39.37007874015748143 ) ;
#2072 = ADVANCED_FACE ( 'NONE', ( #4463 ), #3180, .F. ) ;
#2073 = CARTESIAN_POINT ( 'NONE',  ( -0.4527559055118111075, 0.4665354330708661457, -0.2716535433070865757 ) ) ;
#2074 = CARTESIAN_POINT ( 'NONE',  ( -0.4527559055118111075, 0.3838582677165353618, -0.2086614173228346081 ) ) ;
#2075 = DIRECTION ( 'NONE',  ( 0.0000000000000000000, 0.0000000000000000000, -1.000000000000000000 ) ) ;
#2076 = AXIS2_PLACEMENT_3D ( 'NONE', #4843, #2271, #1867 ) ;
#2077 = CARTESIAN_POINT ( 'NONE',  ( -0.3661417322834646382, 0.04724409448818897572, 0.03149606299212598381 ) ) ;
#2078 = ORIENTED_EDGE ( 'NONE', *, *, #4959, .F. ) ;
#2079 = ORIENTED_EDGE ( 'NONE', *, *, #2056, .F. ) ;
#2080 = CARTESIAN_POINT ( 'NONE',  ( -0.4921259842519686845, 0.3606299212598426118, 0.1822834645669293985 ) ) ;
#2081 = EDGE_CURVE ( 'NONE', #5423, #3050, #2388, .T. ) ;
#2082 = CARTESIAN_POINT ( 'NONE',  ( -0.4212598425196851237, 0.2303149606299212948, -0.2716535433070865757 ) ) ;
#2083 = CYLINDRICAL_SURFACE ( 'NONE', #3171, 0.07086614173228344971 ) ;
#2084 = CARTESIAN_POINT ( 'NONE',  ( 0.5000000000000001110, -6.829619984160658046E-17, -0.9960629921259842590 ) ) ;
#2085 = LINE ( 'NONE', #2869, #3827 ) ;
#2086 = VERTEX_POINT ( 'NONE', #1897 ) ;
#2087 = VERTEX_POINT ( 'NONE', #5369 ) ;
#2088 = DIRECTION ( 'NONE',  ( 0.0000000000000000000, 0.0000000000000000000, -1.000000000000000000 ) ) ;
#2089 = LINE ( 'NONE', #3774, #1198 ) ;
#2090 = ORIENTED_EDGE ( 'NONE', *, *, #2005, .F. ) ;
#2091 = SURFACE_STYLE_USAGE ( .BOTH. , #1652 ) ;
#2092 = DIRECTION ( 'NONE',  ( 0.0000000000000000000, 1.000000000000000000, 0.0000000000000000000 ) ) ;
#2093 = LINE ( 'NONE', #5063, #4598 ) ;
#2094 = EDGE_CURVE ( 'NONE', #5030, #3218, #4555, .T. ) ;
#2095 = ORIENTED_EDGE ( 'NONE', *, *, #437, .F. ) ;
#2096 = FACE_OUTER_BOUND ( 'NONE', #466, .T. ) ;
#2097 = LINE ( 'NONE', #4690, #2467 ) ;
#2098 = CARTESIAN_POINT ( 'NONE',  ( -0.5280404552087514247, 0.4393700787401574881, 0.1459263944151847348 ) ) ;
#2099 = CARTESIAN_POINT ( 'NONE',  ( -0.4448818897637797365, -6.829619984160658046E-17, -0.5708661417322835607 ) ) ;
#2100 = ADVANCED_FACE ( 'NONE', ( #2421 ), #3580, .F. ) ;
#2101 = VERTEX_POINT ( 'NONE', #5345 ) ;
#2102 = EDGE_LOOP ( 'NONE', ( #967, #4264, #3240, #106, #3226, #2557 ) ) ;
#2103 = CARTESIAN_POINT ( 'NONE',  ( 0.4527559055118111075, 0.5000000000000000000, -0.5078740157480315931 ) ) ;
#2104 = LINE ( 'NONE', #35, #235 ) ;
#2105 = LINE ( 'NONE', #72, #1345 ) ;
#2106 = DIRECTION ( 'NONE',  ( -1.000000000000000000, 0.0000000000000000000, 0.0000000000000000000 ) ) ;
#2107 =( CONVERSION_BASED_UNIT ( 'INCH', #4941 ) LENGTH_UNIT ( ) NAMED_UNIT ( #5021 ) );
#2108 = EDGE_CURVE ( 'NONE', #4668, #2284, #1568, .T. ) ;
#2109 = VERTEX_POINT ( 'NONE', #2446 ) ;
#2110 = ORIENTED_EDGE ( 'NONE', *, *, #4859, .T. ) ;
#2111 = CARTESIAN_POINT ( 'NONE',  ( -0.4921259842519686845, 0.4393700787401574881, 0.1822834645669293985 ) ) ;
#2112 =( GEOMETRIC_REPRESENTATION_CONTEXT ( 3 ) GLOBAL_UNCERTAINTY_ASSIGNED_CONTEXT ( ( #1513 ) ) GLOBAL_UNIT_ASSIGNED_CONTEXT ( ( #3766, #3819, #4995 ) ) REPRESENTATION_CONTEXT ( 'NONE', 'WORKASPACE' ) );
#2113 = DIRECTION ( 'NONE',  ( 0.0000000000000000000, -1.000000000000000000, 0.0000000000000000000 ) ) ;
#2114 = ORIENTED_EDGE ( 'NONE', *, *, #2838, .F. ) ;
#2115 = CARTESIAN_POINT ( 'NONE',  ( 0.5000000000000001110, 0.5000000000000000000, -1.148425196850393792 ) ) ;
#2116 = PRESENTATION_STYLE_ASSIGNMENT (( #2036 ) ) ;
#2117 = MANIFOLD_SOLID_BREP ( 'Boss-Extrude3', #1371 ) ;
#2118 = VECTOR ( 'NONE', #1861, 39.37007874015748143 ) ;
#2119 = CARTESIAN_POINT ( 'NONE',  ( 0.4212598425196851237, 0.3070866141732282451, -0.07086614173228347746 ) ) ;
#2120 = DIRECTION ( 'NONE',  ( 0.0000000000000000000, 0.0000000000000000000, -1.000000000000000000 ) ) ;
#2121 = ORIENTED_EDGE ( 'NONE', *, *, #2989, .T. ) ;
#2122 = VECTOR ( 'NONE', #1604, 39.37007874015748143 ) ;
#2123 = ORIENTED_EDGE ( 'NONE', *, *, #3245, .F. ) ;
#2124 = ADVANCED_FACE ( 'NONE', ( #1324 ), #242, .F. ) ;
#2125 = DIRECTION ( 'NONE',  ( 0.0000000000000000000, 0.0000000000000000000, -1.000000000000000000 ) ) ;
#2126 = MANIFOLD_SOLID_BREP ( 'Boss-Extrude2', #1116 ) ;
#2127 = LINE ( 'NONE', #3474, #57 ) ;
#2128 = ORIENTED_EDGE ( 'NONE', *, *, #5039, .T. ) ;
#2129 = ORIENTED_EDGE ( 'NONE', *, *, #1363, .F. ) ;
#2130 = CIRCLE ( 'NONE', #4940, 0.03149606299212599769 ) ;
#2131 = FACE_OUTER_BOUND ( 'NONE', #3276, .T. ) ;
#2132 = EDGE_CURVE ( 'NONE', #2480, #2463, #2093, .T. ) ;
#2133 = B_SPLINE_CURVE_WITH_KNOTS ( 'NONE', 3,
 ( #1143, #2044, #679, #4084, #2860, #4530 ),
 .UNSPECIFIED., .F., .F.,
 ( 4, 2, 4 ),
 ( 7.806255641895631925E-18, 0.0002268481686830131757, 0.0004536963373660185452 ),
 .UNSPECIFIED. ) ;
#2134 = DIRECTION ( 'NONE',  ( -0.0000000000000000000, -0.0000000000000000000, -1.000000000000000000 ) ) ;
#2135 = CARTESIAN_POINT ( 'NONE',  ( -0.4400049300502926752, 0.04969432612316355274, -0.9958095153081888418 ) ) ;
#2136 = SURFACE_SIDE_STYLE ('',( #4232 ) ) ;
#2137 = ORIENTED_EDGE ( 'NONE', *, *, #1203, .F. ) ;
#2138 = ORIENTED_EDGE ( 'NONE', *, *, #4968, .F. ) ;
#2139 = CARTESIAN_POINT ( 'NONE',  ( 0.4291338582677159397, -1.802978554209197808E-17, -0.5666464694105334265 ) ) ;
#2140 = EDGE_CURVE ( 'NONE', #4562, #1768, #454, .T. ) ;
#2141 = CARTESIAN_POINT ( 'NONE',  ( 0.4291338582677159397, 0.0000000000000000000, 0.03149606299212598381 ) ) ;
#2142 = CARTESIAN_POINT ( 'NONE',  ( -0.4212598425196851237, 0.3838582677165353618, -0.2086614173228346636 ) ) ;
#2143 = VECTOR ( 'NONE', #3850, 39.37007874015748143 ) ;
#2144 = VERTEX_POINT ( 'NONE', #22 ) ;
#2145 = DIRECTION ( 'NONE',  ( 0.0000000000000000000, -1.000000000000000000, 0.0000000000000000000 ) ) ;
#2146 = SURFACE_STYLE_FILL_AREA ( #921 ) ;
#2147 = CIRCLE ( 'NONE', #1185, 0.02362204724409448092 ) ;
#2148 = VECTOR ( 'NONE', #1493, 39.37007874015748143 ) ;
#2149 =( LENGTH_UNIT ( ) NAMED_UNIT ( * ) SI_UNIT ( $, .METRE. ) );
#2150 = ADVANCED_FACE ( 'NONE', ( #3355 ), #383, .F. ) ;
#2151 =( NAMED_UNIT ( * ) PLANE_ANGLE_UNIT ( ) SI_UNIT ( $, .RADIAN. ) );
#2152 = AXIS2_PLACEMENT_3D ( 'NONE', #2751, #5269, #4002 ) ;
#2153 = VECTOR ( 'NONE', #1945, 39.37007874015748143 ) ;
#2154 = VERTEX_POINT ( 'NONE', #4159 ) ;
#2155 = ORIENTED_EDGE ( 'NONE', *, *, #996, .T. ) ;
#2156 = VECTOR ( 'NONE', #2734, 39.37007874015748143 ) ;
#2157 = DIRECTION ( 'NONE',  ( -1.000000000000000000, -0.0000000000000000000, -0.0000000000000000000 ) ) ;
#2158 = CARTESIAN_POINT ( 'NONE',  ( 0.5000000000000001110, 0.5000000000000000000, -0.9960629921259842590 ) ) ;
#2159 = CARTESIAN_POINT ( 'NONE',  ( -0.4527559055118111075, 0.4393700787401574881, 0.003937007874015795682 ) ) ;
#2160 = B_SPLINE_CURVE_WITH_KNOTS ( 'NONE', 3,
 ( #1074, #3572, #4896, #5278 ),
 .UNSPECIFIED., .F., .F.,
 ( 4, 4 ),
 ( 3.993670470793664451E-21, 0.0004192949315278156190 ),
 .UNSPECIFIED. ) ;
#2161 = PLANE ( 'NONE',  #312 ) ;
#2162 = ORIENTED_EDGE ( 'NONE', *, *, #1307, .T. ) ;
#2163 = VERTEX_POINT ( 'NONE', #2038 ) ;
#2164 = ADVANCED_FACE ( 'NONE', ( #3723 ), #3383, .F. ) ;
#2165 = DIRECTION ( 'NONE',  ( -0.0000000000000000000, -0.0000000000000000000, -1.000000000000000000 ) ) ;
#2166 = DIRECTION ( 'NONE',  ( 0.0000000000000000000, -1.000000000000000000, 0.0000000000000000000 ) ) ;
#2167 = CIRCLE ( 'NONE', #4546, 0.02362204724409448092 ) ;
#2168 = ORIENTED_EDGE ( 'NONE', *, *, #4887, .T. ) ;
#2169 = ORIENTED_EDGE ( 'NONE', *, *, #4085, .F. ) ;
#2170 = EDGE_CURVE ( 'NONE', #696, #1380, #2909, .T. ) ;
#2171 =( NAMED_UNIT ( * ) SI_UNIT ( $, .STERADIAN. ) SOLID_ANGLE_UNIT ( ) );
#2172 = LINE ( 'NONE', #3859, #1842 ) ;
#2173 = ORIENTED_EDGE ( 'NONE', *, *, #1261, .T. ) ;
#2174 = EDGE_CURVE ( 'NONE', #1998, #4447, #1396, .T. ) ;
#2175 = DIRECTION ( 'NONE',  ( 0.5000000000000009992, 0.0000000000000000000, -0.8660254037844380415 ) ) ;
#2176 =( LENGTH_UNIT ( ) NAMED_UNIT ( * ) SI_UNIT ( $, .METRE. ) );
#2177 = DIRECTION ( 'NONE',  ( 0.0000000000000000000, 0.0000000000000000000, 1.000000000000000000 ) ) ;
#2178 = EDGE_CURVE ( 'NONE', #3270, #1550, #1023, .T. ) ;
#2179 = ADVANCED_FACE ( 'NONE', ( #4762 ), #997, .F. ) ;
#2180 = ORIENTED_EDGE ( 'NONE', *, *, #3830, .F. ) ;
#2181 = ORIENTED_EDGE ( 'NONE', *, *, #88, .T. ) ;
#2182 = ORIENTED_EDGE ( 'NONE', *, *, #918, .T. ) ;
#2183 = ORIENTED_EDGE ( 'NONE', *, *, #652, .F. ) ;
#2184 = DIRECTION ( 'NONE',  ( 1.000000000000000000, 0.0000000000000000000, 0.0000000000000000000 ) ) ;
#2185 = DIRECTION ( 'NONE',  ( 0.0000000000000000000, 0.0000000000000000000, -1.000000000000000000 ) ) ;
#2186 = CARTESIAN_POINT ( 'NONE',  ( 0.4527559055118111075, 0.4665354330708661457, -0.2716535433070865757 ) ) ;
#2187 = CARTESIAN_POINT ( 'NONE',  ( 0.4291338582677159397, -1.572880681098795980E-17, -0.9918433198042341248 ) ) ;
#2188 = CARTESIAN_POINT ( 'NONE',  ( 0.4173228346456693827, 0.3838582677165353618, -0.2086614173228346636 ) ) ;
#2189 = ORIENTED_EDGE ( 'NONE', *, *, #3337, .T. ) ;
#2190 = VERTEX_POINT ( 'NONE', #162 ) ;
#2191 = DIRECTION ( 'NONE',  ( 0.0000000000000000000, -1.000000000000000000, 0.0000000000000000000 ) ) ;
#2192 = EDGE_CURVE ( 'NONE', #127, #3459, #2222, .T. ) ;
#2193 = SURFACE_STYLE_FILL_AREA ( #3405 ) ;
#2194 = VERTEX_POINT ( 'NONE', #4350 ) ;
#2195 = FACE_OUTER_BOUND ( 'NONE', #2102, .T. ) ;
#2196 = APPLICATION_PROTOCOL_DEFINITION ( 'draft international standard', 'automotive_design', 1998, #5300 ) ;
#2197 = ADVANCED_FACE ( 'NONE', ( #3440 ), #1812, .F. ) ;
#2198 = DIRECTION ( 'NONE',  ( 0.0000000000000000000, 0.0000000000000000000, 1.000000000000000000 ) ) ;
#2199 = VECTOR ( 'NONE', #4755, 39.37007874015748143 ) ;
#2200 = EDGE_LOOP ( 'NONE', ( #3851, #488, #1420, #3400 ) ) ;
#2201 = ORIENTED_EDGE ( 'NONE', *, *, #5102, .F. ) ;
#2202 = VECTOR ( 'NONE', #3680, 39.37007874015748143 ) ;
#2203 = EDGE_CURVE ( 'NONE', #5389, #2818, #2657, .T. ) ;
#2204 = SURFACE_SIDE_STYLE ('',( #975 ) ) ;
#2205 = DIRECTION ( 'NONE',  ( -1.000000000000000000, 0.0000000000000000000, 0.0000000000000000000 ) ) ;
#2206 = AXIS2_PLACEMENT_3D ( 'NONE', #720, #4846, #4434 ) ;
#2207 = VERTEX_POINT ( 'NONE', #538 ) ;
#2208 = ORIENTED_EDGE ( 'NONE', *, *, #3726, .F. ) ;
#2209 = CARTESIAN_POINT ( 'NONE',  ( 0.4527559055118111075, 0.5000000000000000000, -0.5078740157480314821 ) ) ;
#2210 = DIRECTION ( 'NONE',  ( 1.000000000000000000, 0.0000000000000000000, 0.0000000000000000000 ) ) ;
#2211 = AXIS2_PLACEMENT_3D ( 'NONE', #5171, #137, #185 ) ;
#2212 = DIRECTION ( 'NONE',  ( 0.0000000000000000000, 0.0000000000000000000, 1.000000000000000000 ) ) ;
#2213 = ORIENTED_EDGE ( 'NONE', *, *, #1327, .T. ) ;
#2214 = EDGE_LOOP ( 'NONE', ( #2970, #2162, #2378, #625 ) ) ;
#2215 = VECTOR ( 'NONE', #5109, 39.37007874015748143 ) ;
#2216 = CARTESIAN_POINT ( 'NONE',  ( -0.4291338582677166058, 0.07086614173228347746, -0.2952755905511810774 ) ) ;
#2217 =( NAMED_UNIT ( * ) SI_UNIT ( $, .STERADIAN. ) SOLID_ANGLE_UNIT ( ) );
#2218 = VERTEX_POINT ( 'NONE', #585 ) ;
#2219 = PLANE ( 'NONE',  #3739 ) ;
#2220 = ADVANCED_FACE ( 'NONE', ( #611 ), #2246, .F. ) ;
#2221 = AXIS2_PLACEMENT_3D ( 'NONE', #4259, #174, #2600 ) ;
#2222 = LINE ( 'NONE', #3915, #4851 ) ;
#2223 = MECHANICAL_DESIGN_GEOMETRIC_PRESENTATION_REPRESENTATION (  '', ( #1007 ), #4077 ) ;
#2224 = VERTEX_POINT ( 'NONE', #3122 ) ;
#2225 = ADVANCED_FACE ( 'NONE', ( #3094 ), #3936, .F. ) ;
#2226 = ORIENTED_EDGE ( 'NONE', *, *, #5263, .F. ) ;
#2227 = CIRCLE ( 'NONE', #5313, 0.07086614173228344971 ) ;
#2228 = VERTEX_POINT ( 'NONE', #1833 ) ;
#2229 = ORIENTED_EDGE ( 'NONE', *, *, #4607, .T. ) ;
#2230 = EDGE_CURVE ( 'NONE', #2926, #4318, #3079, .T. ) ;
#2231 = VECTOR ( 'NONE', #93, 39.37007874015748143 ) ;
#2232 = CARTESIAN_POINT ( 'NONE',  ( -0.4527559055118111075, 0.3838582677165353618, -0.07086614173228340807 ) ) ;
#2233 = VECTOR ( 'NONE', #3215, 39.37007874015748143 ) ;
#2234 = DIRECTION ( 'NONE',  ( 0.0000000000000000000, 0.0000000000000000000, 1.000000000000000000 ) ) ;
#2235 = CIRCLE ( 'NONE', #2759, 0.03149606299212599769 ) ;
#2236 = EDGE_LOOP ( 'NONE', ( #2155, #4778, #4653, #2732, #2114, #1734 ) ) ;
#2237 = ORIENTED_EDGE ( 'NONE', *, *, #5227, .F. ) ;
#2238 = EDGE_CURVE ( 'NONE', #1252, #5073, #759, .T. ) ;
#2239 = EDGE_CURVE ( 'NONE', #2224, #2284, #2632, .T. ) ;
#2240 = DIRECTION ( 'NONE',  ( -1.239088197126286133E-15, 0.0000000000000000000, 1.000000000000000000 ) ) ;
#2241 = CARTESIAN_POINT ( 'NONE',  ( 0.4291338582677159397, 0.04724409448818897572, -1.148425196850393792 ) ) ;
#2242 = SURFACE_STYLE_USAGE ( .BOTH. , #4783 ) ;
#2243 = EDGE_LOOP ( 'NONE', ( #1857, #4734, #4288, #2641, #3241, #5296, #2642, #2847, #5047, #342, #5058, #4988 ) ) ;
#2244 = DIRECTION ( 'NONE',  ( 1.000000000000000000, 0.0000000000000000000, 0.0000000000000000000 ) ) ;
#2245 = LINE ( 'NONE', #1476, #2153 ) ;
#2246 = PLANE ( 'NONE',  #640 ) ;
#2247 = DIRECTION ( 'NONE',  ( 0.0000000000000000000, 0.0000000000000000000, -1.000000000000000000 ) ) ;
#2248 = CARTESIAN_POINT ( 'NONE',  ( -0.4291338582677166058, 0.0000000000000000000, -1.148425196850393792 ) ) ;
#2249 = ORIENTED_EDGE ( 'NONE', *, *, #1552, .F. ) ;
#2250 = DIRECTION ( 'NONE',  ( 0.0000000000000000000, -1.000000000000000000, 0.0000000000000000000 ) ) ;
#2251 = EDGE_CURVE ( 'NONE', #5335, #1712, #4790, .T. ) ;
#2252 = VERTEX_POINT ( 'NONE', #4372 ) ;
#2253 = ORIENTED_EDGE ( 'NONE', *, *, #3589, .F. ) ;
#2254 = DIRECTION ( 'NONE',  ( 0.0000000000000000000, -1.000000000000000000, 0.0000000000000000000 ) ) ;
#2255 = CYLINDRICAL_SURFACE ( 'NONE', #3469, 0.02362204724409448092 ) ;
#2256 = EDGE_CURVE ( 'NONE', #4597, #5261, #2585, .T. ) ;
#2257 =( NAMED_UNIT ( * ) SI_UNIT ( $, .STERADIAN. ) SOLID_ANGLE_UNIT ( ) );
#2258 = EDGE_LOOP ( 'NONE', ( #5361, #298, #4211, #2489, #3896, #4543 ) ) ;
#2259 = ORIENTED_EDGE ( 'NONE', *, *, #5122, .F. ) ;
#2260 = CARTESIAN_POINT ( 'NONE',  ( -0.4527559055118111075, 0.07086614173228347746, 0.0000000000000000000 ) ) ;
#2261 = DIRECTION ( 'NONE',  ( 0.0000000000000000000, 0.0000000000000000000, 1.000000000000000000 ) ) ;
#2262 = ADVANCED_FACE ( 'NONE', ( #3864 ), #110, .F. ) ;
#2263 = FACE_BOUND ( 'NONE', #566, .T. ) ;
#2264 = ADVANCED_FACE ( 'NONE', ( #667 ), #1947, .F. ) ;
#2265 = VERTEX_POINT ( 'NONE', #3599 ) ;
#2266 = ORIENTED_EDGE ( 'NONE', *, *, #1952, .F. ) ;
#2267 = DIRECTION ( 'NONE',  ( 0.0000000000000000000, 0.0000000000000000000, -1.000000000000000000 ) ) ;
#2268 = CARTESIAN_POINT ( 'NONE',  ( 0.4291338582677159397, 0.0000000000000000000, 0.03149606299212598381 ) ) ;
#2269 = DIRECTION ( 'NONE',  ( 0.0000000000000000000, 0.0000000000000000000, 1.000000000000000000 ) ) ;
#2270 = VECTOR ( 'NONE', #4005, 39.37007874015748143 ) ;
#2271 = DIRECTION ( 'NONE',  ( -1.239088197126286133E-15, 0.0000000000000000000, -1.000000000000000000 ) ) ;
#2272 = ORIENTED_EDGE ( 'NONE', *, *, #2702, .T. ) ;
#2273 = VECTOR ( 'NONE', #3157, 39.37007874015748143 ) ;
#2274 = FILL_AREA_STYLE ('',( #3048 ) ) ;
#2275 = VERTEX_POINT ( 'NONE', #1563 ) ;
#2276 = VERTEX_POINT ( 'NONE', #714 ) ;
#2277 = VECTOR ( 'NONE', #657, 39.37007874015748143 ) ;
#2278 = DIRECTION ( 'NONE',  ( 1.000000000000000000, 0.0000000000000000000, 0.0000000000000000000 ) ) ;
#2279 = EDGE_CURVE ( 'NONE', #3459, #4578, #3177, .T. ) ;
#2280 = DIRECTION ( 'NONE',  ( 0.0000000000000000000, 0.0000000000000000000, 1.000000000000000000 ) ) ;
#2281 = DIRECTION ( 'NONE',  ( 0.0000000000000000000, 0.0000000000000000000, 1.000000000000000000 ) ) ;
#2282 = DIRECTION ( 'NONE',  ( 0.0000000000000000000, 1.000000000000000000, 0.0000000000000000000 ) ) ;
#2283 = ORIENTED_EDGE ( 'NONE', *, *, #1713, .F. ) ;
#2284 = VERTEX_POINT ( 'NONE', #2769 ) ;
#2285 = CARTESIAN_POINT ( 'NONE',  ( -0.4291338582677166058, 0.04724409448818897572, 0.03149606299212598381 ) ) ;
#2286 = MANIFOLD_SOLID_BREP ( 'Mirror2', #5331 ) ;
#2287 = CIRCLE ( 'NONE', #2206, 0.02493283764992760762 ) ;
#2288 = EDGE_CURVE ( 'NONE', #4394, #1836, #2442, .T. ) ;
#2289 = CARTESIAN_POINT ( 'NONE',  ( 0.3661417322834639165, 0.0000000000000000000, 0.03149606299212598381 ) ) ;
#2290 = CARTESIAN_POINT ( 'NONE',  ( 0.4527559055118111075, 0.07086614173228344971, -0.9330708661417322913 ) ) ;
#2291 = CYLINDRICAL_SURFACE ( 'NONE', #4314, 0.03149606299212599769 ) ;
#2292 = ORIENTED_EDGE ( 'NONE', *, *, #570, .F. ) ;
#2293 = VERTEX_POINT ( 'NONE', #2873 ) ;
#2294 = CARTESIAN_POINT ( 'NONE',  ( 0.5007640645383754086, 0.3606299212598426118, 0.1616744259112477544 ) ) ;
#2295 = ADVANCED_FACE ( 'NONE', ( #2466 ), #4148, .F. ) ;
#2296 = AXIS2_PLACEMENT_3D ( 'NONE', #630, #3168, #2760 ) ;
#2297 = LINE ( 'NONE', #4012, #1242 ) ;
#2298 = DIRECTION ( 'NONE',  ( 0.0000000000000000000, 0.0000000000000000000, 1.000000000000000000 ) ) ;
#2299 = PLANE ( 'NONE',  #2076 ) ;
#2300 = EDGE_CURVE ( 'NONE', #811, #3953, #2577, .T. ) ;
#2301 = ORIENTED_EDGE ( 'NONE', *, *, #3517, .T. ) ;
#2302 = CARTESIAN_POINT ( 'NONE',  ( -0.4288198816980922645, 0.4393700787401574881, 0.03706344592285269746 ) ) ;
#2303 = VECTOR ( 'NONE', #2013, 39.37007874015748143 ) ;
#2304 = DIRECTION ( 'NONE',  ( -1.000000000000000000, 0.0000000000000000000, 0.0000000000000000000 ) ) ;
#2305 = ORIENTED_EDGE ( 'NONE', *, *, #3409, .T. ) ;
#2306 = VERTEX_POINT ( 'NONE', #1731 ) ;
#2307 = DIRECTION ( 'NONE',  ( 0.0000000000000000000, 0.0000000000000000000, -1.000000000000000000 ) ) ;
#2308 = PRESENTATION_LAYER_ASSIGNMENT (  '', '', ( #3987 ) ) ;
#2309 = AXIS2_PLACEMENT_3D ( 'NONE', #449, #4655, #2518 ) ;
#2310 = DIRECTION ( 'NONE',  ( 0.0000000000000000000, 0.0000000000000000000, 1.000000000000000000 ) ) ;
#2311 = CARTESIAN_POINT ( 'NONE',  ( 0.4921259842519686845, 0.4393700787401574881, 0.1822834645669293985 ) ) ;
#2312 = PLANE ( 'NONE',  #1359 ) ;
#2313 = EDGE_CURVE ( 'NONE', #127, #3406, #2955, .T. ) ;
#2314 = ORIENTED_EDGE ( 'NONE', *, *, #2081, .T. ) ;
#2315 = VECTOR ( 'NONE', #2824, 39.37007874015748143 ) ;
#2316 = VECTOR ( 'NONE', #2234, 39.37007874015748143 ) ;
#2317 = ORIENTED_EDGE ( 'NONE', *, *, #3099, .T. ) ;
#2318 = PLANE ( 'NONE',  #4665 ) ;
#2319 = DIRECTION ( 'NONE',  ( 0.0000000000000000000, 1.000000000000000000, 0.0000000000000000000 ) ) ;
#2320 = DIRECTION ( 'NONE',  ( 0.0000000000000000000, 1.000000000000000000, 0.0000000000000000000 ) ) ;
#2321 = CARTESIAN_POINT ( 'NONE',  ( 0.4448818897637792924, -6.829619984160658046E-17, -0.3267716535433071168 ) ) ;
#2322 = EDGE_CURVE ( 'NONE', #985, #1550, #881, .T. ) ;
#2323 = ORIENTED_EDGE ( 'NONE', *, *, #989, .F. ) ;
#2324 = ORIENTED_EDGE ( 'NONE', *, *, #3131, .F. ) ;
#2325 = CIRCLE ( 'NONE', #4185, 0.06299212598425199539 ) ;
#2326 = CARTESIAN_POINT ( 'NONE',  ( -0.4291338582677166058, 0.04724409448818898266, -0.5120936880697816163 ) ) ;
#2327 = DIRECTION ( 'NONE',  ( 0.0000000000000000000, 0.0000000000000000000, 1.000000000000000000 ) ) ;
#2328 = CARTESIAN_POINT ( 'NONE',  ( -0.4291338582677166058, 0.0000000000000000000, -1.148425196850393792 ) ) ;
#2329 = DIRECTION ( 'NONE',  ( 0.0000000000000000000, 1.000000000000000000, 1.239088197126290817E-16 ) ) ;
#2330 = VECTOR ( 'NONE', #4401, 39.37007874015748143 ) ;
#2331 = FACE_OUTER_BOUND ( 'NONE', #1714, .T. ) ;
#2332 = DIRECTION ( 'NONE',  ( 0.0000000000000000000, -1.000000000000000000, 0.0000000000000000000 ) ) ;
#2333 = EDGE_LOOP ( 'NONE', ( #4467, #3742, #1055, #2352 ) ) ;
#2334 = SURFACE_SIDE_STYLE ('',( #1082 ) ) ;
#2335 = EDGE_CURVE ( 'NONE', #2752, #5235, #2735, .T. ) ;
#2336 = PLANE ( 'NONE',  #1444 ) ;
#2337 = FACE_OUTER_BOUND ( 'NONE', #1510, .T. ) ;
#2338 = VERTEX_POINT ( 'NONE', #2141 ) ;
#2339 = ORIENTED_EDGE ( 'NONE', *, *, #2170, .F. ) ;
#2340 = LINE ( 'NONE', #3997, #4389 ) ;
#2341 = FACE_OUTER_BOUND ( 'NONE', #3029, .T. ) ;
#2342 = DIRECTION ( 'NONE',  ( 0.0000000000000000000, -1.000000000000000000, 4.448008912761042820E-16 ) ) ;
#2343 = LENGTH_MEASURE_WITH_UNIT ( LENGTH_MEASURE( 0.02539999999999999897 ), #680 );
#2344 = CARTESIAN_POINT ( 'NONE',  ( 0.4448818897637792924, -6.829619984160658046E-17, -0.5708661417322835607 ) ) ;
#2345 = ORIENTED_EDGE ( 'NONE', *, *, #2469, .T. ) ;
#2346 = ORIENTED_EDGE ( 'NONE', *, *, #1105, .F. ) ;
#2347 = LINE ( 'NONE', #4831, #1580 ) ;
#2348 = CARTESIAN_POINT ( 'NONE',  ( -0.4572895544031854720, 0.3606299212598426118, 0.08637436552293091541 ) ) ;
#2349 = CARTESIAN_POINT ( 'NONE',  ( 0.4527559055118111075, 0.3838582677165353618, -0.07086614173228346358 ) ) ;
#2350 = FACE_OUTER_BOUND ( 'NONE', #4952, .T. ) ;
#2351 = ORIENTED_EDGE ( 'NONE', *, *, #2959, .T. ) ;
#2352 = ORIENTED_EDGE ( 'NONE', *, *, #661, .F. ) ;
#2353 = CARTESIAN_POINT ( 'NONE',  ( 0.4527559055118111075, 0.5000000000000000000, -1.148425196850393792 ) ) ;
#2354 = EDGE_CURVE ( 'NONE', #613, #2144, #5084, .T. ) ;
#2355 = DIRECTION ( 'NONE',  ( 0.0000000000000000000, -1.000000000000000000, 0.0000000000000000000 ) ) ;
#2356 = CARTESIAN_POINT ( 'NONE',  ( -0.4212598425196851237, 0.4665354330708661457, 0.003937007874015758385 ) ) ;
#2357 = FILL_AREA_STYLE_COLOUR ( '', #5286 ) ;
#2358 = FACE_OUTER_BOUND ( 'NONE', #4473, .T. ) ;
#2359 = EDGE_LOOP ( 'NONE', ( #856, #2314, #731, #1871 ) ) ;
#2360 = EDGE_CURVE ( 'NONE', #1520, #3396, #4330, .T. ) ;
#2361 = PLANE ( 'NONE',  #3091 ) ;
#2362 = VERTEX_POINT ( 'NONE', #3039 ) ;
#2363 = ORIENTED_EDGE ( 'NONE', *, *, #3093, .F. ) ;
#2364 = PLANE ( 'NONE',  #4396 ) ;
#2365 = VECTOR ( 'NONE', #3030, 39.37007874015748143 ) ;
#2366 = EDGE_CURVE ( 'NONE', #535, #4797, #510, .T. ) ;
#2367 = DIRECTION ( 'NONE',  ( 0.0000000000000000000, -1.000000000000000000, 0.0000000000000000000 ) ) ;
#2368 = DIRECTION ( 'NONE',  ( 0.0000000000000000000, 0.0000000000000000000, 1.000000000000000000 ) ) ;
#2369 = VECTOR ( 'NONE', #5334, 39.37007874015748143 ) ;
#2370 = ORIENTED_EDGE ( 'NONE', *, *, #3125, .T. ) ;
#2371 = ORIENTED_EDGE ( 'NONE', *, *, #1395, .F. ) ;
#2372 = CARTESIAN_POINT ( 'NONE',  ( 0.4448818897637792924, -6.829619984160658046E-17, -0.2952755905511810774 ) ) ;
#2373 = LINE ( 'NONE', #1177, #2584 ) ;
#2374 = VECTOR ( 'NONE', #3109, 39.37007874015748143 ) ;
#2375 = CARTESIAN_POINT ( 'NONE',  ( 0.4291338582677164948, 0.07086614173228342195, -0.5078740157480315931 ) ) ;
#2376 = DIRECTION ( 'NONE',  ( -1.000000000000000000, -0.0000000000000000000, -0.0000000000000000000 ) ) ;
#2377 = ORIENTED_EDGE ( 'NONE', *, *, #1639, .F. ) ;
#2378 = ORIENTED_EDGE ( 'NONE', *, *, #5092, .F. ) ;
#2379 = AXIS2_PLACEMENT_3D ( 'NONE', #591, #5175, #4301 ) ;
#2380 = FILL_AREA_STYLE ('',( #1560 ) ) ;
#2381 = CARTESIAN_POINT ( 'NONE',  ( 0.4921259842519686845, 0.4393700787401574881, 0.1562437013337370784 ) ) ;
#2382 = CARTESIAN_POINT ( 'NONE',  ( -0.5000000000000001110, 0.5000000000000000000, -1.148425196850393792 ) ) ;
#2383 = AXIS2_PLACEMENT_3D ( 'NONE', #3489, #558, #4737 ) ;
#2384 = EDGE_CURVE ( 'NONE', #231, #2945, #954, .T. ) ;
#2385 = DIRECTION ( 'NONE',  ( 0.5000000000000019984, 0.0000000000000000000, -0.8660254037844375974 ) ) ;
#2386 = AXIS2_PLACEMENT_3D ( 'NONE', #579, #4450, #3932 ) ;
#2387 = ORIENTED_EDGE ( 'NONE', *, *, #3780, .F. ) ;
#2388 = LINE ( 'NONE', #4954, #722 ) ;
#2389 = SURFACE_SIDE_STYLE ('',( #2800 ) ) ;
#2390 = EDGE_CURVE ( 'NONE', #3396, #4983, #2606, .T. ) ;
#2391 = EDGE_LOOP ( 'NONE', ( #4694, #1433, #4596, #3458 ) ) ;
#2392 = LINE ( 'NONE', #1485, #4670 ) ;
#2393 = LINE ( 'NONE', #2424, #2233 ) ;
#2394 = CARTESIAN_POINT ( 'NONE',  ( 0.4291338582677159397, 0.0000000000000000000, 0.0000000000000000000 ) ) ;
#2395 = AXIS2_PLACEMENT_3D ( 'NONE', #5353, #3247, #2639 ) ;
#2396 = DIRECTION ( 'NONE',  ( 0.0000000000000000000, 0.0000000000000000000, 1.000000000000000000 ) ) ;
#2397 = FACE_OUTER_BOUND ( 'NONE', #3104, .T. ) ;
#2398 = ORIENTED_EDGE ( 'NONE', *, *, #434, .T. ) ;
#2399 = ORIENTED_EDGE ( 'NONE', *, *, #2288, .F. ) ;
#2400 = STYLED_ITEM ( 'NONE', ( #2924 ), #4507 ) ;
#2401 = LINE ( 'NONE', #654, #1922 ) ;
#2402 = VECTOR ( 'NONE', #2319, 39.37007874015748143 ) ;
#2403 = LINE ( 'NONE', #4091, #927 ) ;
#2404 = LINE ( 'NONE', #1938, #4156 ) ;
#2405 = DIRECTION ( 'NONE',  ( 0.0000000000000000000, 1.000000000000000000, 0.0000000000000000000 ) ) ;
#2406 = CIRCLE ( 'NONE', #843, 0.03149606299212599769 ) ;
#2407 = VECTOR ( 'NONE', #4664, 39.37007874015748143 ) ;
#2408 = VERTEX_POINT ( 'NONE', #4630 ) ;
#2409 = EDGE_CURVE ( 'NONE', #2512, #2408, #603, .T. ) ;
#2410 = ORIENTED_EDGE ( 'NONE', *, *, #444, .T. ) ;
#2411 = DIRECTION ( 'NONE',  ( 0.0000000000000000000, 0.0000000000000000000, 1.000000000000000000 ) ) ;
#2412 = COLOUR_RGB ( '',0.7529411764705882248, 0.7529411764705882248, 0.7529411764705882248 ) ;
#2413 = AXIS2_PLACEMENT_3D ( 'NONE', #2427, #4933, #848 ) ;
#2414 = FACE_OUTER_BOUND ( 'NONE', #4333, .T. ) ;
#2415 = DIMENSIONAL_EXPONENTS ( 1.000000000000000000, 0.0000000000000000000, 0.0000000000000000000, 0.0000000000000000000, 0.0000000000000000000, 0.0000000000000000000, 0.0000000000000000000 ) ;
#2416 = SURFACE_STYLE_USAGE ( .BOTH. , #4042 ) ;
#2417 =( NAMED_UNIT ( * ) PLANE_ANGLE_UNIT ( ) SI_UNIT ( $, .RADIAN. ) );
#2418 = PLANE ( 'NONE',  #1895 ) ;
#2419 = VERTEX_POINT ( 'NONE', #4343 ) ;
#2420 = VECTOR ( 'NONE', #2771, 39.37007874015748143 ) ;
#2421 = FACE_OUTER_BOUND ( 'NONE', #3872, .T. ) ;
#2422 = FILL_AREA_STYLE_COLOUR ( '', #1884 ) ;
#2423 = ORIENTED_EDGE ( 'NONE', *, *, #2005, .T. ) ;
#2424 = CARTESIAN_POINT ( 'NONE',  ( 0.4527559055118111075, 0.5000000000000000000, -1.148425196850393792 ) ) ;
#2425 = EDGE_CURVE ( 'NONE', #363, #4064, #656, .T. ) ;
#2426 = DIRECTION ( 'NONE',  ( 0.0000000000000000000, 0.0000000000000000000, 1.000000000000000000 ) ) ;
#2427 = CARTESIAN_POINT ( 'NONE',  ( 3.857155272905044443E-18, -6.829619984160658046E-17, -0.6685039370078741383 ) ) ;
#2428 = ORIENTED_EDGE ( 'NONE', *, *, #434, .F. ) ;
#2429 = ORIENTED_EDGE ( 'NONE', *, *, #1786, .F. ) ;
#2430 = CARTESIAN_POINT ( 'NONE',  ( -0.4394393639245643413, 0.0005314671934754663192, -0.7834645669291339098 ) ) ;
#2431 = DIRECTION ( 'NONE',  ( 0.0000000000000000000, 0.0000000000000000000, -1.000000000000000000 ) ) ;
#2432 = EDGE_CURVE ( 'NONE', #807, #2487, #2968, .T. ) ;
#2433 = CARTESIAN_POINT ( 'NONE',  ( 0.4685039370078740717, 0.3070866141732282451, -0.07086614173228347746 ) ) ;
#2434 = LINE ( 'NONE', #3824, #5108 ) ;
#2435 = SURFACE_STYLE_FILL_AREA ( #774 ) ;
#2436 = VERTEX_POINT ( 'NONE', #1885 ) ;
#2437 = VERTEX_POINT ( 'NONE', #4388 ) ;
#2438 =( CONVERSION_BASED_UNIT ( 'INCH', #2849 ) LENGTH_UNIT ( ) NAMED_UNIT ( #3764 ) );
#2439 = CARTESIAN_POINT ( 'NONE',  ( 0.4426332105210573076, 0.05124802740525345041, -0.9960629921259841479 ) ) ;
#2440 = EDGE_CURVE ( 'NONE', #4914, #2293, #2699, .T. ) ;
#2441 = CARTESIAN_POINT ( 'NONE',  ( -0.4527559055118111075, 0.3838582677165353618, -0.2086614173228346636 ) ) ;
#2442 = LINE ( 'NONE', #4981, #991 ) ;
#2443 = CARTESIAN_POINT ( 'NONE',  ( 0.4448818897637792924, -6.829619984160658046E-17, -0.5708661417322835607 ) ) ;
#2444 = FACE_OUTER_BOUND ( 'NONE', #545, .T. ) ;
#2445 = ORIENTED_EDGE ( 'NONE', *, *, #4483, .T. ) ;
#2446 = CARTESIAN_POINT ( 'NONE',  ( -0.4291338582677165503, -3.414809992080329023E-17, -0.9918433198042344578 ) ) ;
#2447 = DIMENSIONAL_EXPONENTS ( 1.000000000000000000, 0.0000000000000000000, 0.0000000000000000000, 0.0000000000000000000, 0.0000000000000000000, 0.0000000000000000000, 0.0000000000000000000 ) ;
#2448 = DIRECTION ( 'NONE',  ( -1.000000000000000000, 0.0000000000000000000, 0.0000000000000000000 ) ) ;
#2449 = ORIENTED_EDGE ( 'NONE', *, *, #3922, .F. ) ;
#2450 =( NAMED_UNIT ( * ) SI_UNIT ( $, .STERADIAN. ) SOLID_ANGLE_UNIT ( ) );
#2451 = CARTESIAN_POINT ( 'NONE',  ( -0.5000000000000001110, 0.5000000000000000000, -1.148425196850393792 ) ) ;
#2452 = ORIENTED_EDGE ( 'NONE', *, *, #173, .T. ) ;
#2453 = ORIENTED_EDGE ( 'NONE', *, *, #2425, .F. ) ;
#2454 = VECTOR ( 'NONE', #1337, 39.37007874015748143 ) ;
#2455 = FACE_OUTER_BOUND ( 'NONE', #2784, .T. ) ;
#2456 = DIRECTION ( 'NONE',  ( 1.000000000000000000, 0.0000000000000000000, 0.0000000000000000000 ) ) ;
#2457 = B_SPLINE_CURVE_WITH_KNOTS ( 'NONE', 3,
 ( #1159, #1562, #4426, #5280 ),
 .UNSPECIFIED., .F., .F.,
 ( 4, 4 ),
 ( 0.0000000000000000000, 0.0004192908035445025352 ),
 .UNSPECIFIED. ) ;
#2458 = DIRECTION ( 'NONE',  ( 0.0000000000000000000, 1.000000000000000000, 0.0000000000000000000 ) ) ;
#2459 = VECTOR ( 'NONE', #2376, 39.37007874015748143 ) ;
#2460 = LINE ( 'NONE', #4143, #2202 ) ;
#2461 =( NAMED_UNIT ( * ) SI_UNIT ( $, .STERADIAN. ) SOLID_ANGLE_UNIT ( ) );
#2462 = ORIENTED_EDGE ( 'NONE', *, *, #5272, .F. ) ;
#2463 = VERTEX_POINT ( 'NONE', #5191 ) ;
#2464 = EDGE_CURVE ( 'NONE', #3602, #793, #2651, .T. ) ;
#2465 = AXIS2_PLACEMENT_3D ( 'NONE', #2622, #4382, #4308 ) ;
#2466 = FACE_OUTER_BOUND ( 'NONE', #1925, .T. ) ;
#2467 = VECTOR ( 'NONE', #896, 39.37007874015748143 ) ;
#2468 = ORIENTED_EDGE ( 'NONE', *, *, #5083, .F. ) ;
#2469 = EDGE_CURVE ( 'NONE', #3587, #2015, #396, .T. ) ;
#2470 = DIRECTION ( 'NONE',  ( 0.0000000000000000000, 1.000000000000000000, 0.0000000000000000000 ) ) ;
#2471 = DIRECTION ( 'NONE',  ( 0.0000000000000000000, 0.0000000000000000000, 1.000000000000000000 ) ) ;
#2472 = VERTEX_POINT ( 'NONE', #2349 ) ;
#2473 = VECTOR ( 'NONE', #2198, 39.37007874015748143 ) ;
#2474 = AXIS2_PLACEMENT_3D ( 'NONE', #352, #316, #4979 ) ;
#2475 = EDGE_CURVE ( 'NONE', #984, #1245, #4419, .T. ) ;
#2476 = ORIENTED_EDGE ( 'NONE', *, *, #757, .F. ) ;
#2477 = LINE ( 'NONE', #60, #2407 ) ;
#2478 = DIRECTION ( 'NONE',  ( -0.5000000000000006661, 0.0000000000000000000, 0.8660254037844382635 ) ) ;
#2479 = CARTESIAN_POINT ( 'NONE',  ( -0.4921259842519686845, 0.3606299212598426118, 0.1562437013337370784 ) ) ;
#2480 = VERTEX_POINT ( 'NONE', #2290 ) ;
#2481 = ORIENTED_EDGE ( 'NONE', *, *, #1896, .T. ) ;
#2482 = DIMENSIONAL_EXPONENTS ( 1.000000000000000000, 0.0000000000000000000, 0.0000000000000000000, 0.0000000000000000000, 0.0000000000000000000, 0.0000000000000000000, 0.0000000000000000000 ) ;
#2483 = CARTESIAN_POINT ( 'NONE',  ( -0.4527559055118111075, 0.3606299212598426118, 0.003937007874015795682 ) ) ;
#2484 = DIRECTION ( 'NONE',  ( 0.0000000000000000000, -1.000000000000000000, 0.0000000000000000000 ) ) ;
#2485 = DIRECTION ( 'NONE',  ( -1.000000000000000000, 0.0000000000000000000, 0.0000000000000000000 ) ) ;
#2486 = CARTESIAN_POINT ( 'NONE',  ( -0.4394393639245643413, 0.0005314671934754597055, -0.5708661417322835607 ) ) ;
#2487 = VERTEX_POINT ( 'NONE', #3568 ) ;
#2488 = VECTOR ( 'NONE', #3239, 39.37007874015748143 ) ;
#2489 = ORIENTED_EDGE ( 'NONE', *, *, #4969, .T. ) ;
#2490 = CARTESIAN_POINT ( 'NONE',  ( 0.4527559055118111075, 0.3070866141732282451, -0.2086614173228346081 ) ) ;
#2491 = VECTOR ( 'NONE', #2685, 39.37007874015748143 ) ;
#2492 = CIRCLE ( 'NONE', #3016, 0.02362204724409448092 ) ;
#2493 = CARTESIAN_POINT ( 'NONE',  ( -0.4606299212598428117, 0.3606299212598426118, 0.09884078434789475565 ) ) ;
#2494 = ADVANCED_FACE ( 'NONE', ( #5247 ), #201, .T. ) ;
#2495 = ORIENTED_EDGE ( 'NONE', *, *, #2874, .T. ) ;
#2496 = AXIS2_PLACEMENT_3D ( 'NONE', #2678, #4812, #206 ) ;
#2497 = DIRECTION ( 'NONE',  ( -0.5000000000000009992, -0.0000000000000000000, -0.8660254037844380415 ) ) ;
#2498 = AXIS2_PLACEMENT_3D ( 'NONE', #193, #1844, #218 ) ;
#2499 = LINE ( 'NONE', #2523, #5180 ) ;
#2500 = EDGE_CURVE ( 'NONE', #930, #5187, #684, .T. ) ;
#2501 =( LENGTH_UNIT ( ) NAMED_UNIT ( * ) SI_UNIT ( $, .METRE. ) );
#2502 = CIRCLE ( 'NONE', #2935, 0.03149606299212599769 ) ;
#2503 = CARTESIAN_POINT ( 'NONE',  ( 0.4291338582677159397, -1.572880681098795980E-17, -0.9918433198042341248 ) ) ;
#2504 = EDGE_LOOP ( 'NONE', ( #4779, #3980, #3994, #5081, #595 ) ) ;
#2505 = ORIENTED_EDGE ( 'NONE', *, *, #3306, .F. ) ;
#2506 = EDGE_CURVE ( 'NONE', #4332, #3548, #1808, .T. ) ;
#2507 = DIRECTION ( 'NONE',  ( 1.000000000000000000, 0.0000000000000000000, 1.239088197126285936E-15 ) ) ;
#2508 = EDGE_CURVE ( 'NONE', #4668, #1745, #3533, .T. ) ;
#2509 = CARTESIAN_POINT ( 'NONE',  ( 0.4448818897637792924, 0.001771933957542275347, -0.9960629921259843700 ) ) ;
#2510 = AXIS2_PLACEMENT_3D ( 'NONE', #4605, #1624, #3297 ) ;
#2511 = ORIENTED_EDGE ( 'NONE', *, *, #2598, .F. ) ;
#2512 = VERTEX_POINT ( 'NONE', #4782 ) ;
#2513 = DIRECTION ( 'NONE',  ( 0.8660254037844380415, 0.0000000000000000000, -0.5000000000000009992 ) ) ;
#2514 = CARTESIAN_POINT ( 'NONE',  ( -0.4345673344069682642, 0.04769495268324635412, -0.9346756221280083654 ) ) ;
#2515 = CARTESIAN_POINT ( 'NONE',  ( 0.4173228346456693827, 0.3838582677165353618, -0.07086614173228346358 ) ) ;
#2516 = VERTEX_POINT ( 'NONE', #3140 ) ;
#2517 = ORIENTED_EDGE ( 'NONE', *, *, #53, .F. ) ;
#2518 = DIRECTION ( 'NONE',  ( 1.000000000000000000, 0.0000000000000000000, 0.0000000000000000000 ) ) ;
#2519 = DIRECTION ( 'NONE',  ( 0.0000000000000000000, -1.000000000000000000, -1.112002228190260705E-16 ) ) ;
#2520 = DIRECTION ( 'NONE',  ( -1.000000000000000000, 0.0000000000000000000, 0.0000000000000000000 ) ) ;
#2521 = VERTEX_POINT ( 'NONE', #4007 ) ;
#2522 = DIRECTION ( 'NONE',  ( 0.0000000000000000000, 0.0000000000000000000, -1.000000000000000000 ) ) ;
#2523 = CARTESIAN_POINT ( 'NONE',  ( -0.4527559055118111075, 0.3070866141732282451, -0.07086614173228347746 ) ) ;
#2524 = EDGE_CURVE ( 'NONE', #3201, #4634, #3483, .T. ) ;
#2525 = DIRECTION ( 'NONE',  ( 0.0000000000000000000, 0.0000000000000000000, -1.000000000000000000 ) ) ;
#2526 =( NAMED_UNIT ( * ) SI_UNIT ( $, .STERADIAN. ) SOLID_ANGLE_UNIT ( ) );
#2527 = CARTESIAN_POINT ( 'NONE',  ( -0.4291338582677166058, 0.07086614173228347746, -0.7834645669291339098 ) ) ;
#2528 = CARTESIAN_POINT ( 'NONE',  ( 0.4448818897637792924, 0.001771933957542275347, -0.5708661417322835607 ) ) ;
#2529 = DIRECTION ( 'NONE',  ( 0.0000000000000000000, 1.000000000000000000, 0.0000000000000000000 ) ) ;
#2530 = ADVANCED_FACE ( 'NONE', ( #1853 ), #4833, .F. ) ;
#2531 = ORIENTED_EDGE ( 'NONE', *, *, #864, .F. ) ;
#2532 = DIRECTION ( 'NONE',  ( 0.0000000000000000000, 1.000000000000000000, -7.905640841040137320E-17 ) ) ;
#2533 = CARTESIAN_POINT ( 'NONE',  ( -0.4448818897637797365, -6.829619984160658046E-17, -0.9645669291338583307 ) ) ;
#2534 = ORIENTED_EDGE ( 'NONE', *, *, #2432, .F. ) ;
#2535 = VERTEX_POINT ( 'NONE', #1391 ) ;
#2536 = EDGE_CURVE ( 'NONE', #2265, #2785, #5216, .T. ) ;
#2537 = LINE ( 'NONE', #2082, #3287 ) ;
#2538 = LINE ( 'NONE', #4228, #5373 ) ;
#2539 = CARTESIAN_POINT ( 'NONE',  ( 0.5280404552087514247, 0.4393700787401574881, 0.1459263944151847348 ) ) ;
#2540 = CARTESIAN_POINT ( 'NONE',  ( -0.5000000000000004441, 0.07086614173228344971, -0.3582677165354331006 ) ) ;
#2541 = DIRECTION ( 'NONE',  ( -1.239088197126286133E-15, -0.0000000000000000000, -1.000000000000000000 ) ) ;
#2542 = AXIS2_PLACEMENT_3D ( 'NONE', #1653, #3263, #3749 ) ;
#2543 = ORIENTED_EDGE ( 'NONE', *, *, #5164, .T. ) ;
#2544 = VERTEX_POINT ( 'NONE', #988 ) ;
#2545 = ADVANCED_FACE ( 'NONE', ( #1910 ), #3591, .F. ) ;
#2546 = EDGE_CURVE ( 'NONE', #4574, #1908, #5333, .T. ) ;
#2547 = LINE ( 'NONE', #5082, #5400 ) ;
#2548 = VECTOR ( 'NONE', #4090, 39.37007874015748143 ) ;
#2549 = DIRECTION ( 'NONE',  ( 0.0000000000000000000, -1.000000000000000000, -1.112002228190260705E-16 ) ) ;
#2550 = DIRECTION ( 'NONE',  ( 0.0000000000000000000, 0.0000000000000000000, -1.000000000000000000 ) ) ;
#2551 = ORIENTED_EDGE ( 'NONE', *, *, #2279, .F. ) ;
#2552 = AXIS2_PLACEMENT_3D ( 'NONE', #4210, #450, #2029 ) ;
#2553 = DIRECTION ( 'NONE',  ( 0.0000000000000000000, 0.0000000000000000000, -1.000000000000000000 ) ) ;
#2554 = CARTESIAN_POINT ( 'NONE',  ( -0.4212598425196851237, 0.4665354330708661457, 0.003937007874015758385 ) ) ;
#2555 = STYLED_ITEM ( 'NONE', ( #4813 ), #1482 ) ;
#2556 = LENGTH_MEASURE_WITH_UNIT ( LENGTH_MEASURE( 0.02539999999999999897 ), #2501 );
#2557 = ORIENTED_EDGE ( 'NONE', *, *, #5072, .T. ) ;
#2558 = VECTOR ( 'NONE', #1221, 39.37007874015748143 ) ;
#2559 = EDGE_LOOP ( 'NONE', ( #304, #1115, #1848, #95 ) ) ;
#2560 =( CONVERSION_BASED_UNIT ( 'INCH', #4642 ) LENGTH_UNIT ( ) NAMED_UNIT ( #3685 ) );
#2561 = CARTESIAN_POINT ( 'NONE',  ( 0.4448818897637792924, 0.05325930726378100971, -0.5078740157480315931 ) ) ;
#2562 =( GEOMETRIC_REPRESENTATION_CONTEXT ( 3 ) GLOBAL_UNCERTAINTY_ASSIGNED_CONTEXT ( ( #1141 ) ) GLOBAL_UNIT_ASSIGNED_CONTEXT ( ( #1302, #3324, #2526 ) ) REPRESENTATION_CONTEXT ( 'NONE', 'WORKASPACE' ) );
#2563 = CARTESIAN_POINT ( 'NONE',  ( 0.4527559055118111075, 0.5000000000000000000, -0.9330708661417322913 ) ) ;
#2564 = EDGE_CURVE ( 'NONE', #1768, #4146, #2892, .T. ) ;
#2565 = CARTESIAN_POINT ( 'NONE',  ( 0.4291338582677164948, 0.07086614173228342195, -0.7834645669291339098 ) ) ;
#2566 = ORIENTED_EDGE ( 'NONE', *, *, #3860, .T. ) ;
#2567 = ORIENTED_EDGE ( 'NONE', *, *, #3038, .T. ) ;
#2568 = DIRECTION ( 'NONE',  ( 0.0000000000000000000, 0.0000000000000000000, -1.000000000000000000 ) ) ;
#2569 = VECTOR ( 'NONE', #5358, 39.37007874015748143 ) ;
#2570 = PLANE ( 'NONE',  #153 ) ;
#2571 = DIRECTION ( 'NONE',  ( 0.0000000000000000000, -1.000000000000000000, 4.448008912761042820E-16 ) ) ;
#2572 = EDGE_CURVE ( 'NONE', #4578, #5187, #1555, .T. ) ;
#2573 = CARTESIAN_POINT ( 'NONE',  ( -0.4527559055118111075, 0.4665354330708661457, -0.2716535433070865757 ) ) ;
#2574 = ORIENTED_EDGE ( 'NONE', *, *, #2170, .T. ) ;
#2575 = ORIENTED_EDGE ( 'NONE', *, *, #4390, .F. ) ;
#2576 = CARTESIAN_POINT ( 'NONE',  ( -0.4527559055118111075, 0.5000000000000000000, 0.0000000000000000000 ) ) ;
#2577 = LINE ( 'NONE', #5137, #1860 ) ;
#2578 = EDGE_CURVE ( 'NONE', #4983, #5349, #3625, .T. ) ;
#2579 = DIRECTION ( 'NONE',  ( 0.0000000000000000000, 0.0000000000000000000, -1.000000000000000000 ) ) ;
#2580 = PRESENTATION_LAYER_ASSIGNMENT (  '', '', ( #4951 ) ) ;
#2581 = EDGE_LOOP ( 'NONE', ( #2351, #4743, #358, #5221 ) ) ;
#2582 = CARTESIAN_POINT ( 'NONE',  ( -0.5000000000000001110, 0.3070866141732282451, -0.07086614173228347746 ) ) ;
#2583 =( CONVERSION_BASED_UNIT ( 'INCH', #5113 ) LENGTH_UNIT ( ) NAMED_UNIT ( #1226 ) );
#2584 = VECTOR ( 'NONE', #1123, 39.37007874015748143 ) ;
#2585 = LINE ( 'NONE', #517, #3969 ) ;
#2586 = CARTESIAN_POINT ( 'NONE',  ( -0.4173228346456693827, 0.3070866141732282451, -0.2086614173228346081 ) ) ;
#2587 = CIRCLE ( 'NONE', #3832, 0.03149606299212606708 ) ;
#2588 = STYLED_ITEM ( 'NONE', ( #387 ), #3683 ) ;
#2589 = LINE ( 'NONE', #541, #3845 ) ;
#2590 = ORIENTED_EDGE ( 'NONE', *, *, #3032, .F. ) ;
#2591 = VECTOR ( 'NONE', #4661, 39.37007874015748143 ) ;
#2592 = DIRECTION ( 'NONE',  ( 0.0000000000000000000, 1.000000000000000000, 0.0000000000000000000 ) ) ;
#2593 = CARTESIAN_POINT ( 'NONE',  ( 0.4527559055118111075, 0.5000000000000000000, 0.0000000000000000000 ) ) ;
#2594 = ORIENTED_EDGE ( 'NONE', *, *, #501, .T. ) ;
#2595 = COLOUR_RGB ( '',0.2509803921568627416, 0.2509803921568627416, 0.2509803921568627416 ) ;
#2596 = ORIENTED_EDGE ( 'NONE', *, *, #2132, .T. ) ;
#2597 = DIRECTION ( 'NONE',  ( 0.0000000000000000000, 0.0000000000000000000, 1.000000000000000000 ) ) ;
#2598 = EDGE_CURVE ( 'NONE', #3315, #1183, #3737, .T. ) ;
#2599 = DIRECTION ( 'NONE',  ( -0.0000000000000000000, -1.000000000000000000, -1.112002228190260705E-16 ) ) ;
#2600 = DIRECTION ( 'NONE',  ( 0.5000000000000009992, 0.0000000000000000000, -0.8660254037844380415 ) ) ;
#2601 = CARTESIAN_POINT ( 'NONE',  ( -0.4173228346456693827, 0.3070866141732282451, -0.07086614173228347746 ) ) ;
#2602 = EDGE_LOOP ( 'NONE', ( #420, #4977, #2182, #3463, #794, #5074, #3233, #4281 ) ) ;
#2603 = VERTEX_POINT ( 'NONE', #1525 ) ;
#2604 = EDGE_CURVE ( 'NONE', #5235, #4648, #2404, .T. ) ;
#2605 = DIRECTION ( 'NONE',  ( -0.8660254037844380415, 0.0000000000000000000, -0.5000000000000009992 ) ) ;
#2606 = LINE ( 'NONE', #4291, #477 ) ;
#2607 = FACE_OUTER_BOUND ( 'NONE', #2608, .T. ) ;
#2608 = EDGE_LOOP ( 'NONE', ( #4823, #3674, #2065, #2189 ) ) ;
#2609 = CARTESIAN_POINT ( 'NONE',  ( -0.4345559534692977621, 0.04769230170708504274, -0.7818559422104660594 ) ) ;
#2610 = CARTESIAN_POINT ( 'NONE',  ( -0.4560962723684684472, 0.3606299212598426118, 0.02131541442678962575 ) ) ;
#2611 = EDGE_CURVE ( 'NONE', #2977, #1483, #394, .T. ) ;
#2612 = CARTESIAN_POINT ( 'NONE',  ( 0.4400155395743812203, 0.04969976091641836735, -0.7832126861564362441 ) ) ;
#2613 = ORIENTED_EDGE ( 'NONE', *, *, #4328, .F. ) ;
#2614 = EDGE_CURVE ( 'NONE', #2487, #2516, #4511, .T. ) ;
#2615 = ORIENTED_EDGE ( 'NONE', *, *, #1771, .F. ) ;
#2616 = CARTESIAN_POINT ( 'NONE',  ( -0.4291338582677166058, 0.07086614173228347746, -0.7204724409448819422 ) ) ;
#2617 = FACE_OUTER_BOUND ( 'NONE', #1912, .T. ) ;
#2618 = ORIENTED_EDGE ( 'NONE', *, *, #2239, .F. ) ;
#2619 = ORIENTED_EDGE ( 'NONE', *, *, #1515, .T. ) ;
#2620 = LINE ( 'NONE', #5125, #2365 ) ;
#2621 = DIRECTION ( 'NONE',  ( -0.0000000000000000000, -1.000000000000000000, -1.112002228190260705E-16 ) ) ;
#2622 = CARTESIAN_POINT ( 'NONE',  ( 0.4776887431617387603, 0.4898052704652088307, 0.008848995601825804594 ) ) ;
#2623 = ORIENTED_EDGE ( 'NONE', *, *, #5252, .T. ) ;
#2624 = VERTEX_POINT ( 'NONE', #4593 ) ;
#2625 = DIRECTION ( 'NONE',  ( 0.0000000000000000000, -1.000000000000000000, 0.0000000000000000000 ) ) ;
#2626 = COLOUR_RGB ( '',0.7529411764705882248, 0.7529411764705882248, 0.7529411764705882248 ) ;
#2627 = DIMENSIONAL_EXPONENTS ( 1.000000000000000000, 0.0000000000000000000, 0.0000000000000000000, 0.0000000000000000000, 0.0000000000000000000, 0.0000000000000000000, 0.0000000000000000000 ) ;
#2628 = EDGE_CURVE ( 'NONE', #1768, #1210, #3199, .T. ) ;
#2629 = ORIENTED_EDGE ( 'NONE', *, *, #346, .T. ) ;
#2630 = DIRECTION ( 'NONE',  ( 1.000000000000000000, 0.0000000000000000000, 0.0000000000000000000 ) ) ;
#2631 = AXIS2_PLACEMENT_3D ( 'NONE', #979, #5100, #3421 ) ;
#2632 = LINE ( 'NONE', #1424, #5202 ) ;
#2633 = AXIS2_PLACEMENT_3D ( 'NONE', #686, #4094, #5275 ) ;
#2634 = EDGE_CURVE ( 'NONE', #3006, #3302, #1178, .T. ) ;
#2635 = VERTEX_POINT ( 'NONE', #3654 ) ;
#2636 = VERTEX_POINT ( 'NONE', #347 ) ;
#2637 = FACE_OUTER_BOUND ( 'NONE', #2581, .T. ) ;
#2638 = EDGE_CURVE ( 'NONE', #2275, #3587, #5413, .T. ) ;
#2639 = DIRECTION ( 'NONE',  ( 0.0000000000000000000, 0.0000000000000000000, 1.000000000000000000 ) ) ;
#2640 = COLOUR_RGB ( '',0.7529411764705882248, 0.7529411764705882248, 0.7529411764705882248 ) ;
#2641 = ORIENTED_EDGE ( 'NONE', *, *, #1728, .F. ) ;
#2642 = ORIENTED_EDGE ( 'NONE', *, *, #1831, .T. ) ;
#2643 = CARTESIAN_POINT ( 'NONE',  ( 0.4448818897637792924, 0.5000000000000000000, -0.5078740157480314821 ) ) ;
#2644 = PLANE ( 'NONE',  #2754 ) ;
#2645 = AXIS2_PLACEMENT_3D ( 'NONE', #4486, #2329, #4920 ) ;
#2646 = CARTESIAN_POINT ( 'NONE',  ( 0.4291338582677159397, -1.707404996040155267E-17, -0.2994952628729313227 ) ) ;
#2647 = FACE_OUTER_BOUND ( 'NONE', #4225, .T. ) ;
#2648 = ORIENTED_EDGE ( 'NONE', *, *, #693, .F. ) ;
#2649 = ORIENTED_EDGE ( 'NONE', *, *, #968, .F. ) ;
#2650 = CARTESIAN_POINT ( 'NONE',  ( -0.5000000000000001110, 0.07086614173228347746, 0.0000000000000000000 ) ) ;
#2651 = LINE ( 'NONE', #2675, #3973 ) ;
#2652 = ORIENTED_EDGE ( 'NONE', *, *, #2251, .T. ) ;
#2653 = FACE_OUTER_BOUND ( 'NONE', #1197, .T. ) ;
#2654 = EDGE_CURVE ( 'NONE', #1448, #2635, #4416, .T. ) ;
#2655 = VECTOR ( 'NONE', #1988, 39.37007874015748143 ) ;
#2656 = LINE ( 'NONE', #584, #1787 ) ;
#2657 = LINE ( 'NONE', #3893, #2473 ) ;
#2658 = VECTOR ( 'NONE', #5259, 39.37007874015748143 ) ;
#2659 = CARTESIAN_POINT ( 'NONE',  ( -0.4448818897637797365, 0.05325930726378131502, -0.7204724409448818312 ) ) ;
#2660 = EDGE_CURVE ( 'NONE', #4597, #1005, #2130, .T. ) ;
#2661 = VECTOR ( 'NONE', #3008, 39.37007874015748143 ) ;
#2662 = EDGE_LOOP ( 'NONE', ( #1971, #883, #1405, #3495 ) ) ;
#2663 = VERTEX_POINT ( 'NONE', #2866 ) ;
#2664 = AXIS2_PLACEMENT_3D ( 'NONE', #3659, #4481, #2411 ) ;
#2665 = DIRECTION ( 'NONE',  ( 0.0000000000000000000, 0.0000000000000000000, 1.000000000000000000 ) ) ;
#2666 = VECTOR ( 'NONE', #1486, 39.37007874015748143 ) ;
#2667 = EDGE_CURVE ( 'NONE', #2535, #2983, #1995, .T. ) ;
#2668 = FACE_OUTER_BOUND ( 'NONE', #1530, .T. ) ;
#2669 = CARTESIAN_POINT ( 'NONE',  ( -0.4527559055118111075, 0.07086614173228347746, -0.5708661417322835607 ) ) ;
#2670 = FACE_OUTER_BOUND ( 'NONE', #4009, .T. ) ;
#2671 = VERTEX_POINT ( 'NONE', #3678 ) ;
#2672 = ORIENTED_EDGE ( 'NONE', *, *, #1498, .F. ) ;
#2673 = CIRCLE ( 'NONE', #4798, 0.07086614173228344971 ) ;
#2674 = CARTESIAN_POINT ( 'NONE',  ( -0.4173228346456693827, 0.3070866141732282451, -0.2086614173228346081 ) ) ;
#2675 = CARTESIAN_POINT ( 'NONE',  ( -0.4527559055118111075, 0.07086614173228347746, -1.148425196850393792 ) ) ;
#2676 = CARTESIAN_POINT ( 'NONE',  ( -0.4527559055118111075, 0.4393700787401574881, 0.003937007874015795682 ) ) ;
#2677 = ORIENTED_EDGE ( 'NONE', *, *, #1803, .T. ) ;
#2678 = CARTESIAN_POINT ( 'NONE',  ( 0.4173228346456693827, 0.3070866141732282451, -0.2086614173228346081 ) ) ;
#2679 = PRODUCT_CONTEXT ( 'NONE', #3905, 'mechanical' ) ;
#2680 = CARTESIAN_POINT ( 'NONE',  ( 0.4291338582677164948, 0.07086614173228342195, -1.148425196850393792 ) ) ;
#2681 = DIRECTION ( 'NONE',  ( -0.0000000000000000000, -0.0000000000000000000, -1.000000000000000000 ) ) ;
#2682 = EDGE_CURVE ( 'NONE', #1572, #3731, #3284, .T. ) ;
#2683 = CARTESIAN_POINT ( 'NONE',  ( 0.4527559055118111075, 0.3838582677165353618, -0.07086614173228346358 ) ) ;
#2684 = LENGTH_MEASURE_WITH_UNIT ( LENGTH_MEASURE( 0.02539999999999999897 ), #4719 );
#2685 = DIRECTION ( 'NONE',  ( 0.0000000000000000000, 0.0000000000000000000, 1.000000000000000000 ) ) ;
#2686 = ADVANCED_FACE ( 'NONE', ( #4938 ), #4566, .T. ) ;
#2687 = EDGE_LOOP ( 'NONE', ( #4261, #1193, #5123, #2918 ) ) ;
#2688 = ORIENTED_EDGE ( 'NONE', *, *, #2031, .F. ) ;
#2689 =( NAMED_UNIT ( * ) SI_UNIT ( $, .STERADIAN. ) SOLID_ANGLE_UNIT ( ) );
#2690 =( LENGTH_UNIT ( ) NAMED_UNIT ( * ) SI_UNIT ( $, .METRE. ) );
#2691 = FACE_BOUND ( 'NONE', #4689, .T. ) ;
#2692 = DIRECTION ( 'NONE',  ( 0.0000000000000000000, 0.0000000000000000000, 1.000000000000000000 ) ) ;
#2693 =( CONVERSION_BASED_UNIT ( 'INCH', #4411 ) LENGTH_UNIT ( ) NAMED_UNIT ( #2627 ) );
#2694 = ADVANCED_FACE ( 'NONE', ( #798, #4142 ), #280, .F. ) ;
#2695 = ORIENTED_EDGE ( 'NONE', *, *, #3928, .T. ) ;
#2696 = ORIENTED_EDGE ( 'NONE', *, *, #4085, .T. ) ;
#2697 = PLANE ( 'NONE',  #2016 ) ;
#2698 = DIRECTION ( 'NONE',  ( 0.0000000000000000000, 0.0000000000000000000, -1.000000000000000000 ) ) ;
#2699 = LINE ( 'NONE', #2241, #994 ) ;
#2700 = LINE ( 'NONE', #4510, #3603 ) ;
#2701 = VERTEX_POINT ( 'NONE', #5301 ) ;
#2702 = EDGE_CURVE ( 'NONE', #702, #508, #5034, .T. ) ;
#2703 = EDGE_LOOP ( 'NONE', ( #1738, #600, #1117, #842, #2904, #379 ) ) ;
#2704 = LINE ( 'NONE', #2294, #2930 ) ;
#2705 = CARTESIAN_POINT ( 'NONE',  ( -0.4394402068000682338, 0.0005316593026320795253, -0.2952755905511810774 ) ) ;
#2706 = CARTESIAN_POINT ( 'NONE',  ( 0.4212598425196851237, 0.4393700787401574881, 0.003937007874015795682 ) ) ;
#2707 = SURFACE_STYLE_FILL_AREA ( #749 ) ;
#2708 = PRESENTATION_STYLE_ASSIGNMENT (( #3123 ) ) ;
#2709 = COLOUR_RGB ( '',0.7529411764705882248, 0.7529411764705882248, 0.7529411764705882248 ) ;
#2710 = CARTESIAN_POINT ( 'NONE',  ( 0.4527559055118111075, 0.5000000000000000000, -1.148425196850393792 ) ) ;
#2711 = VERTEX_POINT ( 'NONE', #4674 ) ;
#2712 = EDGE_CURVE ( 'NONE', #3459, #292, #3264, .T. ) ;
#2713 = CARTESIAN_POINT ( 'NONE',  ( -0.5000000000000001110, 0.5000000000000000000, -1.148425196850393792 ) ) ;
#2714 = CARTESIAN_POINT ( 'NONE',  ( 0.4291338582677159397, 0.04724409448818897572, 0.03149606299212598381 ) ) ;
#2715 = ORIENTED_EDGE ( 'NONE', *, *, #2660, .T. ) ;
#2716 = ORIENTED_EDGE ( 'NONE', *, *, #1053, .F. ) ;
#2717 = CIRCLE ( 'NONE', #3431, 0.02362204724409448092 ) ;
#2718 = FACE_OUTER_BOUND ( 'NONE', #5134, .T. ) ;
#2719 = CARTESIAN_POINT ( 'NONE',  ( 0.5000000000000001110, 0.3070866141732282451, -0.07086614173228347746 ) ) ;
#2720 = EDGE_CURVE ( 'NONE', #1908, #4803, #2105, .T. ) ;
#2721 = LINE ( 'NONE', #1877, #2722 ) ;
#2722 = VECTOR ( 'NONE', #3904, 39.37007874015748143 ) ;
#2723 = SURFACE_SIDE_STYLE ('',( #3110 ) ) ;
#2724 = ORIENTED_EDGE ( 'NONE', *, *, #1728, .T. ) ;
#2725 = EDGE_LOOP ( 'NONE', ( #1173, #5379, #4848, #3763 ) ) ;
#2726 = VECTOR ( 'NONE', #92, 39.37007874015748143 ) ;
#2727 = CARTESIAN_POINT ( 'NONE',  ( -0.4527559055118111075, 0.2303149606299212671, 0.003937007874015777467 ) ) ;
#2728 = EDGE_CURVE ( 'NONE', #1413, #24, #906, .T. ) ;
#2729 = DIRECTION ( 'NONE',  ( 1.000000000000000000, 0.0000000000000000000, 0.0000000000000000000 ) ) ;
#2730 = CARTESIAN_POINT ( 'NONE',  ( 0.4291338582677164948, 0.07086614173228342195, -0.2952755905511810774 ) ) ;
#2731 = AXIS2_PLACEMENT_3D ( 'NONE', #4714, #1078, #5282 ) ;
#2732 = ORIENTED_EDGE ( 'NONE', *, *, #5343, .F. ) ;
#2733 = ORIENTED_EDGE ( 'NONE', *, *, #5272, .T. ) ;
#2734 = DIRECTION ( 'NONE',  ( 0.0000000000000000000, -1.000000000000000000, 4.448008912761042820E-16 ) ) ;
#2735 = CIRCLE ( 'NONE', #5292, 0.03149606299212606708 ) ;
#2736 = ADVANCED_FACE ( 'NONE', ( #1339 ), #876, .T. ) ;
#2737 = FACE_OUTER_BOUND ( 'NONE', #1662, .T. ) ;
#2738 = CARTESIAN_POINT ( 'NONE',  ( 0.4345559534692969295, 0.04769230170708487621, -0.9346794908604006968 ) ) ;
#2739 =( NAMED_UNIT ( * ) PLANE_ANGLE_UNIT ( ) SI_UNIT ( $, .RADIAN. ) );
#2740 = DIRECTION ( 'NONE',  ( -1.000000000000000000, 0.0000000000000000000, 0.0000000000000000000 ) ) ;
#2741 = PRESENTATION_STYLE_ASSIGNMENT (( #1480 ) ) ;
#2742 = AXIS2_PLACEMENT_3D ( 'NONE', #1839, #3183, #5234 ) ;
#2743 = CARTESIAN_POINT ( 'NONE',  ( 0.4212598425196851237, 0.4665354330708661457, -0.2716535433070865757 ) ) ;
#2744 = VERTEX_POINT ( 'NONE', #526 ) ;
#2745 = ORIENTED_EDGE ( 'NONE', *, *, #1295, .T. ) ;
#2746 = FILL_AREA_STYLE ('',( #3611 ) ) ;
#2747 =( GEOMETRIC_REPRESENTATION_CONTEXT ( 3 ) GLOBAL_UNCERTAINTY_ASSIGNED_CONTEXT ( ( #3558 ) ) GLOBAL_UNIT_ASSIGNED_CONTEXT ( ( #2107, #4568, #2461 ) ) REPRESENTATION_CONTEXT ( 'NONE', 'WORKASPACE' ) );
#2748 = AXIS2_PLACEMENT_3D ( 'NONE', #2841, #1523, #2456 ) ;
#2749 = LINE ( 'NONE', #2010, #3193 ) ;
#2750 = FACE_OUTER_BOUND ( 'NONE', #4830, .T. ) ;
#2751 = CARTESIAN_POINT ( 'NONE',  ( 0.4291338582677164948, 0.07086614173228342195, -0.5078740157480315931 ) ) ;
#2752 = VERTEX_POINT ( 'NONE', #2187 ) ;
#2753 = VECTOR ( 'NONE', #5087, 39.37007874015748143 ) ;
#2754 = AXIS2_PLACEMENT_3D ( 'NONE', #1384, #3455, #3903 ) ;
#2755 = ORIENTED_EDGE ( 'NONE', *, *, #337, .T. ) ;
#2756 = EDGE_CURVE ( 'NONE', #4065, #5124, #366, .T. ) ;
#2757 =( NAMED_UNIT ( * ) SI_UNIT ( $, .STERADIAN. ) SOLID_ANGLE_UNIT ( ) );
#2758 = DIRECTION ( 'NONE',  ( 0.0000000000000000000, 0.0000000000000000000, -1.000000000000000000 ) ) ;
#2759 = AXIS2_PLACEMENT_3D ( 'NONE', #4838, #1914, #3595 ) ;
#2760 = DIRECTION ( 'NONE',  ( -0.5000000000000006661, 0.0000000000000000000, 0.8660254037844382635 ) ) ;
#2761 = FACE_OUTER_BOUND ( 'NONE', #3844, .T. ) ;
#2762 = EDGE_LOOP ( 'NONE', ( #1366, #835, #992, #443, #1231 ) ) ;
#2763 = ORIENTED_EDGE ( 'NONE', *, *, #3230, .T. ) ;
#2764 = ADVANCED_FACE ( 'NONE', ( #3456 ), #2083, .T. ) ;
#2765 = VECTOR ( 'NONE', #748, 39.37007874015748143 ) ;
#2766 = FACE_OUTER_BOUND ( 'NONE', #1668, .T. ) ;
#2767 = CARTESIAN_POINT ( 'NONE',  ( -0.4339682009560757447, 1.792182547577312202E-17, -0.2967041538204520656 ) ) ;
#2768 = DIRECTION ( 'NONE',  ( 0.0000000000000000000, 0.0000000000000000000, 1.000000000000000000 ) ) ;
#2769 = CARTESIAN_POINT ( 'NONE',  ( 0.4291338582677159397, 0.04724409448818897572, 0.0000000000000000000 ) ) ;
#2770 = ADVANCED_FACE ( 'NONE', ( #470 ), #1385, .T. ) ;
#2771 = DIRECTION ( 'NONE',  ( 0.0000000000000000000, 0.0000000000000000000, 1.000000000000000000 ) ) ;
#2772 = ORIENTED_EDGE ( 'NONE', *, *, #534, .F. ) ;
#2773 = FILL_AREA_STYLE ('',( #5258 ) ) ;
#2774 = CARTESIAN_POINT ( 'NONE',  ( 0.4527559055118111075, 0.5000000000000000000, -1.148425196850393792 ) ) ;
#2775 = LINE ( 'NONE', #4465, #4535 ) ;
#2776 = ORIENTED_EDGE ( 'NONE', *, *, #437, .T. ) ;
#2777 = EDGE_CURVE ( 'NONE', #619, #1881, #108, .T. ) ;
#2778 = ORIENTED_EDGE ( 'NONE', *, *, #5398, .F. ) ;
#2779 = CARTESIAN_POINT ( 'NONE',  ( 0.4448818897637792924, 0.001771933957542277298, -0.9330708661417322913 ) ) ;
#2780 = UNCERTAINTY_MEASURE_WITH_UNIT (LENGTH_MEASURE( 1.000000000000000082E-05 ), #990, 'distance_accuracy_value', 'NONE');
#2781 = CARTESIAN_POINT ( 'NONE',  ( -0.4527559055118111075, 0.4393700787401574881, 0.1822834645669292597 ) ) ;
#2782 = LINE ( 'NONE', #700, #1846 ) ;
#2783 = CARTESIAN_POINT ( 'NONE',  ( -0.4527559055118111075, 0.3070866141732282451, -0.07086614173228347746 ) ) ;
#2784 = EDGE_LOOP ( 'NONE', ( #4327, #2879, #2201, #3332 ) ) ;
#2785 = VERTEX_POINT ( 'NONE', #3712 ) ;
#2786 = PRESENTATION_STYLE_ASSIGNMENT (( #1492 ) ) ;
#2787 = DIRECTION ( 'NONE',  ( 0.0000000000000000000, 1.000000000000000000, 1.112002228190260705E-16 ) ) ;
#2788 = CARTESIAN_POINT ( 'NONE',  ( 0.4212598425196851237, 0.3838582677165353618, -0.07086614173228346358 ) ) ;
#2789 = DIRECTION ( 'NONE',  ( 0.0000000000000000000, -1.000000000000000000, 0.0000000000000000000 ) ) ;
#2790 = ORIENTED_EDGE ( 'NONE', *, *, #5170, .T. ) ;
#2791 = ORIENTED_EDGE ( 'NONE', *, *, #3313, .F. ) ;
#2792 = PLANE ( 'NONE',  #715 ) ;
#2793 = ADVANCED_FACE ( 'NONE', ( #4482 ), #744, .T. ) ;
#2794 = CARTESIAN_POINT ( 'NONE',  ( -0.4212598425196851237, 0.4665354330708661457, -0.2716535433070865757 ) ) ;
#2795 = ORIENTED_EDGE ( 'NONE', *, *, #401, .F. ) ;
#2796 = ADVANCED_FACE ( 'NONE', ( #2414 ), #1647, .F. ) ;
#2797 = DIRECTION ( 'NONE',  ( -1.000000000000000000, 0.0000000000000000000, 0.0000000000000000000 ) ) ;
#2798 = CARTESIAN_POINT ( 'NONE',  ( -0.4212598425196851237, 0.4393700787401574881, 0.003937007874015795682 ) ) ;
#2799 = SURFACE_SIDE_STYLE ('',( #4925 ) ) ;
#2800 = SURFACE_STYLE_FILL_AREA ( #4079 ) ;
#2801 = ORIENTED_EDGE ( 'NONE', *, *, #3535, .T. ) ;
#2802 = FACE_OUTER_BOUND ( 'NONE', #1310, .T. ) ;
#2803 = VECTOR ( 'NONE', #4695, 39.37007874015748143 ) ;
#2804 = DIRECTION ( 'NONE',  ( -1.239088197126286133E-15, 0.0000000000000000000, -1.000000000000000000 ) ) ;
#2805 = EDGE_CURVE ( 'NONE', #508, #4035, #5003, .T. ) ;
#2806 = CARTESIAN_POINT ( 'NONE',  ( 0.3661417322834639165, 0.04724409448818896184, 0.03149606299212598381 ) ) ;
#2807 = ADVANCED_FACE ( 'NONE', ( #3205 ), #1212, .F. ) ;
#2808 = CARTESIAN_POINT ( 'NONE',  ( -0.4291338582677166058, 6.631399473327291093E-18, -0.2994952628729311561 ) ) ;
#2809 = VECTOR ( 'NONE', #4122, 39.37007874015748143 ) ;
#2810 = VERTEX_POINT ( 'NONE', #2055 ) ;
#2811 = VERTEX_POINT ( 'NONE', #5339 ) ;
#2812 = CARTESIAN_POINT ( 'NONE',  ( -0.4291338582677166058, 0.0000000000000000000, 0.03149606299212598381 ) ) ;
#2813 = DIRECTION ( 'NONE',  ( 0.0000000000000000000, 0.0000000000000000000, -1.000000000000000000 ) ) ;
#2814 = AXIS2_PLACEMENT_3D ( 'NONE', #4204, #4622, #1694 ) ;
#2815 = CARTESIAN_POINT ( 'NONE',  ( 0.4448818897637792924, 0.001771933957542277081, -0.7204724409448818312 ) ) ;
#2816 = CARTESIAN_POINT ( 'NONE',  ( -0.4527559055118111075, 0.0000000000000000000, -0.7834645669291339098 ) ) ;
#2817 = VERTEX_POINT ( 'NONE', #3316 ) ;
#2818 = VERTEX_POINT ( 'NONE', #1561 ) ;
#2819 = CIRCLE ( 'NONE', #1851, 0.02362204724409448092 ) ;
#2820 = B_SPLINE_CURVE_WITH_KNOTS ( 'NONE', 3,
 ( #726, #699, #5351, #249, #4962, #4051 ),
 .UNSPECIFIED., .F., .F.,
 ( 4, 2, 4 ),
 ( 0.0000000000000000000, 0.0002268537248197715630, 0.0004537074496395431260 ),
 .UNSPECIFIED. ) ;
#2821 = FILL_AREA_STYLE ('',( #4918 ) ) ;
#2822 = MECHANICAL_DESIGN_GEOMETRIC_PRESENTATION_REPRESENTATION (  '', ( #4936 ), #4505 ) ;
#2823 = CARTESIAN_POINT ( 'NONE',  ( -0.4291338582677166058, 0.0000000000000000000, -1.148425196850393792 ) ) ;
#2824 = DIRECTION ( 'NONE',  ( 0.0000000000000000000, 0.0000000000000000000, 1.000000000000000000 ) ) ;
#2825 = CARTESIAN_POINT ( 'NONE',  ( -0.4212598425196851792, 0.4393700787401574881, 0.008848995601825815002 ) ) ;
#2826 = VECTOR ( 'NONE', #2261, 39.37007874015748143 ) ;
#2827 = EDGE_CURVE ( 'NONE', #5161, #5297, #1233, .T. ) ;
#2828 = ORIENTED_EDGE ( 'NONE', *, *, #2440, .T. ) ;
#2829 =( NAMED_UNIT ( * ) SI_UNIT ( $, .STERADIAN. ) SOLID_ANGLE_UNIT ( ) );
#2830 = ORIENTED_EDGE ( 'NONE', *, *, #3891, .F. ) ;
#2831 = EDGE_CURVE ( 'NONE', #793, #375, #4681, .T. ) ;
#2832 = CARTESIAN_POINT ( 'NONE',  ( -0.4291338582677166058, 0.04724409448818898266, -0.3540480442136830774 ) ) ;
#2833 = DIRECTION ( 'NONE',  ( -1.000000000000000000, -0.0000000000000000000, -0.0000000000000000000 ) ) ;
#2834 = VECTOR ( 'NONE', #4532, 39.37007874015748143 ) ;
#2835 = CYLINDRICAL_SURFACE ( 'NONE', #228, 0.05642890064205359490 ) ;
#2836 = ORIENTED_EDGE ( 'NONE', *, *, #180, .T. ) ;
#2837 = ORIENTED_EDGE ( 'NONE', *, *, #2039, .T. ) ;
#2838 = EDGE_CURVE ( 'NONE', #3494, #145, #4078, .T. ) ;
#2839 = CARTESIAN_POINT ( 'NONE',  ( -0.4291338582677165503, -2.561107494060248000E-17, -0.7792448946073839977 ) ) ;
#2840 = VECTOR ( 'NONE', #5332, 39.37007874015748143 ) ;
#2841 = CARTESIAN_POINT ( 'NONE',  ( 0.4291338582677159397, 0.0000000000000000000, 0.0000000000000000000 ) ) ;
#2842 = DIRECTION ( 'NONE',  ( 0.0000000000000000000, 0.0000000000000000000, 1.000000000000000000 ) ) ;
#2843 = DIRECTION ( 'NONE',  ( 0.0000000000000000000, 1.000000000000000000, 0.0000000000000000000 ) ) ;
#2844 = VECTOR ( 'NONE', #377, 39.37007874015748143 ) ;
#2845 = VECTOR ( 'NONE', #2298, 39.37007874015748143 ) ;
#2846 = ORIENTED_EDGE ( 'NONE', *, *, #5338, .F. ) ;
#2847 = ORIENTED_EDGE ( 'NONE', *, *, #3801, .T. ) ;
#2848 = EDGE_CURVE ( 'NONE', #2087, #1746, #3430, .T. ) ;
#2849 = LENGTH_MEASURE_WITH_UNIT ( LENGTH_MEASURE( 0.02539999999999999897 ), #1999 );
#2850 = DIRECTION ( 'NONE',  ( 0.0000000000000000000, 0.0000000000000000000, 1.000000000000000000 ) ) ;
#2851 = DIRECTION ( 'NONE',  ( 0.0000000000000000000, -1.000000000000000000, 0.0000000000000000000 ) ) ;
#2852 = CARTESIAN_POINT ( 'NONE',  ( 0.4212598425196851237, 0.4665354330708661457, -0.2716535433070865757 ) ) ;
#2853 = CARTESIAN_POINT ( 'NONE',  ( -0.4776887431617387603, 0.4898052704652088307, 0.008848995601825804594 ) ) ;
#2854 = DIRECTION ( 'NONE',  ( -1.239088197126286133E-15, -0.0000000000000000000, -1.000000000000000000 ) ) ;
#2855 = ORIENTED_EDGE ( 'NONE', *, *, #2425, .T. ) ;
#2856 = SURFACE_STYLE_FILL_AREA ( #4491 ) ;
#2857 = FACE_OUTER_BOUND ( 'NONE', #660, .T. ) ;
#2858 = ORIENTED_EDGE ( 'NONE', *, *, #2667, .T. ) ;
#2859 = CARTESIAN_POINT ( 'NONE',  ( 0.5000000000000001110, 0.3838582677165353618, -0.07086614173228346358 ) ) ;
#2860 = CARTESIAN_POINT ( 'NONE',  ( 0.4426322985307421520, 0.05124721169631756001, -0.2952755905511810774 ) ) ;
#2861 = EDGE_CURVE ( 'NONE', #5220, #3789, #1670, .T. ) ;
#2862 = LINE ( 'NONE', #3553, #2658 ) ;
#2863 = ORIENTED_EDGE ( 'NONE', *, *, #2898, .F. ) ;
#2864 = VERTEX_POINT ( 'NONE', #2139 ) ;
#2865 = LINE ( 'NONE', #4140, #4172 ) ;
#2866 = CARTESIAN_POINT ( 'NONE',  ( -0.4527559055118111631, 0.3606299212598426118, 0.008848995601825804594 ) ) ;
#2867 = ADVANCED_FACE ( 'NONE', ( #3402 ), #3372, .F. ) ;
#2868 = DIRECTION ( 'NONE',  ( 0.0000000000000000000, 1.000000000000000000, 0.0000000000000000000 ) ) ;
#2869 = CARTESIAN_POINT ( 'NONE',  ( -0.4527559055118111075, 0.5000000000000000000, -1.148425196850393792 ) ) ;
#2870 = ORIENTED_EDGE ( 'NONE', *, *, #733, .F. ) ;
#2871 = ORIENTED_EDGE ( 'NONE', *, *, #364, .T. ) ;
#2872 = CARTESIAN_POINT ( 'NONE',  ( 3.857155272905044443E-18, -6.829619984160658046E-17, -0.6685039370078741383 ) ) ;
#2873 = CARTESIAN_POINT ( 'NONE',  ( 0.4291338582677159397, 0.04724409448818895491, -0.3540480442136829109 ) ) ;
#2874 = EDGE_CURVE ( 'NONE', #3789, #267, #2547, .T. ) ;
#2875 = CARTESIAN_POINT ( 'NONE',  ( 0.4527559055118111075, 0.5000000000000000000, -1.148425196850393792 ) ) ;
#2876 = ORIENTED_EDGE ( 'NONE', *, *, #3694, .T. ) ;
#2877 = FACE_OUTER_BOUND ( 'NONE', #196, .T. ) ;
#2878 = DIRECTION ( 'NONE',  ( 1.000000000000000000, 0.0000000000000000000, 0.0000000000000000000 ) ) ;
#2879 = ORIENTED_EDGE ( 'NONE', *, *, #3282, .T. ) ;
#2880 = FILL_AREA_STYLE_COLOUR ( '', #1855 ) ;
#2881 = ORIENTED_EDGE ( 'NONE', *, *, #4364, .F. ) ;
#2882 = FILL_AREA_STYLE_COLOUR ( '', #1440 ) ;
#2883 = VECTOR ( 'NONE', #3381, 39.37007874015748143 ) ;
#2884 = DIRECTION ( 'NONE',  ( 0.0000000000000000000, 1.000000000000000000, 0.0000000000000000000 ) ) ;
#2885 = DIRECTION ( 'NONE',  ( 0.0000000000000000000, 1.000000000000000000, 0.0000000000000000000 ) ) ;
#2886 = CARTESIAN_POINT ( 'NONE',  ( 3.857155272905044443E-18, -6.829619984160658046E-17, -0.6055118110236221707 ) ) ;
#2887 = ORIENTED_EDGE ( 'NONE', *, *, #3056, .T. ) ;
#2888 = ORIENTED_EDGE ( 'NONE', *, *, #4542, .F. ) ;
#2889 = CARTESIAN_POINT ( 'NONE',  ( 0.4999999999999998335, 0.07086614173228342195, -0.9330708661417322913 ) ) ;
#2890 = EDGE_CURVE ( 'NONE', #702, #4178, #3831, .T. ) ;
#2891 = CARTESIAN_POINT ( 'NONE',  ( -0.4527559055118111075, 0.5000000000000000000, -1.148425196850393792 ) ) ;
#2892 = LINE ( 'NONE', #2788, #4245 ) ;
#2893 =( GEOMETRIC_REPRESENTATION_CONTEXT ( 3 ) GLOBAL_UNCERTAINTY_ASSIGNED_CONTEXT ( ( #4881 ) ) GLOBAL_UNIT_ASSIGNED_CONTEXT ( ( #1296, #402, #1673 ) ) REPRESENTATION_CONTEXT ( 'NONE', 'WORKASPACE' ) );
#2894 = CARTESIAN_POINT ( 'NONE',  ( -0.4527559055118111075, 0.4393700787401574881, 0.008848995601825804594 ) ) ;
#2895 = ORIENTED_EDGE ( 'NONE', *, *, #2251, .F. ) ;
#2896 = ORIENTED_EDGE ( 'NONE', *, *, #2094, .F. ) ;
#2897 = VECTOR ( 'NONE', #1996, 39.37007874015748143 ) ;
#2898 = EDGE_CURVE ( 'NONE', #2521, #1654, #4290, .T. ) ;
#2899 = CARTESIAN_POINT ( 'NONE',  ( -0.4291338582677166058, 0.04724409448818897572, 0.03149606299212598381 ) ) ;
#2900 = DIMENSIONAL_EXPONENTS ( 1.000000000000000000, 0.0000000000000000000, 0.0000000000000000000, 0.0000000000000000000, 0.0000000000000000000, 0.0000000000000000000, 0.0000000000000000000 ) ;
#2901 = LINE ( 'NONE', #3317, #3842 ) ;
#2902 = PLANE ( 'NONE',  #3339 ) ;
#2903 = VECTOR ( 'NONE', #4905, 39.37007874015748143 ) ;
#2904 = ORIENTED_EDGE ( 'NONE', *, *, #3607, .F. ) ;
#2905 = LINE ( 'NONE', #750, #234 ) ;
#2906 = DIRECTION ( 'NONE',  ( -1.000000000000000000, 0.0000000000000000000, 0.0000000000000000000 ) ) ;
#2907 = ADVANCED_FACE ( 'NONE', ( #430 ), #1294, .F. ) ;
#2908 =( NAMED_UNIT ( * ) PLANE_ANGLE_UNIT ( ) SI_UNIT ( $, .RADIAN. ) );
#2909 = CIRCLE ( 'NONE', #1343, 0.07086614173228344971 ) ;
#2910 = PRODUCT ( 'CUI_DEVICES_HSS-B20-0503H', 'CUI_DEVICES_HSS-B20-0503H', '', ( #2679 ) ) ;
#2911 = SURFACE_SIDE_STYLE ('',( #1272 ) ) ;
#2912 = VECTOR ( 'NONE', #2549, 39.37007874015748143 ) ;
#2913 = ORIENTED_EDGE ( 'NONE', *, *, #1412, .T. ) ;
#2914 = DIRECTION ( 'NONE',  ( 0.0000000000000000000, -1.000000000000000000, 0.0000000000000000000 ) ) ;
#2915 = CARTESIAN_POINT ( 'NONE',  ( 0.4291338582677159397, 0.04724409448818895491, -0.9918433198042341248 ) ) ;
#2916 = CARTESIAN_POINT ( 'NONE',  ( -0.4212598425196851237, 0.2303149606299212671, 0.003937007874015777467 ) ) ;
#2917 = CARTESIAN_POINT ( 'NONE',  ( -0.5000000000000004441, 0.5000000000000000000, -0.5708661417322835607 ) ) ;
#2918 = ORIENTED_EDGE ( 'NONE', *, *, #3267, .F. ) ;
#2919 = VERTEX_POINT ( 'NONE', #2576 ) ;
#2920 = DIRECTION ( 'NONE',  ( 0.0000000000000000000, -1.000000000000000000, 0.0000000000000000000 ) ) ;
#2921 = CIRCLE ( 'NONE', #564, 0.07086614173228344971 ) ;
#2922 = CARTESIAN_POINT ( 'NONE',  ( 0.4291338582677159397, 0.0000000000000000000, 0.0000000000000000000 ) ) ;
#2923 = LINE ( 'NONE', #4594, #1592 ) ;
#2924 = PRESENTATION_STYLE_ASSIGNMENT (( #5000 ) ) ;
#2925 = ADVANCED_FACE ( 'NONE', ( #3345 ), #4704, .T. ) ;
#2926 = VERTEX_POINT ( 'NONE', #5135 ) ;
#2927 = AXIS2_PLACEMENT_3D ( 'NONE', #138, #518, #3045 ) ;
#2928 = ORIENTED_EDGE ( 'NONE', *, *, #1167, .F. ) ;
#2929 =( LENGTH_UNIT ( ) NAMED_UNIT ( * ) SI_UNIT ( $, .METRE. ) );
#2930 = VECTOR ( 'NONE', #3629, 39.37007874015748143 ) ;
#2931 = VECTOR ( 'NONE', #4006, 39.37007874015748143 ) ;
#2932 = LINE ( 'NONE', #4632, #5190 ) ;
#2933 = EDGE_CURVE ( 'NONE', #2817, #1730, #1368, .T. ) ;
#2934 = ORIENTED_EDGE ( 'NONE', *, *, #2756, .T. ) ;
#2935 = AXIS2_PLACEMENT_3D ( 'NONE', #4991, #5071, #1309 ) ;
#2936 = CARTESIAN_POINT ( 'NONE',  ( 0.4448818897637792924, 0.04724409448818897572, -0.3267716535433071168 ) ) ;
#2937 = DIRECTION ( 'NONE',  ( 0.0000000000000000000, 1.000000000000000000, 0.0000000000000000000 ) ) ;
#2938 = EDGE_CURVE ( 'NONE', #4854, #1654, #1807, .T. ) ;
#2939 = CYLINDRICAL_SURFACE ( 'NONE', #239, 0.07086614173228344971 ) ;
#2940 = CARTESIAN_POINT ( 'NONE',  ( 0.5000000000000001110, 0.5000000000000000000, -0.3582677165354331006 ) ) ;
#2941 = AXIS2_PLACEMENT_3D ( 'NONE', #4129, #1655, #1627 ) ;
#2942 = CARTESIAN_POINT ( 'NONE',  ( -0.4527559055118111075, 0.3606299212598426118, 0.1822834645669292597 ) ) ;
#2943 = CARTESIAN_POINT ( 'NONE',  ( 0.4291338582677159397, 0.04724409448818897572, -1.148425196850393792 ) ) ;
#2944 = CARTESIAN_POINT ( 'NONE',  ( 0.4291338582677164948, 0.07086614173228342195, -1.148425196850393792 ) ) ;
#2945 = VERTEX_POINT ( 'NONE', #577 ) ;
#2946 = EDGE_LOOP ( 'NONE', ( #3640, #3257, #739, #1393 ) ) ;
#2947 = DIRECTION ( 'NONE',  ( 0.5000000000000009992, 0.0000000000000000000, -0.8660254037844380415 ) ) ;
#2948 = CARTESIAN_POINT ( 'NONE',  ( -0.4448818897637797365, -6.829619984160658046E-17, -0.2952755905511810774 ) ) ;
#2949 = DIRECTION ( 'NONE',  ( 0.0000000000000000000, -1.000000000000000000, 0.0000000000000000000 ) ) ;
#2950 = LINE ( 'NONE', #4541, #1410 ) ;
#2951 = CARTESIAN_POINT ( 'NONE',  ( 0.4356970836099151034, 0.3606299212598426118, 0.09884078434789470013 ) ) ;
#2952 = ORIENTED_EDGE ( 'NONE', *, *, #1993, .T. ) ;
#2953 = ORIENTED_EDGE ( 'NONE', *, *, #3552, .T. ) ;
#2954 = FILL_AREA_STYLE ('',( #1319 ) ) ;
#2955 = LINE ( 'NONE', #130, #2215 ) ;
#2956 = ORIENTED_EDGE ( 'NONE', *, *, #1164, .T. ) ;
#2957 = CARTESIAN_POINT ( 'NONE',  ( 0.5000000000000001110, 0.5000000000000000000, 0.0000000000000000000 ) ) ;
#2958 = DIRECTION ( 'NONE',  ( 0.0000000000000000000, 0.0000000000000000000, 1.000000000000000000 ) ) ;
#2959 = EDGE_CURVE ( 'NONE', #2338, #4668, #1883, .T. ) ;
#2960 = CARTESIAN_POINT ( 'NONE',  ( -0.4527559055118111075, 0.3070866141732282451, -0.07086614173228347746 ) ) ;
#2961 = CARTESIAN_POINT ( 'NONE',  ( -0.4291338582677166058, 0.0000000000000000000, -1.148425196850393792 ) ) ;
#2962 = ORIENTED_EDGE ( 'NONE', *, *, #2238, .F. ) ;
#2963 = ORIENTED_EDGE ( 'NONE', *, *, #4233, .F. ) ;
#2964 = EDGE_CURVE ( 'NONE', #4277, #3594, #156, .T. ) ;
#2965 = CARTESIAN_POINT ( 'NONE',  ( -0.4212598425196851237, 0.4665354330708661457, 0.003937007874015758385 ) ) ;
#2966 = LINE ( 'NONE', #521, #3074 ) ;
#2967 = DIRECTION ( 'NONE',  ( 0.5000000000000009992, 0.0000000000000000000, -0.8660254037844380415 ) ) ;
#2968 = B_SPLINE_CURVE_WITH_KNOTS ( 'NONE', 3,
 ( #3506, #1827, #5274, #3950 ),
 .UNSPECIFIED., .F., .F.,
 ( 4, 4 ),
 ( 1.597468188317061335E-21, 0.0004192949315278233710 ),
 .UNSPECIFIED. ) ;
#2969 = FACE_OUTER_BOUND ( 'NONE', #3971, .T. ) ;
#2970 = ORIENTED_EDGE ( 'NONE', *, *, #462, .F. ) ;
#2971 = ORIENTED_EDGE ( 'NONE', *, *, #5227, .T. ) ;
#2972 = LINE ( 'NONE', #4672, #23 ) ;
#2973 = EDGE_CURVE ( 'NONE', #2252, #4065, #2492, .T. ) ;
#2974 = LINE ( 'NONE', #4673, #1191 ) ;
#2975 = FACE_OUTER_BOUND ( 'NONE', #4017, .T. ) ;
#2976 = COLOUR_RGB ( '',0.7529411764705882248, 0.7529411764705882248, 0.7529411764705882248 ) ;
#2977 = VERTEX_POINT ( 'NONE', #628 ) ;
#2978 = EDGE_LOOP ( 'NONE', ( #560, #4412, #3571, #1127, #2129, #4056, #1899, #531 ) ) ;
#2979 = DIRECTION ( 'NONE',  ( 0.0000000000000000000, 0.0000000000000000000, 1.000000000000000000 ) ) ;
#2980 = CIRCLE ( 'NONE', #1325, 0.03149606299212606708 ) ;
#2981 = DIRECTION ( 'NONE',  ( 0.0000000000000000000, -1.000000000000000000, 0.0000000000000000000 ) ) ;
#2982 = DIRECTION ( 'NONE',  ( 0.0000000000000000000, 0.0000000000000000000, -1.000000000000000000 ) ) ;
#2983 = VERTEX_POINT ( 'NONE', #2260 ) ;
#2984 = VECTOR ( 'NONE', #4367, 39.37007874015748143 ) ;
#2985 = FACE_OUTER_BOUND ( 'NONE', #5186, .T. ) ;
#2986 = DIRECTION ( 'NONE',  ( 0.0000000000000000000, 0.0000000000000000000, -1.000000000000000000 ) ) ;
#2987 = AXIS2_PLACEMENT_3D ( 'NONE', #4231, #1726, #3399 ) ;
#2988 = FILL_AREA_STYLE ('',( #2880 ) ) ;
#2989 = EDGE_CURVE ( 'NONE', #974, #4340, #4752, .T. ) ;
#2990 = ORIENTED_EDGE ( 'NONE', *, *, #2604, .T. ) ;
#2991 = ORIENTED_EDGE ( 'NONE', *, *, #2140, .F. ) ;
#2992 = CARTESIAN_POINT ( 'NONE',  ( -0.4356970836099151034, 0.4393700787401574881, 0.09884078434789470013 ) ) ;
#2993 = COLOUR_RGB ( '',0.2509803921568627416, 0.2509803921568627416, 0.2509803921568627416 ) ;
#2994 = DIRECTION ( 'NONE',  ( -1.000000000000000000, 0.0000000000000000000, 0.0000000000000000000 ) ) ;
#2995 = DIRECTION ( 'NONE',  ( -1.000000000000000000, 0.0000000000000000000, 0.0000000000000000000 ) ) ;
#2996 = ADVANCED_FACE ( 'NONE', ( #3139 ), #3114, .F. ) ;
#2997 = ORIENTED_EDGE ( 'NONE', *, *, #5390, .T. ) ;
#2998 = ORIENTED_EDGE ( 'NONE', *, *, #1061, .T. ) ;
#2999 = DIRECTION ( 'NONE',  ( 1.000000000000000000, 0.0000000000000000000, 0.0000000000000000000 ) ) ;
#3000 = VECTOR ( 'NONE', #1150, 39.37007874015748143 ) ;
#3001 = CARTESIAN_POINT ( 'NONE',  ( 0.4685039370078740717, 0.3070866141732282451, -0.07086614173228347746 ) ) ;
#3002 =( NAMED_UNIT ( * ) PLANE_ANGLE_UNIT ( ) SI_UNIT ( $, .RADIAN. ) );
#3003 = DIRECTION ( 'NONE',  ( 0.8660254037844380415, 0.0000000000000000000, -0.5000000000000009992 ) ) ;
#3004 = DIRECTION ( 'NONE',  ( 1.000000000000000000, 0.0000000000000000000, 0.0000000000000000000 ) ) ;
#3005 = EDGE_CURVE ( 'NONE', #2671, #1484, #3988, .T. ) ;
#3006 = VERTEX_POINT ( 'NONE', #2650 ) ;
#3007 = VERTEX_POINT ( 'NONE', #253 ) ;
#3008 = DIRECTION ( 'NONE',  ( 0.0000000000000000000, 1.000000000000000000, 0.0000000000000000000 ) ) ;
#3009 = CARTESIAN_POINT ( 'NONE',  ( -0.4291338582677165503, 0.04724409448818898266, -0.7246921132666317433 ) ) ;
#3010 = CIRCLE ( 'NONE', #1702, 0.07086614173228344971 ) ;
#3011 = EDGE_CURVE ( 'NONE', #257, #4863, #3948, .T. ) ;
#3012 = ORIENTED_EDGE ( 'NONE', *, *, #2300, .F. ) ;
#3013 = CARTESIAN_POINT ( 'NONE',  ( -0.4212598425196851237, 0.3838582677165353618, -0.07086614173228346358 ) ) ;
#3014 = CARTESIAN_POINT ( 'NONE',  ( -0.4291338582677166058, 0.07086614173228347746, 0.0000000000000000000 ) ) ;
#3015 = AXIS2_PLACEMENT_3D ( 'NONE', #1258, #877, #1614 ) ;
#3016 = AXIS2_PLACEMENT_3D ( 'NONE', #3976, #3532, #1469 ) ;
#3017 = DIRECTION ( 'NONE',  ( 1.000000000000000000, 0.0000000000000000000, 0.0000000000000000000 ) ) ;
#3018 = FACE_OUTER_BOUND ( 'NONE', #3358, .T. ) ;
#3019 = AXIS2_PLACEMENT_3D ( 'NONE', #2853, #2062, #5037 ) ;
#3020 = VECTOR ( 'NONE', #4000, 39.37007874015748143 ) ;
#3021 = EDGE_LOOP ( 'NONE', ( #1232, #5344, #4678, #5277 ) ) ;
#3022 = VERTEX_POINT ( 'NONE', #3567 ) ;
#3023 = VECTOR ( 'NONE', #2967, 39.37007874015748143 ) ;
#3024 = EDGE_CURVE ( 'NONE', #5220, #3050, #4807, .T. ) ;
#3025 = CARTESIAN_POINT ( 'NONE',  ( 0.4448818897637792924, -6.829619984160658046E-17, -0.5078740157480314821 ) ) ;
#3026 = DIRECTION ( 'NONE',  ( 0.0000000000000000000, 0.0000000000000000000, 1.000000000000000000 ) ) ;
#3027 = ORIENTED_EDGE ( 'NONE', *, *, #4057, .T. ) ;
#3028 = VECTOR ( 'NONE', #6, 39.37007874015748143 ) ;
#3029 = EDGE_LOOP ( 'NONE', ( #4493, #1578, #370, #5417 ) ) ;
#3030 = DIRECTION ( 'NONE',  ( -1.000000000000000000, 0.0000000000000000000, 0.0000000000000000000 ) ) ;
#3031 = LINE ( 'NONE', #4724, #3020 ) ;
#3032 = EDGE_CURVE ( 'NONE', #4405, #3007, #4522, .T. ) ;
#3033 = AXIS2_PLACEMENT_3D ( 'NONE', #2710, #2332, #263 ) ;
#3034 = CARTESIAN_POINT ( 'NONE',  ( -0.5000000000000004441, 0.07086614173228344971, -0.9960629921259842590 ) ) ;
#3035 = ORIENTED_EDGE ( 'NONE', *, *, #3772, .T. ) ;
#3036 = EDGE_LOOP ( 'NONE', ( #2895, #5002, #800, #144 ) ) ;
#3037 = CARTESIAN_POINT ( 'NONE',  ( -0.5280404552087514247, 0.4393700787401574881, 0.1459263944151847348 ) ) ;
#3038 = EDGE_CURVE ( 'NONE', #268, #4300, #4387, .T. ) ;
#3039 = CARTESIAN_POINT ( 'NONE',  ( 0.4291338582677159397, 0.04724409448818897572, -1.148425196850393792 ) ) ;
#3040 = DIRECTION ( 'NONE',  ( 1.000000000000000000, 0.0000000000000000000, 0.0000000000000000000 ) ) ;
#3041 = VERTEX_POINT ( 'NONE', #2289 ) ;
#3042 = DIRECTION ( 'NONE',  ( 0.0000000000000000000, 0.0000000000000000000, -1.000000000000000000 ) ) ;
#3043 = EDGE_CURVE ( 'NONE', #650, #3562, #4781, .T. ) ;
#3044 = CARTESIAN_POINT ( 'NONE',  ( 0.4291338582677159397, 0.04724409448818895491, -0.7792448946073836646 ) ) ;
#3045 = DIRECTION ( 'NONE',  ( 1.000000000000000000, 0.0000000000000000000, 0.0000000000000000000 ) ) ;
#3046 = ORIENTED_EDGE ( 'NONE', *, *, #1209, .F. ) ;
#3047 = ORIENTED_EDGE ( 'NONE', *, *, #918, .F. ) ;
#3048 = FILL_AREA_STYLE_COLOUR ( '', #4684 ) ;
#3049 = ORIENTED_EDGE ( 'NONE', *, *, #2712, .F. ) ;
#3050 = VERTEX_POINT ( 'NONE', #2727 ) ;
#3051 = CARTESIAN_POINT ( 'NONE',  ( -0.4212598425196851237, 0.4665354330708661457, -0.2716535433070865757 ) ) ;
#3052 = CARTESIAN_POINT ( 'NONE',  ( 0.4291338582677164948, 0.07086614173228342195, -0.9960629921259842590 ) ) ;
#3053 = DIRECTION ( 'NONE',  ( 0.0000000000000000000, 1.000000000000000000, 0.0000000000000000000 ) ) ;
#3054 = ORIENTED_EDGE ( 'NONE', *, *, #2756, .F. ) ;
#3055 = ORIENTED_EDGE ( 'NONE', *, *, #2898, .T. ) ;
#3056 = EDGE_CURVE ( 'NONE', #4339, #1483, #1416, .T. ) ;
#3057 = DIRECTION ( 'NONE',  ( 1.000000000000000000, 0.0000000000000000000, 1.445602896647339508E-15 ) ) ;
#3058 = DIRECTION ( 'NONE',  ( -1.000000000000000000, -1.355252715606880049E-16, 0.0000000000000000000 ) ) ;
#3059 = CARTESIAN_POINT ( 'NONE',  ( -0.4527559055118111075, 0.0000000000000000000, -0.2952755905511810774 ) ) ;
#3060 = EDGE_LOOP ( 'NONE', ( #2956, #892, #195, #1063 ) ) ;
#3061 = ADVANCED_FACE ( 'NONE', ( #4418 ), #3085, .F. ) ;
#3062 = CARTESIAN_POINT ( 'NONE',  ( 0.4291338582677164948, 0.07086614173228342195, -1.148425196850393792 ) ) ;
#3063 = VECTOR ( 'NONE', #217, 39.37007874015748143 ) ;
#3064 = PLANE ( 'NONE',  #4624 ) ;
#3065 = DIRECTION ( 'NONE',  ( 0.0000000000000000000, 0.0000000000000000000, -1.000000000000000000 ) ) ;
#3066 = VECTOR ( 'NONE', #3707, 39.37007874015748143 ) ;
#3067 = EDGE_CURVE ( 'NONE', #3502, #4662, #4832, .T. ) ;
#3068 = CARTESIAN_POINT ( 'NONE',  ( -0.4448818897637797365, -6.829619984160658046E-17, -0.5708661417322835607 ) ) ;
#3069 = ORIENTED_EDGE ( 'NONE', *, *, #4631, .T. ) ;
#3070 = VECTOR ( 'NONE', #2949, 39.37007874015748143 ) ;
#3071 = LINE ( 'NONE', #542, #210 ) ;
#3072 = CARTESIAN_POINT ( 'NONE',  ( 0.4527559055118111075, 0.4393700787401574881, 0.003937007874015795682 ) ) ;
#3073 = DIRECTION ( 'NONE',  ( 0.0000000000000000000, -1.000000000000000000, 4.448008912761042820E-16 ) ) ;
#3074 = VECTOR ( 'NONE', #4644, 39.37007874015748143 ) ;
#3075 = VERTEX_POINT ( 'NONE', #655 ) ;
#3076 = EDGE_LOOP ( 'NONE', ( #1064, #5080, #3933, #1932 ) ) ;
#3077 = CARTESIAN_POINT ( 'NONE',  ( 0.4291338582677164948, 0.07086614173228342195, -1.148425196850393792 ) ) ;
#3078 = CARTESIAN_POINT ( 'NONE',  ( -0.4448818897637797365, -6.829619984160658046E-17, -0.5078740157480314821 ) ) ;
#3079 = CIRCLE ( 'NONE', #3620, 0.02362204724409448092 ) ;
#3080 = CARTESIAN_POINT ( 'NONE',  ( -0.4345673344069682642, 0.04769495268324635412, -0.2968803465374572070 ) ) ;
#3081 = CARTESIAN_POINT ( 'NONE',  ( 0.4448818897637792924, -6.829619984160658046E-17, -0.9330708661417322913 ) ) ;
#3082 = EDGE_LOOP ( 'NONE', ( #820, #1414, #4717, #3582 ) ) ;
#3083 = VERTEX_POINT ( 'NONE', #1390 ) ;
#3084 = VECTOR ( 'NONE', #4092, 39.37007874015748143 ) ;
#3085 = CYLINDRICAL_SURFACE ( 'NONE', #1275, 0.03149606299212599769 ) ;
#3086 = CARTESIAN_POINT ( 'NONE',  ( 0.4572895544031854720, 0.4393700787401574881, 0.08637436552293091541 ) ) ;
#3087 = EDGE_CURVE ( 'NONE', #2983, #2919, #5163, .T. ) ;
#3088 = FACE_OUTER_BOUND ( 'NONE', #4534, .T. ) ;
#3089 = VERTEX_POINT ( 'NONE', #4313 ) ;
#3090 = CARTESIAN_POINT ( 'NONE',  ( -0.4527559055118111075, 0.3838582677165353618, -0.2086614173228346636 ) ) ;
#3091 = AXIS2_PLACEMENT_3D ( 'NONE', #2714, #2304, #244 ) ;
#3092 = DIRECTION ( 'NONE',  ( 1.000000000000000000, 0.0000000000000000000, 1.239088197126285936E-15 ) ) ;
#3093 = EDGE_CURVE ( 'NONE', #1183, #3075, #3909, .T. ) ;
#3094 = FACE_OUTER_BOUND ( 'NONE', #3060, .T. ) ;
#3095 = AXIS2_PLACEMENT_3D ( 'NONE', #4205, #427, #5028 ) ;
#3096 = VECTOR ( 'NONE', #4365, 39.37007874015748143 ) ;
#3097 = FACE_OUTER_BOUND ( 'NONE', #2035, .T. ) ;
#3098 = EDGE_LOOP ( 'NONE', ( #1318, #2863, #872, #1181 ) ) ;
#3099 = EDGE_CURVE ( 'NONE', #2276, #3370, #3466, .T. ) ;
#3100 = AXIS2_PLACEMENT_3D ( 'NONE', #3954, #3144, #609 ) ;
#3101 = VECTOR ( 'NONE', #2621, 39.37007874015748143 ) ;
#3102 = PLANE ( 'NONE',  #1869 ) ;
#3103 = ORIENTED_EDGE ( 'NONE', *, *, #3301, .T. ) ;
#3104 = EDGE_LOOP ( 'NONE', ( #687, #2095, #4536, #1720 ) ) ;
#3105 = VECTOR ( 'NONE', #5320, 39.37007874015748143 ) ;
#3106 =( NAMED_UNIT ( * ) PLANE_ANGLE_UNIT ( ) SI_UNIT ( $, .RADIAN. ) );
#3107 = VECTOR ( 'NONE', #3026, 39.37007874015748143 ) ;
#3108 = LINE ( 'NONE', #571, #2063 ) ;
#3109 = DIRECTION ( 'NONE',  ( 0.0000000000000000000, 0.0000000000000000000, -1.000000000000000000 ) ) ;
#3110 = SURFACE_STYLE_FILL_AREA ( #1549 ) ;
#3111 = ORIENTED_EDGE ( 'NONE', *, *, #5157, .F. ) ;
#3112 = VERTEX_POINT ( 'NONE', #1554 ) ;
#3113 = DIRECTION ( 'NONE',  ( 0.0000000000000000000, 1.000000000000000000, 1.112002228190260705E-16 ) ) ;
#3114 = PLANE ( 'NONE',  #410 ) ;
#3115 = DIRECTION ( 'NONE',  ( 0.0000000000000000000, 0.0000000000000000000, 1.000000000000000000 ) ) ;
#3116 = PLANE ( 'NONE',  #25 ) ;
#3117 = ORIENTED_EDGE ( 'NONE', *, *, #4723, .F. ) ;
#3118 = ORIENTED_EDGE ( 'NONE', *, *, #1603, .T. ) ;
#3119 = DIRECTION ( 'NONE',  ( -1.000000000000000000, -0.0000000000000000000, -0.0000000000000000000 ) ) ;
#3120 = CARTESIAN_POINT ( 'NONE',  ( -0.4448818897637797365, 0.001771933957542390055, -0.2952755905511810774 ) ) ;
#3121 = FACE_OUTER_BOUND ( 'NONE', #3173, .T. ) ;
#3122 = CARTESIAN_POINT ( 'NONE',  ( 0.4291338582677162172, 0.04724409448818897572, -0.2994952628729311561 ) ) ;
#3123 = SURFACE_STYLE_USAGE ( .BOTH. , #4373 ) ;
#3124 = CARTESIAN_POINT ( 'NONE',  ( 0.4291338582677164948, 0.07086614173228342195, -0.9960629921259842590 ) ) ;
#3125 = EDGE_CURVE ( 'NONE', #2785, #2293, #3840, .T. ) ;
#3126 = ORIENTED_EDGE ( 'NONE', *, *, #5371, .T. ) ;
#3127 = DIRECTION ( 'NONE',  ( -1.000000000000000000, 0.0000000000000000000, 0.0000000000000000000 ) ) ;
#3128 = DIRECTION ( 'NONE',  ( 0.0000000000000000000, 0.0000000000000000000, 1.000000000000000000 ) ) ;
#3129 = ORIENTED_EDGE ( 'NONE', *, *, #2578, .T. ) ;
#3130 = VERTEX_POINT ( 'NONE', #2348 ) ;
#3131 = EDGE_CURVE ( 'NONE', #4854, #1285, #4449, .T. ) ;
#3132 = CYLINDRICAL_SURFACE ( 'NONE', #4961, 0.07086614173228344971 ) ;
#3133 = FACE_OUTER_BOUND ( 'NONE', #4312, .T. ) ;
#3134 =( CONVERSION_BASED_UNIT ( 'INCH', #2343 ) LENGTH_UNIT ( ) NAMED_UNIT ( #132 ) );
#3135 = CARTESIAN_POINT ( 'NONE',  ( -0.4291338582677166058, 0.04724409448818897572, 0.03149606299212598381 ) ) ;
#3136 = ORIENTED_EDGE ( 'NONE', *, *, #2039, .F. ) ;
#3137 = ORIENTED_EDGE ( 'NONE', *, *, #5064, .F. ) ;
#3138 = EDGE_CURVE ( 'NONE', #5335, #5321, #841, .T. ) ;
#3139 = FACE_OUTER_BOUND ( 'NONE', #5001, .T. ) ;
#3140 = CARTESIAN_POINT ( 'NONE',  ( 0.4999999999999998335, 0.07086614173228342195, -0.5078740157480315931 ) ) ;
#3141 = CARTESIAN_POINT ( 'NONE',  ( 0.4606299212598428117, 0.4393700787401574881, 0.09884078434789475565 ) ) ;
#3142 = VERTEX_POINT ( 'NONE', #4476 ) ;
#3143 = ORIENTED_EDGE ( 'NONE', *, *, #1203, .T. ) ;
#3144 = DIRECTION ( 'NONE',  ( 0.0000000000000000000, -1.000000000000000000, 0.0000000000000000000 ) ) ;
#3145 = LINE ( 'NONE', #4897, #812 ) ;
#3146 = CARTESIAN_POINT ( 'NONE',  ( -0.5000000000000001110, 0.0000000000000000000, -1.148425196850393792 ) ) ;
#3147 = VECTOR ( 'NONE', #2920, 39.37007874015748143 ) ;
#3148 = DIRECTION ( 'NONE',  ( 1.000000000000000000, 0.0000000000000000000, 1.239088197126285936E-15 ) ) ;
#3149 = ORIENTED_EDGE ( 'NONE', *, *, #3511, .F. ) ;
#3150 = AXIS2_PLACEMENT_3D ( 'NONE', #1556, #3534, #5218 ) ;
#3151 = DIRECTION ( 'NONE',  ( -1.000000000000000000, 0.0000000000000000000, 0.0000000000000000000 ) ) ;
#3152 = EDGE_CURVE ( 'NONE', #3938, #3249, #3735, .T. ) ;
#3153 = CARTESIAN_POINT ( 'NONE',  ( -0.4291338582677165503, -2.561107494060248000E-17, -0.7792448946073839977 ) ) ;
#3154 = ORIENTED_EDGE ( 'NONE', *, *, #3504, .F. ) ;
#3155 = ORIENTED_EDGE ( 'NONE', *, *, #2322, .F. ) ;
#3156 = CIRCLE ( 'NONE', #1763, 0.03149606299212599769 ) ;
#3157 = DIRECTION ( 'NONE',  ( 0.0000000000000000000, 0.0000000000000000000, 1.000000000000000000 ) ) ;
#3158 = CARTESIAN_POINT ( 'NONE',  ( -0.4345559534692977621, 0.04769230170708504968, -0.3566590918167648616 ) ) ;
#3159 = DIRECTION ( 'NONE',  ( -0.5000000000000019984, 0.0000000000000000000, -0.8660254037844375974 ) ) ;
#3160 = AXIS2_PLACEMENT_3D ( 'NONE', #3492, #615, #1838 ) ;
#3161 = EDGE_CURVE ( 'NONE', #10, #790, #2373, .T. ) ;
#3162 = CARTESIAN_POINT ( 'NONE',  ( -0.4212598425196851237, 0.3838582677165353618, -0.07086614173228346358 ) ) ;
#3163 = ORIENTED_EDGE ( 'NONE', *, *, #2279, .T. ) ;
#3164 = EDGE_LOOP ( 'NONE', ( #4994, #1900, #2855, #4096 ) ) ;
#3165 = LENGTH_MEASURE_WITH_UNIT ( LENGTH_MEASURE( 0.02539999999999999897 ), #5329 );
#3166 = STYLED_ITEM ( 'NONE', ( #4872 ), #2117 ) ;
#3167 = PLANE ( 'NONE',  #4870 ) ;
#3168 = DIRECTION ( 'NONE',  ( -0.0000000000000000000, -1.000000000000000000, -0.0000000000000000000 ) ) ;
#3169 = EDGE_CURVE ( 'NONE', #4634, #4055, #5357, .T. ) ;
#3170 = DIRECTION ( 'NONE',  ( 0.5000000000000051070, 0.0000000000000000000, -0.8660254037844357100 ) ) ;
#3171 = AXIS2_PLACEMENT_3D ( 'NONE', #1693, #3367, #4229 ) ;
#3172 = EDGE_LOOP ( 'NONE', ( #2594, #2672, #2567, #3027, #221, #4757, #1841, #399, #2648, #2377, #3401, #1615 ) ) ;
#3173 = EDGE_LOOP ( 'NONE', ( #2237, #1388, #3776, #4488, #1529, #151 ) ) ;
#3174 = LINE ( 'NONE', #4864, #3921 ) ;
#3175 = CARTESIAN_POINT ( 'NONE',  ( 0.4356970836099151034, 0.4898052704652088307, 0.09884078434789470013 ) ) ;
#3176 = CARTESIAN_POINT ( 'NONE',  ( -0.4527559055118111075, 0.5000000000000000000, -1.148425196850393792 ) ) ;
#3177 = LINE ( 'NONE', #3229, #5382 ) ;
#3178 = CARTESIAN_POINT ( 'NONE',  ( -0.5000000000000004441, 0.5000000000000000000, -0.9960629921259842590 ) ) ;
#3179 = ORIENTED_EDGE ( 'NONE', *, *, #1736, .F. ) ;
#3180 = PLANE ( 'NONE',  #1077 ) ;
#3181 = AXIS2_PLACEMENT_3D ( 'NONE', #1918, #4351, #4400 ) ;
#3182 = CARTESIAN_POINT ( 'NONE',  ( 0.4685039370078740717, 0.3838582677165353618, -0.07086614173228346358 ) ) ;
#3183 = DIRECTION ( 'NONE',  ( 0.0000000000000000000, 0.0000000000000000000, 1.000000000000000000 ) ) ;
#3184 = ORIENTED_EDGE ( 'NONE', *, *, #1666, .T. ) ;
#3185 = VERTEX_POINT ( 'NONE', #1936 ) ;
#3186 = DIRECTION ( 'NONE',  ( 0.0000000000000000000, 0.0000000000000000000, 1.000000000000000000 ) ) ;
#3187 = MECHANICAL_DESIGN_GEOMETRIC_PRESENTATION_REPRESENTATION (  '', ( #3987 ), #2747 ) ;
#3188 = VECTOR ( 'NONE', #2599, 39.37007874015748143 ) ;
#3189 = LINE ( 'NONE', #1199, #3833 ) ;
#3190 = CYLINDRICAL_SURFACE ( 'NONE', #4141, 0.02362204724409448092 ) ;
#3191 = ORIENTED_EDGE ( 'NONE', *, *, #3616, .F. ) ;
#3192 = VECTOR ( 'NONE', #3646, 39.37007874015748143 ) ;
#3193 = VECTOR ( 'NONE', #1090, 39.37007874015748143 ) ;
#3194 = ORIENTED_EDGE ( 'NONE', *, *, #5039, .F. ) ;
#3195 = DIRECTION ( 'NONE',  ( -1.000000000000000000, -0.0000000000000000000, -0.0000000000000000000 ) ) ;
#3196 = ADVANCED_FACE ( 'NONE', ( #3252 ), #367, .F. ) ;
#3197 = DIRECTION ( 'NONE',  ( -1.000000000000000000, 0.0000000000000000000, 0.0000000000000000000 ) ) ;
#3198 = VECTOR ( 'NONE', #3760, 39.37007874015748143 ) ;
#3199 = LINE ( 'NONE', #825, #3000 ) ;
#3200 = LINE ( 'NONE', #708, #2459 ) ;
#3201 = VERTEX_POINT ( 'NONE', #4032 ) ;
#3202 = EDGE_LOOP ( 'NONE', ( #3117, #3747, #3450, #676 ) ) ;
#3203 = PLANE ( 'NONE',  #2496 ) ;
#3204 = EDGE_CURVE ( 'NONE', #963, #4562, #2403, .T. ) ;
#3205 = FACE_OUTER_BOUND ( 'NONE', #349, .T. ) ;
#3206 = PLANE ( 'NONE',  #290 ) ;
#3207 = LINE ( 'NONE', #691, #4072 ) ;
#3208 = AXIS2_PLACEMENT_3D ( 'NONE', #291, #5366, #3690 ) ;
#3209 = LINE ( 'NONE', #4922, #340 ) ;
#3210 = ADVANCED_FACE ( 'NONE', ( #3704, #393 ), #5299, .T. ) ;
#3211 = ADVANCED_FACE ( 'NONE', ( #1611 ), #1965, .T. ) ;
#3212 = LINE ( 'NONE', #1598, #905 ) ;
#3213 = ORIENTED_EDGE ( 'NONE', *, *, #2322, .T. ) ;
#3214 = UNCERTAINTY_MEASURE_WITH_UNIT (LENGTH_MEASURE( 1.000000000000000082E-05 ), #3939, 'distance_accuracy_value', 'NONE');
#3215 = DIRECTION ( 'NONE',  ( 1.000000000000000000, 0.0000000000000000000, 0.0000000000000000000 ) ) ;
#3216 = CARTESIAN_POINT ( 'NONE',  ( -0.4448818897637797365, 0.05325930726378131502, -0.2952755905511810774 ) ) ;
#3217 = PLANE ( 'NONE',  #5309 ) ;
#3218 = VERTEX_POINT ( 'NONE', #5412 ) ;
#3219 = VERTEX_POINT ( 'NONE', #770 ) ;
#3220 = FILL_AREA_STYLE ('',( #1581 ) ) ;
#3221 = CARTESIAN_POINT ( 'NONE',  ( 0.4400155395743812758, 0.04969976091641840205, -0.3580158357627354349 ) ) ;
#3222 = DIRECTION ( 'NONE',  ( 0.0000000000000000000, -1.000000000000000000, 0.0000000000000000000 ) ) ;
#3223 = LINE ( 'NONE', #2816, #978 ) ;
#3224 = EDGE_CURVE ( 'NONE', #3602, #2437, #3283, .T. ) ;
#3225 = ORIENTED_EDGE ( 'NONE', *, *, #5131, .F. ) ;
#3226 = ORIENTED_EDGE ( 'NONE', *, *, #4959, .T. ) ;
#3227 = CARTESIAN_POINT ( 'NONE',  ( 0.4356970836099151034, 0.4393700787401574881, 0.09884078434789470013 ) ) ;
#3228 = PLANE ( 'NONE',  #3519 ) ;
#3229 = CARTESIAN_POINT ( 'NONE',  ( 0.5000000000000001110, -6.829619984160658046E-17, -0.5708661417322835607 ) ) ;
#3230 = EDGE_CURVE ( 'NONE', #2436, #3130, #2865, .T. ) ;
#3231 = CARTESIAN_POINT ( 'NONE',  ( 0.5280404552087514247, 0.4393700787401574881, 0.1459263944151847348 ) ) ;
#3232 = CYLINDRICAL_SURFACE ( 'NONE', #2510, 0.06299212598425199539 ) ;
#3233 = ORIENTED_EDGE ( 'NONE', *, *, #4671, .F. ) ;
#3234 = CARTESIAN_POINT ( 'NONE',  ( 0.4527559055118111075, 0.2303149606299212671, 0.003937007874015777467 ) ) ;
#3235 = MECHANICAL_DESIGN_GEOMETRIC_PRESENTATION_REPRESENTATION (  '', ( #4577 ), #3951 ) ;
#3236 = ADVANCED_FACE ( 'NONE', ( #2049 ), #3167, .F. ) ;
#3237 = ADVANCED_FACE ( 'NONE', ( #683 ), #2570, .T. ) ;
#3238 = DIRECTION ( 'NONE',  ( 0.0000000000000000000, 1.000000000000000000, 0.0000000000000000000 ) ) ;
#3239 = DIRECTION ( 'NONE',  ( 0.0000000000000000000, 1.000000000000000000, 0.0000000000000000000 ) ) ;
#3240 = ORIENTED_EDGE ( 'NONE', *, *, #89, .F. ) ;
#3241 = ORIENTED_EDGE ( 'NONE', *, *, #3518, .T. ) ;
#3242 = VECTOR ( 'NONE', #1873, 39.37007874015748143 ) ;
#3243 = CARTESIAN_POINT ( 'NONE',  ( -0.4448818897637797365, -6.829619984160658046E-17, -0.7834645669291339098 ) ) ;
#3244 = CARTESIAN_POINT ( 'NONE',  ( -0.4685039370078740717, 0.3070866141732282451, -0.2086614173228346081 ) ) ;
#3245 = EDGE_CURVE ( 'NONE', #3390, #3315, #1692, .T. ) ;
#3246 = DIRECTION ( 'NONE',  ( 1.000000000000000000, 0.0000000000000000000, 0.0000000000000000000 ) ) ;
#3247 = DIRECTION ( 'NONE',  ( 0.0000000000000000000, 1.000000000000000000, 0.0000000000000000000 ) ) ;
#3248 = VECTOR ( 'NONE', #2520, 39.37007874015748143 ) ;
#3249 = VERTEX_POINT ( 'NONE', #2922 ) ;
#3250 = ORIENTED_EDGE ( 'NONE', *, *, #4821, .F. ) ;
#3251 = DIRECTION ( 'NONE',  ( 1.000000000000000000, 0.0000000000000000000, 0.0000000000000000000 ) ) ;
#3252 = FACE_OUTER_BOUND ( 'NONE', #5149, .T. ) ;
#3253 = AXIS2_PLACEMENT_3D ( 'NONE', #855, #3285, #3768 ) ;
#3254 = CARTESIAN_POINT ( 'NONE',  ( 0.4339674353673058649, -7.141440955459241208E-17, -0.7219014462270347821 ) ) ;
#3255 = CARTESIAN_POINT ( 'NONE',  ( 0.4685039370078740717, 0.3070866141732282451, -0.2086614173228346081 ) ) ;
#3256 = ORIENTED_EDGE ( 'NONE', *, *, #3281, .F. ) ;
#3257 = ORIENTED_EDGE ( 'NONE', *, *, #173, .F. ) ;
#3258 = AXIS2_PLACEMENT_3D ( 'NONE', #3964, #1027, #1378 ) ;
#3259 = DIRECTION ( 'NONE',  ( 0.0000000000000000000, -1.000000000000000000, 0.0000000000000000000 ) ) ;
#3260 = ADVANCED_FACE ( 'NONE', ( #3366 ), #4256, .F. ) ;
#3261 =( CONVERSION_BASED_UNIT ( 'INCH', #4980 ) LENGTH_UNIT ( ) NAMED_UNIT ( #4606 ) );
#3262 = CARTESIAN_POINT ( 'NONE',  ( 0.4291338582677159397, -1.762961249615287465E-17, -0.7792448946073836646 ) ) ;
#3263 = DIRECTION ( 'NONE',  ( 0.0000000000000000000, 0.0000000000000000000, 1.000000000000000000 ) ) ;
#3264 = CIRCLE ( 'NONE', #1602, 0.07086614173228344971 ) ;
#3265 = ORIENTED_EDGE ( 'NONE', *, *, #4144, .F. ) ;
#3266 = FILL_AREA_STYLE_COLOUR ( '', #2595 ) ;
#3267 = EDGE_CURVE ( 'NONE', #2190, #1651, #4284, .T. ) ;
#3268 = B_SPLINE_CURVE_WITH_KNOTS ( 'NONE', 3,
 ( #1046, #1531, #3934, #1890, #689, #2326 ),
 .UNSPECIFIED., .F., .F.,
 ( 4, 2, 4 ),
 ( 2.168404344971008627E-19, 0.0002268537248197685272, 0.0004537074496395368376 ),
 .UNSPECIFIED. ) ;
#3269 =( NAMED_UNIT ( * ) SI_UNIT ( $, .STERADIAN. ) SOLID_ANGLE_UNIT ( ) );
#3270 = VERTEX_POINT ( 'NONE', #503 ) ;
#3271 = ADVANCED_FACE ( 'NONE', ( #2131 ), #4227, .F. ) ;
#3272 = UNCERTAINTY_MEASURE_WITH_UNIT (LENGTH_MEASURE( 1.000000000000000082E-05 ), #3134, 'distance_accuracy_value', 'NONE');
#3273 = CARTESIAN_POINT ( 'NONE',  ( 0.4448818897637792924, -6.829619984160658046E-17, -0.9960629921259842590 ) ) ;
#3274 = LINE ( 'NONE', #4052, #2903 ) ;
#3275 = CIRCLE ( 'NONE', #1095, 0.02362204724409448092 ) ;
#3276 = EDGE_LOOP ( 'NONE', ( #4278, #4200, #1490, #3369 ) ) ;
#3277 = ORIENTED_EDGE ( 'NONE', *, *, #3714, .T. ) ;
#3278 = VECTOR ( 'NONE', #889, 39.37007874015748143 ) ;
#3279 = DIRECTION ( 'NONE',  ( 0.0000000000000000000, 0.0000000000000000000, -1.000000000000000000 ) ) ;
#3280 = VECTOR ( 'NONE', #4538, 39.37007874015748143 ) ;
#3281 = EDGE_CURVE ( 'NONE', #4479, #523, #12, .T. ) ;
#3282 = EDGE_CURVE ( 'NONE', #4985, #919, #4793, .T. ) ;
#3283 = LINE ( 'NONE', #4971, #4348 ) ;
#3284 = LINE ( 'NONE', #1583, #5204 ) ;
#3285 = DIRECTION ( 'NONE',  ( 0.0000000000000000000, 0.0000000000000000000, -1.000000000000000000 ) ) ;
#3286 = CIRCLE ( 'NONE', #2152, 0.02362204724409448092 ) ;
#3287 = VECTOR ( 'NONE', #1724, 39.37007874015748143 ) ;
#3288 = ORIENTED_EDGE ( 'NONE', *, *, #1934, .F. ) ;
#3289 = ORIENTED_EDGE ( 'NONE', *, *, #1743, .F. ) ;
#3290 = VECTOR ( 'NONE', #3849, 39.37007874015748143 ) ;
#3291 = DIRECTION ( 'NONE',  ( 0.0000000000000000000, 1.000000000000000000, 0.0000000000000000000 ) ) ;
#3292 = DIMENSIONAL_EXPONENTS ( 1.000000000000000000, 0.0000000000000000000, 0.0000000000000000000, 0.0000000000000000000, 0.0000000000000000000, 0.0000000000000000000, 0.0000000000000000000 ) ;
#3293 =( NAMED_UNIT ( * ) SI_UNIT ( $, .STERADIAN. ) SOLID_ANGLE_UNIT ( ) );
#3294 = STYLED_ITEM ( 'NONE', ( #2116 ), #403 ) ;
#3295 = ORIENTED_EDGE ( 'NONE', *, *, #3772, .F. ) ;
#3296 = LINE ( 'NONE', #1623, #67 ) ;
#3297 = DIRECTION ( 'NONE',  ( 0.0000000000000000000, 0.0000000000000000000, 1.000000000000000000 ) ) ;
#3298 = ORIENTED_EDGE ( 'NONE', *, *, #1757, .F. ) ;
#3299 = CARTESIAN_POINT ( 'NONE',  ( -0.4291338582677166058, 0.07086614173228347746, -1.148425196850393792 ) ) ;
#3300 = DIRECTION ( 'NONE',  ( 0.0000000000000000000, 0.0000000000000000000, -1.000000000000000000 ) ) ;
#3301 = EDGE_CURVE ( 'NONE', #1745, #362, #4203, .T. ) ;
#3302 = VERTEX_POINT ( 'NONE', #3310 ) ;
#3303 = DIRECTION ( 'NONE',  ( 1.000000000000000000, 0.0000000000000000000, 0.0000000000000000000 ) ) ;
#3304 = DIRECTION ( 'NONE',  ( -1.000000000000000000, 0.0000000000000000000, 0.0000000000000000000 ) ) ;
#3305 = CARTESIAN_POINT ( 'NONE',  ( -0.4527559055118111075, 0.4665354330708661457, 0.003937007874015758385 ) ) ;
#3306 = EDGE_CURVE ( 'NONE', #1940, #2086, #4697, .T. ) ;
#3307 = ORIENTED_EDGE ( 'NONE', *, *, #2313, .T. ) ;
#3308 = ORIENTED_EDGE ( 'NONE', *, *, #5330, .T. ) ;
#3309 = LENGTH_MEASURE_WITH_UNIT ( LENGTH_MEASURE( 0.02539999999999999897 ), #68 );
#3310 = CARTESIAN_POINT ( 'NONE',  ( -0.5000000000000001110, 0.5000000000000000000, 0.0000000000000000000 ) ) ;
#3311 = DIRECTION ( 'NONE',  ( 0.0000000000000000000, 1.000000000000000000, 0.0000000000000000000 ) ) ;
#3312 = DIRECTION ( 'NONE',  ( 0.0000000000000000000, 1.000000000000000000, 0.0000000000000000000 ) ) ;
#3313 = EDGE_CURVE ( 'NONE', #1380, #16, #3336, .T. ) ;
#3314 = ORIENTED_EDGE ( 'NONE', *, *, #2108, .T. ) ;
#3315 = VERTEX_POINT ( 'NONE', #3001 ) ;
#3316 = CARTESIAN_POINT ( 'NONE',  ( -0.5000000000000001110, 0.07086614173228347746, -1.148425196850393792 ) ) ;
#3317 = CARTESIAN_POINT ( 'NONE',  ( 0.4212598425196851237, 0.4393700787401574881, 0.1822834645669292597 ) ) ;
#3318 = LINE ( 'NONE', #4656, #3248 ) ;
#3319 = ORIENTED_EDGE ( 'NONE', *, *, #3067, .F. ) ;
#3320 =( LENGTH_UNIT ( ) NAMED_UNIT ( * ) SI_UNIT ( $, .METRE. ) );
#3321 = LINE ( 'NONE', #2034, #586 ) ;
#3322 = VERTEX_POINT ( 'NONE', #424 ) ;
#3323 =( CONVERSION_BASED_UNIT ( 'INCH', #3382 ) LENGTH_UNIT ( ) NAMED_UNIT ( #4292 ) );
#3324 =( NAMED_UNIT ( * ) PLANE_ANGLE_UNIT ( ) SI_UNIT ( $, .RADIAN. ) );
#3325 = DIMENSIONAL_EXPONENTS ( 1.000000000000000000, 0.0000000000000000000, 0.0000000000000000000, 0.0000000000000000000, 0.0000000000000000000, 0.0000000000000000000, 0.0000000000000000000 ) ;
#3326 = DIRECTION ( 'NONE',  ( 1.000000000000000000, 0.0000000000000000000, -1.239088197126286133E-15 ) ) ;
#3327 = ORIENTED_EDGE ( 'NONE', *, *, #693, .T. ) ;
#3328 = STYLED_ITEM ( 'NONE', ( #2786 ), #415 ) ;
#3329 = EDGE_CURVE ( 'NONE', #4325, #5423, #2537, .T. ) ;
#3330 = DIRECTION ( 'NONE',  ( 0.0000000000000000000, -1.000000000000000000, 0.0000000000000000000 ) ) ;
#3331 = DIRECTION ( 'NONE',  ( 1.000000000000000000, 0.0000000000000000000, 0.0000000000000000000 ) ) ;
#3332 = ORIENTED_EDGE ( 'NONE', *, *, #3138, .T. ) ;
#3333 = ORIENTED_EDGE ( 'NONE', *, *, #1363, .T. ) ;
#3334 = VECTOR ( 'NONE', #2254, 39.37007874015748143 ) ;
#3335 = DIRECTION ( 'NONE',  ( 0.0000000000000000000, 0.0000000000000000000, -1.000000000000000000 ) ) ;
#3336 = LINE ( 'NONE', #874, #3380 ) ;
#3337 = EDGE_CURVE ( 'NONE', #2437, #375, #3767, .T. ) ;
#3338 = B_SPLINE_CURVE_WITH_KNOTS ( 'NONE', 3,
 ( #4215, #111, #1760, #2503 ),
 .UNSPECIFIED., .F., .F.,
 ( 4, 4 ),
 ( 0.0000000000000000000, 0.0004192908035445099620 ),
 .UNSPECIFIED. ) ;
#3339 = AXIS2_PLACEMENT_3D ( 'NONE', #2875, #2113, #19 ) ;
#3340 = CARTESIAN_POINT ( 'NONE',  ( -0.4527559055118111075, 0.4665354330708661457, 0.003937007874015758385 ) ) ;
#3341 = PLANE ( 'NONE',  #3015 ) ;
#3342 = ORIENTED_EDGE ( 'NONE', *, *, #4274, .T. ) ;
#3343 = VERTEX_POINT ( 'NONE', #1665 ) ;
#3344 = CIRCLE ( 'NONE', #1160, 0.03149606299212599769 ) ;
#3345 = FACE_OUTER_BOUND ( 'NONE', #3429, .T. ) ;
#3346 = ADVANCED_FACE ( 'NONE', ( #5024, #1313 ), #934, .F. ) ;
#3347 = DIRECTION ( 'NONE',  ( 0.0000000000000000000, 1.000000000000000000, 0.0000000000000000000 ) ) ;
#3348 = DIRECTION ( 'NONE',  ( 0.0000000000000000000, -1.000000000000000000, 0.0000000000000000000 ) ) ;
#3349 = PLANE ( 'NONE',  #1329 ) ;
#3350 = MECHANICAL_DESIGN_GEOMETRIC_PRESENTATION_REPRESENTATION (  '', ( #5377 ), #4761 ) ;
#3351 = ORIENTED_EDGE ( 'NONE', *, *, #346, .F. ) ;
#3352 = LINE ( 'NONE', #3231, #4435 ) ;
#3353 = LENGTH_MEASURE_WITH_UNIT ( LENGTH_MEASURE( 0.02539999999999999897 ), #3837 );
#3354 =( GEOMETRIC_REPRESENTATION_CONTEXT ( 3 ) GLOBAL_UNCERTAINTY_ASSIGNED_CONTEXT ( ( #4103 ) ) GLOBAL_UNIT_ASSIGNED_CONTEXT ( ( #237, #5341, #3293 ) ) REPRESENTATION_CONTEXT ( 'NONE', 'WORKASPACE' ) );
#3355 = FACE_OUTER_BOUND ( 'NONE', #3710, .T. ) ;
#3356 = LINE ( 'NONE', #1276, #4966 ) ;
#3357 = VECTOR ( 'NONE', #1207, 39.37007874015748143 ) ;
#3358 = EDGE_LOOP ( 'NONE', ( #760, #1824, #5420, #5036 ) ) ;
#3359 = DIRECTION ( 'NONE',  ( 1.000000000000000000, 0.0000000000000000000, 0.0000000000000000000 ) ) ;
#3360 = CARTESIAN_POINT ( 'NONE',  ( 0.4212598425196851237, 0.3838582677165353618, -0.2086614173228346636 ) ) ;
#3361 = DIRECTION ( 'NONE',  ( -0.0000000000000000000, -0.0000000000000000000, -1.000000000000000000 ) ) ;
#3362 = ORIENTED_EDGE ( 'NONE', *, *, #4460, .F. ) ;
#3363 = ORIENTED_EDGE ( 'NONE', *, *, #4376, .F. ) ;
#3364 = LINE ( 'NONE', #5049, #4580 ) ;
#3365 = AXIS2_PLACEMENT_3D ( 'NONE', #3879, #4337, #550 ) ;
#3366 = FACE_OUTER_BOUND ( 'NONE', #390, .T. ) ;
#3367 = DIRECTION ( 'NONE',  ( 0.0000000000000000000, 0.0000000000000000000, 1.000000000000000000 ) ) ;
#3368 = PLANE ( 'NONE',  #3435 ) ;
#3369 = ORIENTED_EDGE ( 'NONE', *, *, #4887, .F. ) ;
#3370 = VERTEX_POINT ( 'NONE', #446 ) ;
#3371 = EDGE_CURVE ( 'NONE', #2015, #359, #2104, .T. ) ;
#3372 = PLANE ( 'NONE',  #2058 ) ;
#3373 = STYLED_ITEM ( 'NONE', ( #5242 ), #4638 ) ;
#3374 = COLOUR_RGB ( '',0.7529411764705882248, 0.7529411764705882248, 0.7529411764705882248 ) ;
#3375 = SURFACE_STYLE_USAGE ( .BOTH. , #50 ) ;
#3376 = ORIENTED_EDGE ( 'NONE', *, *, #4160, .T. ) ;
#3377 = EDGE_CURVE ( 'NONE', #245, #3900, #2974, .T. ) ;
#3378 = CIRCLE ( 'NONE', #4623, 0.02493283764992762844 ) ;
#3379 = DIRECTION ( 'NONE',  ( -1.000000000000000000, 0.0000000000000000000, 0.0000000000000000000 ) ) ;
#3380 = VECTOR ( 'NONE', #1338, 39.37007874015748143 ) ;
#3381 = DIRECTION ( 'NONE',  ( 0.0000000000000000000, 1.000000000000000000, 0.0000000000000000000 ) ) ;
#3382 = LENGTH_MEASURE_WITH_UNIT ( LENGTH_MEASURE( 0.02539999999999999897 ), #2149 );
#3383 = CYLINDRICAL_SURFACE ( 'NONE', #4766, 0.02362204724409448092 ) ;
#3384 = PRESENTATION_LAYER_ASSIGNMENT (  '', '', ( #3294 ) ) ;
#3385 = CARTESIAN_POINT ( 'NONE',  ( 0.5000000000000001110, 0.3070866141732282451, -0.2086614173228346081 ) ) ;
#3386 = CARTESIAN_POINT ( 'NONE',  ( 0.4339682009560750786, -7.333178331713254601E-17, -0.5694375784630124615 ) ) ;
#3387 = EDGE_CURVE ( 'NONE', #5174, #5106, #3423, .T. ) ;
#3388 = ORIENTED_EDGE ( 'NONE', *, *, #4014, .F. ) ;
#3389 = CLOSED_SHELL ( 'NONE', ( #1000, #2736, #1674, #3271, #1458, #1591, #1235, #2793, #4950, #3404, #614, #3688, #478, #1631 ) ) ;
#3390 = VERTEX_POINT ( 'NONE', #824 ) ;
#3391 =( LENGTH_UNIT ( ) NAMED_UNIT ( * ) SI_UNIT ( $, .METRE. ) );
#3392 = LINE ( 'NONE', #4279, #2726 ) ;
#3393 = LINE ( 'NONE', #2159, #3028 ) ;
#3394 = DIRECTION ( 'NONE',  ( 0.0000000000000000000, 1.000000000000000000, 0.0000000000000000000 ) ) ;
#3395 = ORIENTED_EDGE ( 'NONE', *, *, #4978, .F. ) ;
#3396 = VERTEX_POINT ( 'NONE', #4776 ) ;
#3397 = CYLINDRICAL_SURFACE ( 'NONE', #281, 0.03149606299212606708 ) ;
#3398 = DIRECTION ( 'NONE',  ( 0.0000000000000000000, 0.0000000000000000000, 1.000000000000000000 ) ) ;
#3399 = DIRECTION ( 'NONE',  ( 0.0000000000000000000, -1.239088197126290817E-16, 1.000000000000000000 ) ) ;
#3400 = ORIENTED_EDGE ( 'NONE', *, *, #2720, .F. ) ;
#3401 = ORIENTED_EDGE ( 'NONE', *, *, #3870, .T. ) ;
#3402 = FACE_OUTER_BOUND ( 'NONE', #3554, .T. ) ;
#3403 = CARTESIAN_POINT ( 'NONE',  ( -0.5000000000000001110, 0.3070866141732282451, -0.07086614173228347746 ) ) ;
#3404 = ADVANCED_FACE ( 'NONE', ( #2668 ), #2644, .T. ) ;
#3405 = FILL_AREA_STYLE ('',( #1754 ) ) ;
#3406 = VERTEX_POINT ( 'NONE', #958 ) ;
#3407 = DIRECTION ( 'NONE',  ( 0.0000000000000000000, 4.448008912761042820E-16, 1.000000000000000000 ) ) ;
#3408 = DIRECTION ( 'NONE',  ( 0.0000000000000000000, 0.0000000000000000000, 1.000000000000000000 ) ) ;
#3409 = EDGE_CURVE ( 'NONE', #3562, #1646, #4360, .T. ) ;
#3410 = DIRECTION ( 'NONE',  ( -1.000000000000000000, 0.0000000000000000000, 0.0000000000000000000 ) ) ;
#3411 = CARTESIAN_POINT ( 'NONE',  ( -0.4448818897637797365, 0.04724409448818897572, -0.7519685039370078705 ) ) ;
#3412 = CARTESIAN_POINT ( 'NONE',  ( -0.4999999999999998335, 0.5000000000000000000, -0.9960629921259841479 ) ) ;
#3413 = CARTESIAN_POINT ( 'NONE',  ( -0.5000000000000004441, 0.5000000000000000000, -0.9330708661417322913 ) ) ;
#3414 = CARTESIAN_POINT ( 'NONE',  ( -0.4999999999999993894, 0.5000000000000000000, -0.5708661417322834497 ) ) ;
#3415 = ADVANCED_FACE ( 'NONE', ( #149 ), #2255, .F. ) ;
#3416 = CARTESIAN_POINT ( 'NONE',  ( -0.5000000000000004441, -6.829619984160658046E-17, -0.7834645669291339098 ) ) ;
#3417 = DIRECTION ( 'NONE',  ( 0.0000000000000000000, 0.0000000000000000000, 1.000000000000000000 ) ) ;
#3418 = CARTESIAN_POINT ( 'NONE',  ( -0.5000000000000004441, -6.829619984160658046E-17, -0.9330708661417322913 ) ) ;
#3419 = EDGE_LOOP ( 'NONE', ( #2047, #2169, #4234, #1020 ) ) ;
#3420 = ORIENTED_EDGE ( 'NONE', *, *, #2938, .F. ) ;
#3421 = DIRECTION ( 'NONE',  ( 0.0000000000000000000, 0.0000000000000000000, -1.000000000000000000 ) ) ;
#3422 = MECHANICAL_DESIGN_GEOMETRIC_PRESENTATION_REPRESENTATION (  '', ( #540 ), #4220 ) ;
#3423 = LINE ( 'NONE', #1227, #1799 ) ;
#3424 = EDGE_CURVE ( 'NONE', #3826, #3900, #1009, .T. ) ;
#3425 = DIRECTION ( 'NONE',  ( 0.0000000000000000000, 0.0000000000000000000, 1.000000000000000000 ) ) ;
#3426 = DIRECTION ( 'NONE',  ( 0.5000000000000019984, 0.0000000000000000000, -0.8660254037844375974 ) ) ;
#3427 = PRESENTATION_LAYER_ASSIGNMENT (  '', '', ( #373 ) ) ;
#3428 = ORIENTED_EDGE ( 'NONE', *, *, #3729, .T. ) ;
#3429 = EDGE_LOOP ( 'NONE', ( #2790, #3308, #3846, #2266 ) ) ;
#3430 = LINE ( 'NONE', #2111, #323 ) ;
#3431 = AXIS2_PLACEMENT_3D ( 'NONE', #4835, #1070, #4008 ) ;
#3432 = CARTESIAN_POINT ( 'NONE',  ( -0.4394402068000682338, 0.0005316593026320800674, -0.5078740157480315931 ) ) ;
#3433 = CARTESIAN_POINT ( 'NONE',  ( 0.5000000000000001110, 0.5000000000000000000, 0.0000000000000000000 ) ) ;
#3434 = VERTEX_POINT ( 'NONE', #3478 ) ;
#3435 = AXIS2_PLACEMENT_3D ( 'NONE', #2051, #2485, #1230 ) ;
#3436 = CARTESIAN_POINT ( 'NONE',  ( -0.4291338582677165503, -2.561107494060250157E-17, -0.5666464694105335376 ) ) ;
#3437 = PRESENTATION_STYLE_ASSIGNMENT (( #4241 ) ) ;
#3438 = ADVANCED_FACE ( 'NONE', ( #2691, #1059 ), #5239, .T. ) ;
#3439 = AXIS2_PLACEMENT_3D ( 'NONE', #302, #3613, #2426 ) ;
#3440 = FACE_OUTER_BOUND ( 'NONE', #2762, .T. ) ;
#3441 = CARTESIAN_POINT ( 'NONE',  ( 1.157146581871514797E-17, 0.04724409448818897572, -0.7314960629921261059 ) ) ;
#3442 = LINE ( 'NONE', #5041, #3753 ) ;
#3443 = DIMENSIONAL_EXPONENTS ( 1.000000000000000000, 0.0000000000000000000, 0.0000000000000000000, 0.0000000000000000000, 0.0000000000000000000, 0.0000000000000000000, 0.0000000000000000000 ) ;
#3444 = VECTOR ( 'NONE', #642, 39.37007874015748143 ) ;
#3445 = EDGE_CURVE ( 'NONE', #4837, #2926, #4682, .T. ) ;
#3446 = VERTEX_POINT ( 'NONE', #647 ) ;
#3447 = FACE_OUTER_BOUND ( 'NONE', #3732, .T. ) ;
#3448 = VECTOR ( 'NONE', #788, 39.37007874015748143 ) ;
#3449 = DIRECTION ( 'NONE',  ( 0.0000000000000000000, 0.0000000000000000000, -1.000000000000000000 ) ) ;
#3450 = ORIENTED_EDGE ( 'NONE', *, *, #109, .T. ) ;
#3451 = ORIENTED_EDGE ( 'NONE', *, *, #2192, .F. ) ;
#3452 = EDGE_CURVE ( 'NONE', #2144, #5030, #1880, .T. ) ;
#3453 = LINE ( 'NONE', #1722, #3955 ) ;
#3454 = VECTOR ( 'NONE', #2981, 39.37007874015748143 ) ;
#3455 = DIRECTION ( 'NONE',  ( 0.0000000000000000000, 0.0000000000000000000, -1.000000000000000000 ) ) ;
#3456 = FACE_OUTER_BOUND ( 'NONE', #4700, .T. ) ;
#3457 = CARTESIAN_POINT ( 'NONE',  ( -0.4291338582677166058, 0.07086614173228347746, -0.2952755905511810774 ) ) ;
#3458 = ORIENTED_EDGE ( 'NONE', *, *, #1830, .T. ) ;
#3459 = VERTEX_POINT ( 'NONE', #3525 ) ;
#3460 = EDGE_CURVE ( 'NONE', #247, #619, #1532, .T. ) ;
#3461 = CARTESIAN_POINT ( 'NONE',  ( -0.4606299212598427562, 0.3606299212598426118, 0.1562437013337370784 ) ) ;
#3462 = AXIS2_PLACEMENT_3D ( 'NONE', #2680, #610, #1862 ) ;
#3463 = ORIENTED_EDGE ( 'NONE', *, *, #3445, .T. ) ;
#3464 = DIRECTION ( 'NONE',  ( 0.0000000000000000000, 1.000000000000000000, 0.0000000000000000000 ) ) ;
#3465 = VECTOR ( 'NONE', #4770, 39.37007874015748143 ) ;
#3466 = CIRCLE ( 'NONE', #1101, 0.02362204724409448092 ) ;
#3467 = DIRECTION ( 'NONE',  ( 0.0000000000000000000, 0.0000000000000000000, 1.000000000000000000 ) ) ;
#3468 = AXIS2_PLACEMENT_3D ( 'NONE', #2115, #5143, #135 ) ;
#3469 = AXIS2_PLACEMENT_3D ( 'NONE', #3944, #2280, #2210 ) ;
#3470 = ORIENTED_EDGE ( 'NONE', *, *, #636, .F. ) ;
#3471 = ORIENTED_EDGE ( 'NONE', *, *, #4806, .T. ) ;
#3472 = FACE_OUTER_BOUND ( 'NONE', #4502, .T. ) ;
#3473 = EDGE_CURVE ( 'NONE', #2603, #2811, #4745, .T. ) ;
#3474 = CARTESIAN_POINT ( 'NONE',  ( -0.4291338582677166058, 0.0000000000000000000, 0.03149606299212598381 ) ) ;
#3475 = ORIENTED_EDGE ( 'NONE', *, *, #4075, .T. ) ;
#3476 = ORIENTED_EDGE ( 'NONE', *, *, #2192, .T. ) ;
#3477 = CARTESIAN_POINT ( 'NONE',  ( -0.4448818897637797365, 0.001771933957542386586, -0.3582677165354331006 ) ) ;
#3478 = CARTESIAN_POINT ( 'NONE',  ( -0.4685039370078740717, 0.3070866141732282451, -0.07086614173228347746 ) ) ;
#3479 = EDGE_CURVE ( 'NONE', #4634, #2060, #3108, .T. ) ;
#3480 = ORIENTED_EDGE ( 'NONE', *, *, #2360, .T. ) ;
#3481 = ORIENTED_EDGE ( 'NONE', *, *, #4417, .T. ) ;
#3482 = CARTESIAN_POINT ( 'NONE',  ( -0.4212598425196851237, 0.4393700787401574881, 0.1822834645669292597 ) ) ;
#3483 = LINE ( 'NONE', #254, #4063 ) ;
#3484 = EDGE_CURVE ( 'NONE', #5235, #702, #1723, .T. ) ;
#3485 = LINE ( 'NONE', #3461, #286 ) ;
#3486 = ADVANCED_FACE ( 'NONE', ( #3498 ), #3132, .T. ) ;
#3487 = ORIENTED_EDGE ( 'NONE', *, *, #3517, .F. ) ;
#3488 = CARTESIAN_POINT ( 'NONE',  ( 0.4394402068000677897, 0.0005316593026319642746, -0.3582677165354331006 ) ) ;
#3489 = CARTESIAN_POINT ( 'NONE',  ( 0.4212598425196851237, 0.4665354330708661457, 0.003937007874015758385 ) ) ;
#3490 = CARTESIAN_POINT ( 'NONE',  ( -0.4448818897637797365, -6.829619984160658046E-17, -0.7519685039370078705 ) ) ;
#3491 = ORIENTED_EDGE ( 'NONE', *, *, #996, .F. ) ;
#3492 = CARTESIAN_POINT ( 'NONE',  ( -0.4212598425196851237, 0.4665354330708661457, -0.2716535433070865757 ) ) ;
#3493 = LINE ( 'NONE', #5096, #148 ) ;
#3494 = VERTEX_POINT ( 'NONE', #1464 ) ;
#3495 = ORIENTED_EDGE ( 'NONE', *, *, #3479, .T. ) ;
#3496 = CARTESIAN_POINT ( 'NONE',  ( 0.4448818897637792924, 0.05325930726378100971, -0.9960629921259843700 ) ) ;
#3497 = EDGE_CURVE ( 'NONE', #5187, #2276, #121, .T. ) ;
#3498 = FACE_OUTER_BOUND ( 'NONE', #1367, .T. ) ;
#3499 = LINE ( 'NONE', #4802, #464 ) ;
#3500 = DIRECTION ( 'NONE',  ( -1.000000000000000000, 0.0000000000000000000, 9.637352644315596722E-16 ) ) ;
#3501 = CARTESIAN_POINT ( 'NONE',  ( -0.4291338582677166058, 0.0000000000000000000, -1.148425196850393792 ) ) ;
#3502 = VERTEX_POINT ( 'NONE', #3559 ) ;
#3503 = ORIENTED_EDGE ( 'NONE', *, *, #2572, .T. ) ;
#3504 = EDGE_CURVE ( 'NONE', #231, #2636, #1772, .T. ) ;
#3505 = DIRECTION ( 'NONE',  ( 0.0000000000000000000, 1.000000000000000000, -4.448008912761042820E-16 ) ) ;
#3506 = CARTESIAN_POINT ( 'NONE',  ( 0.4291338582677159397, -1.707404996040188547E-17, -0.5120936880697817273 ) ) ;
#3507 = ORIENTED_EDGE ( 'NONE', *, *, #1038, .T. ) ;
#3508 = B_SPLINE_CURVE_WITH_KNOTS ( 'NONE', 3,
 ( #3120, #2705, #2767, #3574 ),
 .UNSPECIFIED., .F., .F.,
 ( 4, 4 ),
 ( 0.0000000000000000000, 0.0004192908035445022099 ),
 .UNSPECIFIED. ) ;
#3509 = DIRECTION ( 'NONE',  ( 0.0000000000000000000, -1.000000000000000000, 0.0000000000000000000 ) ) ;
#3510 = AXIS2_PLACEMENT_3D ( 'NONE', #596, #2165, #3874 ) ;
#3511 = EDGE_CURVE ( 'NONE', #3343, #1121, #3031, .T. ) ;
#3512 = CARTESIAN_POINT ( 'NONE',  ( 0.4527559055118111075, 0.3070866141732282451, -0.2086614173228346081 ) ) ;
#3513 = CARTESIAN_POINT ( 'NONE',  ( 0.4345673344069676536, 0.04769495268324617371, -0.7818598109428577247 ) ) ;
#3514 = PRESENTATION_LAYER_ASSIGNMENT (  '', '', ( #459 ) ) ;
#3515 = LINE ( 'NONE', #1865, #317 ) ;
#3516 = DIRECTION ( 'NONE',  ( -1.000000000000000000, -0.0000000000000000000, -0.0000000000000000000 ) ) ;
#3517 = EDGE_CURVE ( 'NONE', #170, #2463, #3189, .T. ) ;
#3518 = EDGE_CURVE ( 'NONE', #1166, #3022, #2393, .T. ) ;
#3519 = AXIS2_PLACEMENT_3D ( 'NONE', #374, #504, #2001 ) ;
#3520 = LINE ( 'NONE', #5151, #4932 ) ;
#3521 = AXIS2_PLACEMENT_3D ( 'NONE', #1740, #869, #5 ) ;
#3522 = ORIENTED_EDGE ( 'NONE', *, *, #2598, .T. ) ;
#3523 = ORIENTED_EDGE ( 'NONE', *, *, #4998, .T. ) ;
#3524 = SURFACE_STYLE_FILL_AREA ( #2746 ) ;
#3525 = CARTESIAN_POINT ( 'NONE',  ( 0.5000000000000001110, 0.07086614173228342195, -0.5708661417322835607 ) ) ;
#3526 = VECTOR ( 'NONE', #3666, 39.37007874015748143 ) ;
#3527 = CYLINDRICAL_SURFACE ( 'NONE', #4527, 0.03149606299212606708 ) ;
#3528 = EDGE_LOOP ( 'NONE', ( #4729, #1637, #2054, #5154 ) ) ;
#3529 = ORIENTED_EDGE ( 'NONE', *, *, #1605, .F. ) ;
#3530 = VECTOR ( 'NONE', #368, 39.37007874015748143 ) ;
#3531 = SURFACE_STYLE_FILL_AREA ( #862 ) ;
#3532 = DIRECTION ( 'NONE',  ( -1.239088197126286133E-15, 0.0000000000000000000, 1.000000000000000000 ) ) ;
#3533 = LINE ( 'NONE', #1470, #3812 ) ;
#3534 = DIRECTION ( 'NONE',  ( -0.0000000000000000000, -1.000000000000000000, -0.0000000000000000000 ) ) ;
#3535 = EDGE_CURVE ( 'NONE', #3370, #3322, #2820, .T. ) ;
#3536 = EDGE_LOOP ( 'NONE', ( #2953, #2733, #4169, #1675 ) ) ;
#3537 = VERTEX_POINT ( 'NONE', #1142 ) ;
#3538 = CARTESIAN_POINT ( 'NONE',  ( 0.4291338582677164948, 0.07086614173228342195, -0.3582677165354331006 ) ) ;
#3539 = AXIS2_PLACEMENT_3D ( 'NONE', #4135, #1223, #389 ) ;
#3540 = SURFACE_STYLE_USAGE ( .BOTH. , #208 ) ;
#3541 = CARTESIAN_POINT ( 'NONE',  ( -0.4606299212598427562, 0.4393700787401574881, 0.1562437013337370784 ) ) ;
#3542 = DIRECTION ( 'NONE',  ( 0.0000000000000000000, 0.0000000000000000000, 1.000000000000000000 ) ) ;
#3543 = ADVANCED_FACE ( 'NONE', ( #3612 ), #1574, .F. ) ;
#3544 = PLANE ( 'NONE',  #3181 ) ;
#3545 = VECTOR ( 'NONE', #5346, 39.37007874015748143 ) ;
#3546 = AXIS2_PLACEMENT_3D ( 'NONE', #4208, #858, #532 ) ;
#3547 = CYLINDRICAL_SURFACE ( 'NONE', #5148, 0.03149606299212606708 ) ;
#3548 = VERTEX_POINT ( 'NONE', #5291 ) ;
#3549 = CARTESIAN_POINT ( 'NONE',  ( 0.4173228346456693827, 0.3838582677165353618, -0.2086614173228346636 ) ) ;
#3550 = AXIS2_PLACEMENT_3D ( 'NONE', #4054, #303, #836 ) ;
#3551 = AXIS2_PLACEMENT_3D ( 'NONE', #4104, #1929, #360 ) ;
#3552 = EDGE_CURVE ( 'NONE', #3751, #955, #4023, .T. ) ;
#3553 = CARTESIAN_POINT ( 'NONE',  ( 0.4527559055118111075, 0.3070866141732282451, -0.07086614173228347746 ) ) ;
#3554 = EDGE_LOOP ( 'NONE', ( #3972, #1399, #688, #4116 ) ) ;
#3555 = ORIENTED_EDGE ( 'NONE', *, *, #724, .T. ) ;
#3556 = MECHANICAL_DESIGN_GEOMETRIC_PRESENTATION_REPRESENTATION (  '', ( #4792 ), #5230 ) ;
#3557 = DIRECTION ( 'NONE',  ( 1.000000000000000000, 0.0000000000000000000, -1.239088197126286133E-15 ) ) ;
#3558 = UNCERTAINTY_MEASURE_WITH_UNIT (LENGTH_MEASURE( 1.000000000000000082E-05 ), #2107, 'distance_accuracy_value', 'NONE');
#3559 = CARTESIAN_POINT ( 'NONE',  ( 0.4845659450735614882, 0.4393700787401574881, 0.07062633402686788187 ) ) ;
#3560 = CARTESIAN_POINT ( 'NONE',  ( -0.4448818897637797365, 0.05325930726378131502, -0.2952755905511810774 ) ) ;
#3561 = CARTESIAN_POINT ( 'NONE',  ( 0.4212598425196851237, 0.2303149606299212671, 0.003937007874015777467 ) ) ;
#3562 = VERTEX_POINT ( 'NONE', #2859 ) ;
#3563 = ORIENTED_EDGE ( 'NONE', *, *, #1220, .F. ) ;
#3564 = CARTESIAN_POINT ( 'NONE',  ( -0.5007640645383754086, 0.3606299212598426118, 0.1616744259112477544 ) ) ;
#3565 = VECTOR ( 'NONE', #4519, 39.37007874015748143 ) ;
#3566 = UNCERTAINTY_MEASURE_WITH_UNIT (LENGTH_MEASURE( 1.000000000000000082E-05 ), #1300, 'distance_accuracy_value', 'NONE');
#3567 = CARTESIAN_POINT ( 'NONE',  ( 0.5000000000000001110, 0.5000000000000000000, -1.148425196850393792 ) ) ;
#3568 = CARTESIAN_POINT ( 'NONE',  ( 0.4448818897637792924, 0.001771933957542277298, -0.5078740157480315931 ) ) ;
#3569 = CARTESIAN_POINT ( 'NONE',  ( -0.4291338582677166058, -2.561107494060250465E-17, -0.3540480442136830774 ) ) ;
#3570 = VERTEX_POINT ( 'NONE', #4904 ) ;
#3571 = ORIENTED_EDGE ( 'NONE', *, *, #4969, .F. ) ;
#3572 = CARTESIAN_POINT ( 'NONE',  ( -0.4339674353673064755, 1.707404996040156808E-17, -0.3568387112532800942 ) ) ;
#3573 = EDGE_CURVE ( 'NONE', #1153, #176, #4548, .T. ) ;
#3574 = CARTESIAN_POINT ( 'NONE',  ( -0.4291338582677166058, 6.631399473327291093E-18, -0.2994952628729311561 ) ) ;
#3575 = CYLINDRICAL_SURFACE ( 'NONE', #5395, 0.07086614173228344971 ) ;
#3576 = DIRECTION ( 'NONE',  ( 1.000000000000000000, 0.0000000000000000000, 0.0000000000000000000 ) ) ;
#3577 = DIRECTION ( 'NONE',  ( -1.000000000000000000, 0.0000000000000000000, 0.0000000000000000000 ) ) ;
#3578 = ORIENTED_EDGE ( 'NONE', *, *, #868, .F. ) ;
#3579 = EDGE_CURVE ( 'NONE', #3617, #4648, #426, .T. ) ;
#3580 = PLANE ( 'NONE',  #1946 ) ;
#3581 = ORIENTED_EDGE ( 'NONE', *, *, #5038, .F. ) ;
#3582 = ORIENTED_EDGE ( 'NONE', *, *, #2300, .T. ) ;
#3583 = DIRECTION ( 'NONE',  ( 0.0000000000000000000, 0.0000000000000000000, 1.000000000000000000 ) ) ;
#3584 = EDGE_CURVE ( 'NONE', #3041, #4574, #2749, .T. ) ;
#3585 = CARTESIAN_POINT ( 'NONE',  ( 0.4291338582677159397, 0.04724409448818897572, -1.148425196850393792 ) ) ;
#3586 = CARTESIAN_POINT ( 'NONE',  ( 0.4685039370078740717, 0.3070866141732282451, -0.2086614173228346081 ) ) ;
#3587 = VERTEX_POINT ( 'NONE', #4498 ) ;
#3588 = ORIENTED_EDGE ( 'NONE', *, *, #3922, .T. ) ;
#3589 = EDGE_CURVE ( 'NONE', #4064, #5098, #5266, .T. ) ;
#3590 = DIRECTION ( 'NONE',  ( 0.0000000000000000000, 1.000000000000000000, 0.0000000000000000000 ) ) ;
#3591 = CYLINDRICAL_SURFACE ( 'NONE', #1422, 0.03149606299212606708 ) ;
#3592 = DIRECTION ( 'NONE',  ( 0.0000000000000000000, 0.0000000000000000000, -1.000000000000000000 ) ) ;
#3593 = ORIENTED_EDGE ( 'NONE', *, *, #1167, .T. ) ;
#3594 = VERTEX_POINT ( 'NONE', #272 ) ;
#3595 = DIRECTION ( 'NONE',  ( 0.0000000000000000000, 0.0000000000000000000, 1.000000000000000000 ) ) ;
#3596 = VECTOR ( 'NONE', #4713, 39.37007874015748143 ) ;
#3597 = DIRECTION ( 'NONE',  ( 0.0000000000000000000, 1.000000000000000000, 0.0000000000000000000 ) ) ;
#3598 = DIRECTION ( 'NONE',  ( 0.0000000000000000000, 0.0000000000000000000, 1.000000000000000000 ) ) ;
#3599 = CARTESIAN_POINT ( 'NONE',  ( 0.4448818897637792924, 0.001771933957542273178, -0.3582677165354331006 ) ) ;
#3600 = MECHANICAL_DESIGN_GEOMETRIC_PRESENTATION_REPRESENTATION (  '', ( #4749 ), #2112 ) ;
#3601 = LINE ( 'NONE', #5283, #512 ) ;
#3602 = VERTEX_POINT ( 'NONE', #3698 ) ;
#3603 = VECTOR ( 'NONE', #5248, 39.37007874015748143 ) ;
#3604 = SURFACE_STYLE_USAGE ( .BOTH. , #2334 ) ;
#3605 = LENGTH_MEASURE_WITH_UNIT ( LENGTH_MEASURE( 0.02539999999999999897 ), #1953 );
#3606 = LINE ( 'NONE', #1085, #407 ) ;
#3607 = EDGE_CURVE ( 'NONE', #5106, #2144, #4611, .T. ) ;
#3608 = ORIENTED_EDGE ( 'NONE', *, *, #1031, .F. ) ;
#3609 = ORIENTED_EDGE ( 'NONE', *, *, #167, .F. ) ;
#3610 = VECTOR ( 'NONE', #780, 39.37007874015748143 ) ;
#3611 = FILL_AREA_STYLE_COLOUR ( '', #2709 ) ;
#3612 = FACE_OUTER_BOUND ( 'NONE', #1461, .T. ) ;
#3613 = DIRECTION ( 'NONE',  ( -1.000000000000000000, 0.0000000000000000000, 0.0000000000000000000 ) ) ;
#3614 = VECTOR ( 'NONE', #5043, 39.37007874015748143 ) ;
#3615 = CARTESIAN_POINT ( 'NONE',  ( 0.4448818897637792924, 0.04724409448818897572, -0.5393700787401576324 ) ) ;
#3616 = EDGE_CURVE ( 'NONE', #3537, #5073, #1985, .T. ) ;
#3617 = VERTEX_POINT ( 'NONE', #4469 ) ;
#3618 = ORIENTED_EDGE ( 'NONE', *, *, #2469, .F. ) ;
#3619 = CARTESIAN_POINT ( 'NONE',  ( -0.4212598425196851237, 0.3070866141732282451, -0.07086614173228347746 ) ) ;
#3620 = AXIS2_PLACEMENT_3D ( 'NONE', #1864, #3467, #4815 ) ;
#3621 = UNCERTAINTY_MEASURE_WITH_UNIT (LENGTH_MEASURE( 1.000000000000000082E-05 ), #5007, 'distance_accuracy_value', 'NONE');
#3622 = CARTESIAN_POINT ( 'NONE',  ( 0.4291338582677159397, 0.04724409448818895491, -0.3540480442136829109 ) ) ;
#3623 = DIRECTION ( 'NONE',  ( 0.0000000000000000000, 0.0000000000000000000, 1.000000000000000000 ) ) ;
#3624 = CARTESIAN_POINT ( 'NONE',  ( -0.4356970836099151034, 0.3606299212598426118, 0.09884078434789470013 ) ) ;
#3625 = CIRCLE ( 'NONE', #1083, 0.05642890064205360184 ) ;
#3626 = ORIENTED_EDGE ( 'NONE', *, *, #376, .T. ) ;
#3627 = ADVANCED_FACE ( 'NONE', ( #3669, #2341 ), #4529, .F. ) ;
#3628 = VERTEX_POINT ( 'NONE', #5375 ) ;
#3629 = DIRECTION ( 'NONE',  ( -0.5000000000000009992, -0.0000000000000000000, -0.8660254037844380415 ) ) ;
#3630 = CARTESIAN_POINT ( 'NONE',  ( 0.4448818897637792924, 0.05325930726378100971, -0.9960629921259843700 ) ) ;
#3631 = FACE_OUTER_BOUND ( 'NONE', #1037, .T. ) ;
#3632 = DIRECTION ( 'NONE',  ( 0.0000000000000000000, 0.0000000000000000000, 1.000000000000000000 ) ) ;
#3633 = SURFACE_STYLE_USAGE ( .BOTH. , #692 ) ;
#3634 = SURFACE_STYLE_FILL_AREA ( #5255 ) ;
#3635 = LINE ( 'NONE', #1161, #1289 ) ;
#3636 = VECTOR ( 'NONE', #5129, 39.37007874015748143 ) ;
#3637 = FILL_AREA_STYLE_COLOUR ( '', #2640 ) ;
#3638 = CIRCLE ( 'NONE', #2927, 0.07086614173228344971 ) ;
#3639 = LINE ( 'NONE', #331, #2488 ) ;
#3640 = ORIENTED_EDGE ( 'NONE', *, *, #1228, .T. ) ;
#3641 = LENGTH_MEASURE_WITH_UNIT ( LENGTH_MEASURE( 0.02539999999999999897 ), #4050 );
#3642 = VECTOR ( 'NONE', #1443, 39.37007874015748143 ) ;
#3643 = CARTESIAN_POINT ( 'NONE',  ( 0.4527559055118111075, 0.5000000000000000000, 0.0000000000000000000 ) ) ;
#3644 = EDGE_CURVE ( 'NONE', #5193, #619, #1601, .T. ) ;
#3645 = PLANE ( 'NONE',  #386 ) ;
#3646 = DIRECTION ( 'NONE',  ( 0.0000000000000000000, 1.000000000000000000, 1.112002228190260705E-16 ) ) ;
#3647 = ORIENTED_EDGE ( 'NONE', *, *, #2031, .T. ) ;
#3648 = VECTOR ( 'NONE', #2885, 39.37007874015748143 ) ;
#3649 = VECTOR ( 'NONE', #853, 39.37007874015748143 ) ;
#3650 = ORIENTED_EDGE ( 'NONE', *, *, #1105, .T. ) ;
#3651 = DIRECTION ( 'NONE',  ( 0.0000000000000000000, 0.0000000000000000000, 1.000000000000000000 ) ) ;
#3652 = CARTESIAN_POINT ( 'NONE',  ( 0.4426332105210574186, 0.05124802740525345041, -0.3582677165354330451 ) ) ;
#3653 = EDGE_CURVE ( 'NONE', #3900, #3731, #815, .T. ) ;
#3654 = CARTESIAN_POINT ( 'NONE',  ( 0.4448818897637792924, 0.001771933957542277081, -0.7204724409448818312 ) ) ;
#3655 = CARTESIAN_POINT ( 'NONE',  ( 0.3661417322834639165, 0.04724409448818896184, 0.0000000000000000000 ) ) ;
#3656 = ORIENTED_EDGE ( 'NONE', *, *, #4026, .T. ) ;
#3657 = ORIENTED_EDGE ( 'NONE', *, *, #1743, .T. ) ;
#3658 = VECTOR ( 'NONE', #3718, 39.37007874015748143 ) ;
#3659 = CARTESIAN_POINT ( 'NONE',  ( -0.4173228346456693827, 0.0000000000000000000, 0.0000000000000000000 ) ) ;
#3660 = DIRECTION ( 'NONE',  ( 1.000000000000000000, 0.0000000000000000000, 0.0000000000000000000 ) ) ;
#3661 = EDGE_CURVE ( 'NONE', #4785, #1940, #414, .T. ) ;
#3662 = CARTESIAN_POINT ( 'NONE',  ( 0.4291338582677159397, -1.707404996040155267E-17, -0.2994952628729313227 ) ) ;
#3663 = VECTOR ( 'NONE', #639, 39.37007874015748143 ) ;
#3664 = LINE ( 'NONE', #5342, #3658 ) ;
#3665 = ORIENTED_EDGE ( 'NONE', *, *, #1462, .T. ) ;
#3666 = DIRECTION ( 'NONE',  ( 0.0000000000000000000, 1.000000000000000000, 0.0000000000000000000 ) ) ;
#3667 =( NAMED_UNIT ( * ) PLANE_ANGLE_UNIT ( ) SI_UNIT ( $, .RADIAN. ) );
#3668 = EDGE_LOOP ( 'NONE', ( #5249, #3725, #4836, #5162, #5091, #767, #565, #5401 ) ) ;
#3669 = FACE_BOUND ( 'NONE', #311, .T. ) ;
#3670 = CARTESIAN_POINT ( 'NONE',  ( 0.4527559055118111075, 0.3838582677165353618, -0.2086614173228346636 ) ) ;
#3671 = LINE ( 'NONE', #846, #1632 ) ;
#3672 = FACE_OUTER_BOUND ( 'NONE', #4439, .T. ) ;
#3673 = ORIENTED_EDGE ( 'NONE', *, *, #4788, .F. ) ;
#3674 = ORIENTED_EDGE ( 'NONE', *, *, #2464, .F. ) ;
#3675 = EDGE_CURVE ( 'NONE', #671, #5423, #1247, .T. ) ;
#3676 = CARTESIAN_POINT ( 'NONE',  ( -0.4527559055118111075, 0.5000000000000000000, -0.9960629921259841479 ) ) ;
#3677 = CARTESIAN_POINT ( 'NONE',  ( 0.4291338582677164948, 0.07086614173228342195, -0.5708661417322835607 ) ) ;
#3678 = CARTESIAN_POINT ( 'NONE',  ( -0.5000000000000004441, 0.07086614173228344971, -0.2952755905511811885 ) ) ;
#3679 = B_SPLINE_CURVE_WITH_KNOTS ( 'NONE', 3,
 ( #5378, #819, #4167, #1202 ),
 .UNSPECIFIED., .F., .F.,
 ( 4, 4 ),
 ( 4.792404564952243266E-21, 0.0004192949315278168658 ),
 .UNSPECIFIED. ) ;
#3680 = DIRECTION ( 'NONE',  ( 0.0000000000000000000, 0.0000000000000000000, 1.000000000000000000 ) ) ;
#3681 = ORIENTED_EDGE ( 'NONE', *, *, #4119, .F. ) ;
#3682 = ORIENTED_EDGE ( 'NONE', *, *, #3497, .T. ) ;
#3683 = ADVANCED_FACE ( 'NONE', ( #2096 ), #3064, .F. ) ;
#3684 = SURFACE_STYLE_FILL_AREA ( #2380 ) ;
#3685 = DIMENSIONAL_EXPONENTS ( 1.000000000000000000, 0.0000000000000000000, 0.0000000000000000000, 0.0000000000000000000, 0.0000000000000000000, 0.0000000000000000000, 0.0000000000000000000 ) ;
#3686 = LINE ( 'NONE', #1512, #2071 ) ;
#3687 =( LENGTH_UNIT ( ) NAMED_UNIT ( * ) SI_UNIT ( $, .METRE. ) );
#3688 = ADVANCED_FACE ( 'NONE', ( #1683 ), #4195, .F. ) ;
#3689 = DIRECTION ( 'NONE',  ( 1.000000000000000000, 0.0000000000000000000, 0.0000000000000000000 ) ) ;
#3690 = DIRECTION ( 'NONE',  ( 1.000000000000000000, 0.0000000000000000000, 0.0000000000000000000 ) ) ;
#3691 = EDGE_LOOP ( 'NONE', ( #4433, #4385, #582, #3428 ) ) ;
#3692 = LINE ( 'NONE', #1951, #5025 ) ;
#3693 = DIRECTION ( 'NONE',  ( 1.000000000000000000, 0.0000000000000000000, 9.637352644315596722E-16 ) ) ;
#3694 = EDGE_CURVE ( 'NONE', #633, #3942, #1715, .T. ) ;
#3695 = EDGE_CURVE ( 'NONE', #2663, #4479, #5404, .T. ) ;
#3696 = ORIENTED_EDGE ( 'NONE', *, *, #4924, .F. ) ;
#3697 = VECTOR ( 'NONE', #1312, 39.37007874015748143 ) ;
#3698 = CARTESIAN_POINT ( 'NONE',  ( -0.4527559055118111075, 0.07086614173228347746, -1.148425196850393792 ) ) ;
#3699 = DIRECTION ( 'NONE',  ( 0.0000000000000000000, 0.0000000000000000000, 1.000000000000000000 ) ) ;
#3700 = DIRECTION ( 'NONE',  ( 0.0000000000000000000, 1.000000000000000000, 0.0000000000000000000 ) ) ;
#3701 = CIRCLE ( 'NONE', #3961, 0.03149606299212606708 ) ;
#3702 = ORIENTED_EDGE ( 'NONE', *, *, #3032, .T. ) ;
#3703 = VERTEX_POINT ( 'NONE', #26 ) ;
#3704 = FACE_BOUND ( 'NONE', #709, .T. ) ;
#3705 = VECTOR ( 'NONE', #2571, 39.37007874015748143 ) ;
#3706 = DIRECTION ( 'NONE',  ( 0.0000000000000000000, 0.0000000000000000000, 1.000000000000000000 ) ) ;
#3707 = DIRECTION ( 'NONE',  ( 0.0000000000000000000, 0.0000000000000000000, 1.000000000000000000 ) ) ;
#3708 = CARTESIAN_POINT ( 'NONE',  ( -0.4527559055118111075, 0.3606299212598426118, 0.003937007874015795682 ) ) ;
#3709 = ORIENTED_EDGE ( 'NONE', *, *, #3722, .F. ) ;
#3710 = EDGE_LOOP ( 'NONE', ( #1950, #2551, #3451, #3307 ) ) ;
#3711 = CIRCLE ( 'NONE', #1767, 0.07086614173228344971 ) ;
#3712 = CARTESIAN_POINT ( 'NONE',  ( 0.4448818897637792924, 0.05325930726378100971, -0.3582677165354331006 ) ) ;
#3713 = CARTESIAN_POINT ( 'NONE',  ( -0.4527559055118111075, 0.5000000000000000000, -0.2952755905511810774 ) ) ;
#3714 = EDGE_CURVE ( 'NONE', #2306, #2636, #1710, .T. ) ;
#3715 = FACE_OUTER_BOUND ( 'NONE', #1334, .T. ) ;
#3716 = VERTEX_POINT ( 'NONE', #1306 ) ;
#3717 = CARTESIAN_POINT ( 'NONE',  ( 0.4845659450735614882, 0.3606299212598426118, 0.07062633402686788187 ) ) ;
#3718 = DIRECTION ( 'NONE',  ( 0.0000000000000000000, 1.000000000000000000, 0.0000000000000000000 ) ) ;
#3719 = VECTOR ( 'NONE', #47, 39.37007874015748143 ) ;
#3720 = ORIENTED_EDGE ( 'NONE', *, *, #2831, .T. ) ;
#3721 =( NAMED_UNIT ( * ) PLANE_ANGLE_UNIT ( ) SI_UNIT ( $, .RADIAN. ) );
#3722 = EDGE_CURVE ( 'NONE', #1752, #5161, #2477, .T. ) ;
#3723 = FACE_OUTER_BOUND ( 'NONE', #264, .T. ) ;
#3724 = CARTESIAN_POINT ( 'NONE',  ( -0.5007640645383754086, 0.4393700787401574881, 0.1616744259112477544 ) ) ;
#3725 = ORIENTED_EDGE ( 'NONE', *, *, #4392, .F. ) ;
#3726 = EDGE_CURVE ( 'NONE', #2818, #2983, #751, .T. ) ;
#3727 = LINE ( 'NONE', #4443, #1494 ) ;
#3728 = AXIS2_PLACEMENT_3D ( 'NONE', #168, #463, #4331 ) ;
#3729 = EDGE_CURVE ( 'NONE', #4422, #601, #1716, .T. ) ;
#3730 = LINE ( 'NONE', #1577, #2834 ) ;
#3731 = VERTEX_POINT ( 'NONE', #3847 ) ;
#3732 = EDGE_LOOP ( 'NONE', ( #1305, #4703, #2724, #256 ) ) ;
#3733 = AXIS2_PLACEMENT_3D ( 'NONE', #3501, #938, #5079 ) ;
#3734 = CARTESIAN_POINT ( 'NONE',  ( 0.4776887431617387603, 0.4898052704652088307, 0.008848995601825804594 ) ) ;
#3735 = CIRCLE ( 'NONE', #1792, 0.07086614173228344971 ) ;
#3736 = DIRECTION ( 'NONE',  ( 0.0000000000000000000, 0.0000000000000000000, -1.000000000000000000 ) ) ;
#3737 = LINE ( 'NONE', #2433, #48 ) ;
#3738 = FACE_OUTER_BOUND ( 'NONE', #4193, .T. ) ;
#3739 = AXIS2_PLACEMENT_3D ( 'NONE', #4212, #4320, #993 ) ;
#3740 = AXIS2_PLACEMENT_3D ( 'NONE', #3243, #2804, #762 ) ;
#3741 = PLANE ( 'NONE',  #837 ) ;
#3742 = ORIENTED_EDGE ( 'NONE', *, *, #4533, .F. ) ;
#3743 = EDGE_LOOP ( 'NONE', ( #1439, #5029, #343, #3126 ) ) ;
#3744 = CARTESIAN_POINT ( 'NONE',  ( 0.4448818897637792924, -6.829619984160658046E-17, -0.7834645669291339098 ) ) ;
#3745 = PLANE ( 'NONE',  #4001 ) ;
#3746 = AXIS2_PLACEMENT_3D ( 'NONE', #494, #616, #4516 ) ;
#3747 = ORIENTED_EDGE ( 'NONE', *, *, #3067, .T. ) ;
#3748 = PLANE ( 'NONE',  #5136 ) ;
#3749 = DIRECTION ( 'NONE',  ( 1.000000000000000000, 0.0000000000000000000, 0.0000000000000000000 ) ) ;
#3750 = EDGE_CURVE ( 'NONE', #169, #247, #91, .T. ) ;
#3751 = VERTEX_POINT ( 'NONE', #5281 ) ;
#3752 = CARTESIAN_POINT ( 'NONE',  ( -0.4527559055118111075, 0.2303149606299212948, -0.2716535433070865757 ) ) ;
#3753 = VECTOR ( 'NONE', #1326, 39.37007874015748143 ) ;
#3754 = FACE_OUTER_BOUND ( 'NONE', #1980, .T. ) ;
#3755 = ORIENTED_EDGE ( 'NONE', *, *, #417, .F. ) ;
#3756 = EDGE_CURVE ( 'NONE', #1285, #2014, #2245, .T. ) ;
#3757 = SURFACE_SIDE_STYLE ('',( #5042 ) ) ;
#3758 = LINE ( 'NONE', #1659, #1163 ) ;
#3759 = CARTESIAN_POINT ( 'NONE',  ( 0.4527559055118111631, 0.4393700787401574881, 0.008848995601825804594 ) ) ;
#3760 = DIRECTION ( 'NONE',  ( 0.0000000000000000000, 0.0000000000000000000, -1.000000000000000000 ) ) ;
#3761 = DIRECTION ( 'NONE',  ( -1.000000000000000000, 0.0000000000000000000, 0.0000000000000000000 ) ) ;
#3762 = ORIENTED_EDGE ( 'NONE', *, *, #2938, .T. ) ;
#3763 = ORIENTED_EDGE ( 'NONE', *, *, #1571, .F. ) ;
#3764 = DIMENSIONAL_EXPONENTS ( 1.000000000000000000, 0.0000000000000000000, 0.0000000000000000000, 0.0000000000000000000, 0.0000000000000000000, 0.0000000000000000000, 0.0000000000000000000 ) ;
#3765 = ADVANCED_FACE ( 'NONE', ( #4013 ), #4349, .T. ) ;
#3766 =( CONVERSION_BASED_UNIT ( 'INCH', #3309 ) LENGTH_UNIT ( ) NAMED_UNIT ( #2900 ) );
#3767 = LINE ( 'NONE', #2891, #3649 ) ;
#3768 = DIRECTION ( 'NONE',  ( -1.000000000000000000, 0.0000000000000000000, 0.0000000000000000000 ) ) ;
#3769 = PLANE ( 'NONE',  #1434 ) ;
#3770 = ORIENTED_EDGE ( 'NONE', *, *, #2094, .T. ) ;
#3771 = ORIENTED_EDGE ( 'NONE', *, *, #3504, .T. ) ;
#3772 = EDGE_CURVE ( 'NONE', #2154, #2419, #184, .T. ) ;
#3773 = DIRECTION ( 'NONE',  ( 0.0000000000000000000, 1.000000000000000000, 0.0000000000000000000 ) ) ;
#3774 = CARTESIAN_POINT ( 'NONE',  ( -0.4560962723684683917, 0.4393700787401574881, 0.02131541442678966738 ) ) ;
#3775 = PRESENTATION_STYLE_ASSIGNMENT (( #3375 ) ) ;
#3776 = ORIENTED_EDGE ( 'NONE', *, *, #2614, .T. ) ;
#3777 = DIRECTION ( 'NONE',  ( 0.0000000000000000000, 1.000000000000000000, 0.0000000000000000000 ) ) ;
#3778 =( NAMED_UNIT ( * ) SI_UNIT ( $, .STERADIAN. ) SOLID_ANGLE_UNIT ( ) );
#3779 = DIRECTION ( 'NONE',  ( 0.0000000000000000000, 0.0000000000000000000, 1.000000000000000000 ) ) ;
#3780 = EDGE_CURVE ( 'NONE', #4217, #3731, #5311, .T. ) ;
#3781 = LINE ( 'NONE', #5089, #4262 ) ;
#3782 = CARTESIAN_POINT ( 'NONE',  ( 0.4173228346456693827, 0.3838582677165353618, -0.07086614173228346358 ) ) ;
#3783 = ORIENTED_EDGE ( 'NONE', *, *, #2861, .F. ) ;
#3784 = CARTESIAN_POINT ( 'NONE',  ( 3.857155272905044443E-18, -6.829619984160658046E-17, -0.6685039370078741383 ) ) ;
#3785 = CARTESIAN_POINT ( 'NONE',  ( -0.5000000000000004441, 0.07086614173228344971, -0.7834645669291339098 ) ) ;
#3786 = CARTESIAN_POINT ( 'NONE',  ( 0.4291338582677164948, 0.07086614173228342195, -0.7834645669291339098 ) ) ;
#3787 = ADVANCED_FACE ( 'NONE', ( #236 ), #3959, .F. ) ;
#3788 = DIRECTION ( 'NONE',  ( 0.0000000000000000000, 0.0000000000000000000, 1.000000000000000000 ) ) ;
#3789 = VERTEX_POINT ( 'NONE', #2356 ) ;
#3790 = ORIENTED_EDGE ( 'NONE', *, *, #685, .T. ) ;
#3791 = VECTOR ( 'NONE', #147, 39.37007874015748143 ) ;
#3792 = CARTESIAN_POINT ( 'NONE',  ( -0.4212598425196851237, 0.3606299212598426118, 0.003937007874015795682 ) ) ;
#3793 = DIRECTION ( 'NONE',  ( 1.000000000000000000, 0.0000000000000000000, 0.0000000000000000000 ) ) ;
#3794 = EDGE_CURVE ( 'NONE', #1651, #3343, #3207, .T. ) ;
#3795 = CARTESIAN_POINT ( 'NONE',  ( 0.5000000000000001110, 0.5000000000000000000, -1.148425196850393792 ) ) ;
#3796 = CARTESIAN_POINT ( 'NONE',  ( -0.4448818897637797365, -6.829619984160658046E-17, -0.3582677165354331006 ) ) ;
#3797 = EDGE_LOOP ( 'NONE', ( #2778, #189, #2619, #5132 ) ) ;
#3798 = ORIENTED_EDGE ( 'NONE', *, *, #717, .F. ) ;
#3799 = AXIS2_PLACEMENT_3D ( 'NONE', #2028, #1774, #1749 ) ;
#3800 = CARTESIAN_POINT ( 'NONE',  ( -0.5000000000000001110, 0.5000000000000000000, -1.148425196850393792 ) ) ;
#3801 = EDGE_CURVE ( 'NONE', #1823, #82, #1832, .T. ) ;
#3802 = FILL_AREA_STYLE_COLOUR ( '', #1238 ) ;
#3803 = EDGE_CURVE ( 'NONE', #2945, #1005, #261, .T. ) ;
#3804 = CIRCLE ( 'NONE', #1415, 0.02362204724409448092 ) ;
#3805 = ORIENTED_EDGE ( 'NONE', *, *, #4544, .F. ) ;
#3806 = CARTESIAN_POINT ( 'NONE',  ( -0.4291338582677166058, 0.07086614173228347746, -0.9960629921259842590 ) ) ;
#3807 = FILL_AREA_STYLE_COLOUR ( '', #1481 ) ;
#3808 = AXIS2_PLACEMENT_3D ( 'NONE', #5040, #3410, #3809 ) ;
#3809 = DIRECTION ( 'NONE',  ( 0.0000000000000000000, 0.0000000000000000000, 1.000000000000000000 ) ) ;
#3810 = DIRECTION ( 'NONE',  ( 0.0000000000000000000, 1.000000000000000000, -4.448008912761042820E-16 ) ) ;
#3811 = CARTESIAN_POINT ( 'NONE',  ( 0.4394402068000677897, 0.0005316593026319682861, -0.5708661417322835607 ) ) ;
#3812 = VECTOR ( 'NONE', #3058, 39.37007874015748143 ) ;
#3813 = DIRECTION ( 'NONE',  ( 0.0000000000000000000, 0.0000000000000000000, 1.000000000000000000 ) ) ;
#3814 = ORIENTED_EDGE ( 'NONE', *, *, #1267, .T. ) ;
#3815 = B_SPLINE_CURVE_WITH_KNOTS ( 'NONE', 3,
 ( #1373, #1322, #2609, #947, #4759, #4240 ),
 .UNSPECIFIED., .F., .F.,
 ( 4, 2, 4 ),
 ( 0.0000000000000000000, 0.0002268481686830070500, 0.0004536963373660141000 ),
 .UNSPECIFIED. ) ;
#3816 = DIRECTION ( 'NONE',  ( -1.000000000000000000, 0.0000000000000000000, 0.0000000000000000000 ) ) ;
#3817 = ORIENTED_EDGE ( 'NONE', *, *, #2178, .T. ) ;
#3818 = ORIENTED_EDGE ( 'NONE', *, *, #3131, .T. ) ;
#3819 =( NAMED_UNIT ( * ) PLANE_ANGLE_UNIT ( ) SI_UNIT ( $, .RADIAN. ) );
#3820 = ADVANCED_FACE ( 'NONE', ( #1503 ), #3575, .T. ) ;
#3821 = VECTOR ( 'NONE', #4398, 39.37007874015748143 ) ;
#3822 = DIRECTION ( 'NONE',  ( -0.0000000000000000000, -0.0000000000000000000, -1.000000000000000000 ) ) ;
#3823 = DIRECTION ( 'NONE',  ( 0.0000000000000000000, 0.0000000000000000000, 1.000000000000000000 ) ) ;
#3824 = CARTESIAN_POINT ( 'NONE',  ( 0.4527559055118109410, 0.07086614173228343583, -1.148425196850393792 ) ) ;
#3825 = SURFACE_STYLE_USAGE ( .BOTH. , #2136 ) ;
#3826 = VERTEX_POINT ( 'NONE', #5254 ) ;
#3827 = VECTOR ( 'NONE', #1644, 39.37007874015748143 ) ;
#3828 = AXIS2_PLACEMENT_3D ( 'NONE', #3037, #2605, #129 ) ;
#3829 = EDGE_LOOP ( 'NONE', ( #594, #4654, #3588, #284 ) ) ;
#3830 = EDGE_CURVE ( 'NONE', #2338, #3249, #4371, .T. ) ;
#3831 = LINE ( 'NONE', #1262, #4263 ) ;
#3832 = AXIS2_PLACEMENT_3D ( 'NONE', #5365, #2470, #1978 ) ;
#3833 = VECTOR ( 'NONE', #2367, 39.37007874015748143 ) ;
#3834 = ORIENTED_EDGE ( 'NONE', *, *, #4603, .F. ) ;
#3835 = MECHANICAL_DESIGN_GEOMETRIC_PRESENTATION_REPRESENTATION (  '', ( #2068 ), #1802 ) ;
#3836 = PLANE ( 'NONE',  #4617 ) ;
#3837 =( LENGTH_UNIT ( ) NAMED_UNIT ( * ) SI_UNIT ( $, .METRE. ) );
#3838 = EDGE_CURVE ( 'NONE', #3537, #4178, #738, .T. ) ;
#3839 = EDGE_CURVE ( 'NONE', #497, #4561, #3010, .T. ) ;
#3840 = B_SPLINE_CURVE_WITH_KNOTS ( 'NONE', 3,
 ( #735, #3652, #3221, #345, #2018, #3622 ),
 .UNSPECIFIED., .F., .F.,
 ( 4, 2, 4 ),
 ( 0.0000000000000000000, 0.0002268537248197715630, 0.0004537074496395431260 ),
 .UNSPECIFIED. ) ;
#3841 = DIRECTION ( 'NONE',  ( 0.0000000000000000000, 1.000000000000000000, 1.112002228190260705E-16 ) ) ;
#3842 = VECTOR ( 'NONE', #4209, 39.37007874015748143 ) ;
#3843 = CARTESIAN_POINT ( 'NONE',  ( -0.4212598425196851237, 0.2303149606299212948, -0.2716535433070865757 ) ) ;
#3844 = EDGE_LOOP ( 'NONE', ( #2963, #1878, #3225, #851, #90, #3265, #5006, #929, #2652, #2830, #3946, #3480 ) ) ;
#3845 = VECTOR ( 'NONE', #3895, 39.37007874015748143 ) ;
#3846 = ORIENTED_EDGE ( 'NONE', *, *, #3371, .F. ) ;
#3847 = CARTESIAN_POINT ( 'NONE',  ( -0.4527559055118111075, 0.5000000000000000000, -0.5708661417322834497 ) ) ;
#3848 = CARTESIAN_POINT ( 'NONE',  ( 0.4173228346456693827, 0.3070866141732282451, -0.2086614173228346081 ) ) ;
#3849 = DIRECTION ( 'NONE',  ( 0.0000000000000000000, 0.0000000000000000000, 1.000000000000000000 ) ) ;
#3850 = DIRECTION ( 'NONE',  ( 0.0000000000000000000, 1.000000000000000000, 0.0000000000000000000 ) ) ;
#3851 = ORIENTED_EDGE ( 'NONE', *, *, #2546, .F. ) ;
#3852 = ORIENTED_EDGE ( 'NONE', *, *, #2720, .T. ) ;
#3853 = CARTESIAN_POINT ( 'NONE',  ( -0.4212598425196851237, 0.3606299212598426118, 0.1822834645669292597 ) ) ;
#3854 = DIRECTION ( 'NONE',  ( 0.0000000000000000000, 0.0000000000000000000, -1.000000000000000000 ) ) ;
#3855 = CARTESIAN_POINT ( 'NONE',  ( 0.4212598425196851237, 0.3070866141732282451, -0.07086614173228347746 ) ) ;
#3856 = ORIENTED_EDGE ( 'NONE', *, *, #53, .T. ) ;
#3857 = ORIENTED_EDGE ( 'NONE', *, *, #593, .T. ) ;
#3858 = CARTESIAN_POINT ( 'NONE',  ( 0.4776887431617387603, 0.4393700787401574881, 0.008848995601825804594 ) ) ;
#3859 = CARTESIAN_POINT ( 'NONE',  ( 0.5000000000000001110, 0.5000000000000000000, -1.148425196850393792 ) ) ;
#3860 = EDGE_CURVE ( 'NONE', #2218, #1551, #2656, .T. ) ;
#3861 = ORIENTED_EDGE ( 'NONE', *, *, #3387, .T. ) ;
#3862 = PLANE ( 'NONE',  #663 ) ;
#3863 = LINE ( 'NONE', #2554, #3596 ) ;
#3864 = FACE_OUTER_BOUND ( 'NONE', #4844, .T. ) ;
#3865 = ADVANCED_FACE ( 'NONE', ( #3121 ), #4427, .T. ) ;
#3866 = CARTESIAN_POINT ( 'NONE',  ( -0.5000000000000004441, 0.07086614173228344971, -0.9330708661417322913 ) ) ;
#3867 = ORIENTED_EDGE ( 'NONE', *, *, #2475, .T. ) ;
#3868 = EDGE_LOOP ( 'NONE', ( #3593, #4657, #4287, #4282, #4384, #4363 ) ) ;
#3869 = CARTESIAN_POINT ( 'NONE',  ( -0.4685039370078740717, 0.3838582677165353618, -0.07086614173228346358 ) ) ;
#3870 = EDGE_CURVE ( 'NONE', #2603, #474, #209, .T. ) ;
#3871 = DIRECTION ( 'NONE',  ( 0.0000000000000000000, -1.000000000000000000, 0.0000000000000000000 ) ) ;
#3872 = EDGE_LOOP ( 'NONE', ( #4885, #1146, #1579, #3522 ) ) ;
#3873 = ORIENTED_EDGE ( 'NONE', *, *, #972, .F. ) ;
#3874 = DIRECTION ( 'NONE',  ( 1.000000000000000000, 0.0000000000000000000, 0.0000000000000000000 ) ) ;
#3875 = PRESENTATION_LAYER_ASSIGNMENT (  '', '', ( #540 ) ) ;
#3876 = DIMENSIONAL_EXPONENTS ( 1.000000000000000000, 0.0000000000000000000, 0.0000000000000000000, 0.0000000000000000000, 0.0000000000000000000, 0.0000000000000000000, 0.0000000000000000000 ) ;
#3877 = DIRECTION ( 'NONE',  ( -0.5000000000000009992, 0.0000000000000000000, -0.8660254037844380415 ) ) ;
#3878 = CARTESIAN_POINT ( 'NONE',  ( -0.4400155395743818310, 0.04969976091641865878, -0.9333227469144301791 ) ) ;
#3879 = CARTESIAN_POINT ( 'NONE',  ( -0.4291338582677166058, 0.07086614173228347746, -0.9330708661417322913 ) ) ;
#3880 = FACE_OUTER_BOUND ( 'NONE', #2243, .T. ) ;
#3881 = EDGE_LOOP ( 'NONE', ( #3952, #2837, #2896, #5153 ) ) ;
#3882 = ORIENTED_EDGE ( 'NONE', *, *, #516, .F. ) ;
#3883 = B_SPLINE_CURVE_WITH_KNOTS ( 'NONE', 3,
 ( #827, #4595, #2486, #473 ),
 .UNSPECIFIED., .F., .F.,
 ( 4, 4 ),
 ( 3.993670470793616302E-21, 0.0004192949315278171368 ),
 .UNSPECIFIED. ) ;
#3884 = DIRECTION ( 'NONE',  ( -0.0000000000000000000, -1.000000000000000000, -0.0000000000000000000 ) ) ;
#3885 = MECHANICAL_DESIGN_GEOMETRIC_PRESENTATION_REPRESENTATION (  '', ( #1406 ), #2893 ) ;
#3886 = DIRECTION ( 'NONE',  ( -1.000000000000000000, 0.0000000000000000000, 0.0000000000000000000 ) ) ;
#3887 =( LENGTH_UNIT ( ) NAMED_UNIT ( * ) SI_UNIT ( $, .METRE. ) );
#3888 = EDGE_LOOP ( 'NONE', ( #442, #5244, #1466, #2024 ) ) ;
#3889 = PLANE ( 'NONE',  #3468 ) ;
#3890 = LINE ( 'NONE', #4687, #1834 ) ;
#3891 = EDGE_CURVE ( 'NONE', #2512, #1712, #1048, .T. ) ;
#3892 = CIRCLE ( 'NONE', #4147, 0.03149606299212606708 ) ;
#3893 = CARTESIAN_POINT ( 'NONE',  ( -0.4291338582677166058, 0.04724409448818897572, -1.148425196850393792 ) ) ;
#3894 = LINE ( 'NONE', #1375, #569 ) ;
#3895 = DIRECTION ( 'NONE',  ( 0.0000000000000000000, 0.0000000000000000000, 1.000000000000000000 ) ) ;
#3896 = ORIENTED_EDGE ( 'NONE', *, *, #4194, .T. ) ;
#3897 = ADVANCED_FACE ( 'NONE', ( #666 ), #4647, .F. ) ;
#3898 = AXIS2_PLACEMENT_3D ( 'NONE', #2375, #308, #1229 ) ;
#3899 = ORIENTED_EDGE ( 'NONE', *, *, #5005, .F. ) ;
#3900 = VERTEX_POINT ( 'NONE', #2917 ) ;
#3901 = PLANE ( 'NONE',  #2631 ) ;
#3902 = EDGE_CURVE ( 'NONE', #3942, #633, #1430, .T. ) ;
#3903 = DIRECTION ( 'NONE',  ( -1.000000000000000000, 0.0000000000000000000, 0.0000000000000000000 ) ) ;
#3904 = DIRECTION ( 'NONE',  ( -1.000000000000000000, 0.0000000000000000000, 0.0000000000000000000 ) ) ;
#3905 = APPLICATION_CONTEXT ( 'automotive_design' ) ;
#3906 = LINE ( 'NONE', #2188, #3636 ) ;
#3907 = ORIENTED_EDGE ( 'NONE', *, *, #3902, .T. ) ;
#3908 = ORIENTED_EDGE ( 'NONE', *, *, #1666, .F. ) ;
#3909 = LINE ( 'NONE', #4112, #2840 ) ;
#3910 = COLOUR_RGB ( '',0.7529411764705882248, 0.7529411764705882248, 0.7529411764705882248 ) ;
#3911 = ORIENTED_EDGE ( 'NONE', *, *, #2203, .F. ) ;
#3912 = CARTESIAN_POINT ( 'NONE',  ( -0.5000000000000004441, -6.829619984160658046E-17, -0.7204724409448819422 ) ) ;
#3913 = AXIS2_PLACEMENT_3D ( 'NONE', #107, #2145, #3042 ) ;
#3914 = AXIS2_PLACEMENT_3D ( 'NONE', #1994, #5383, #4508 ) ;
#3915 = CARTESIAN_POINT ( 'NONE',  ( 0.5000000000000001110, 0.07086614173228344971, -1.148425196850393792 ) ) ;
#3916 = MECHANICAL_DESIGN_GEOMETRIC_PRESENTATION_REPRESENTATION (  '', ( #2061 ), #4347 ) ;
#3917 = VECTOR ( 'NONE', #2157, 39.37007874015748143 ) ;
#3918 = EDGE_CURVE ( 'NONE', #2516, #3185, #3730, .T. ) ;
#3919 = DIRECTION ( 'NONE',  ( -0.5000000000000009992, -0.0000000000000000000, -0.8660254037844380415 ) ) ;
#3920 = ORIENTED_EDGE ( 'NONE', *, *, #2973, .T. ) ;
#3921 = VECTOR ( 'NONE', #1943, 39.37007874015748143 ) ;
#3922 = EDGE_CURVE ( 'NONE', #1696, #2544, #1283, .T. ) ;
#3923 = ORIENTED_EDGE ( 'NONE', *, *, #4376, .T. ) ;
#3924 = ORIENTED_EDGE ( 'NONE', *, *, #417, .T. ) ;
#3925 = CARTESIAN_POINT ( 'NONE',  ( -0.4606299212598428117, 0.4393700787401574881, 0.09884078434789475565 ) ) ;
#3926 = DIRECTION ( 'NONE',  ( 1.000000000000000000, 0.0000000000000000000, 0.0000000000000000000 ) ) ;
#3927 =( NAMED_UNIT ( * ) PLANE_ANGLE_UNIT ( ) SI_UNIT ( $, .RADIAN. ) );
#3928 = EDGE_CURVE ( 'NONE', #3947, #1311, #441, .T. ) ;
#3929 = ORIENTED_EDGE ( 'NONE', *, *, #4024, .F. ) ;
#3930 = ORIENTED_EDGE ( 'NONE', *, *, #4483, .F. ) ;
#3931 = CARTESIAN_POINT ( 'NONE',  ( 0.5000000000000001110, 0.5000000000000000000, -1.148425196850393792 ) ) ;
#3932 = DIRECTION ( 'NONE',  ( 0.0000000000000000000, 1.000000000000000000, -4.448008912761042820E-16 ) ) ;
#3933 = ORIENTED_EDGE ( 'NONE', *, *, #3949, .T. ) ;
#3934 = CARTESIAN_POINT ( 'NONE',  ( -0.4400155395743818310, 0.04969976091641866572, -0.5081258965207293699 ) ) ;
#3935 = DIRECTION ( 'NONE',  ( 0.0000000000000000000, -1.000000000000000000, 0.0000000000000000000 ) ) ;
#3936 = PLANE ( 'NONE',  #4410 ) ;
#3937 = LINE ( 'NONE', #4871, #675 ) ;
#3938 = VERTEX_POINT ( 'NONE', #341 ) ;
#3939 =( CONVERSION_BASED_UNIT ( 'INCH', #2684 ) LENGTH_UNIT ( ) NAMED_UNIT ( #5167 ) );
#3940 = DIRECTION ( 'NONE',  ( -1.000000000000000000, 0.0000000000000000000, 0.0000000000000000000 ) ) ;
#3941 = EDGE_LOOP ( 'NONE', ( #2846, #1663, #1888, #4474 ) ) ;
#3942 = VERTEX_POINT ( 'NONE', #2886 ) ;
#3943 = LINE ( 'NONE', #2643, #4310 ) ;
#3944 = CARTESIAN_POINT ( 'NONE',  ( 0.4291338582677164948, 0.07086614173228342195, -1.148425196850393792 ) ) ;
#3945 = EDGE_CURVE ( 'NONE', #2109, #497, #3679, .T. ) ;
#3946 = ORIENTED_EDGE ( 'NONE', *, *, #5294, .F. ) ;
#3947 = VERTEX_POINT ( 'NONE', #419 ) ;
#3948 = LINE ( 'NONE', #3931, #3642 ) ;
#3949 = EDGE_CURVE ( 'NONE', #2101, #1752, #4106, .T. ) ;
#3950 = CARTESIAN_POINT ( 'NONE',  ( 0.4448818897637792924, 0.001771933957542277298, -0.5078740157480315931 ) ) ;
#3951 =( GEOMETRIC_REPRESENTATION_CONTEXT ( 3 ) GLOBAL_UNCERTAINTY_ASSIGNED_CONTEXT ( ( #5265 ) ) GLOBAL_UNIT_ASSIGNED_CONTEXT ( ( #4635, #4213, #3778 ) ) REPRESENTATION_CONTEXT ( 'NONE', 'WORKASPACE' ) );
#3952 = ORIENTED_EDGE ( 'NONE', *, *, #4998, .F. ) ;
#3953 = VERTEX_POINT ( 'NONE', #765 ) ;
#3954 = CARTESIAN_POINT ( 'NONE',  ( 0.4527559055118111075, 0.5000000000000000000, -1.148425196850393792 ) ) ;
#3955 = VECTOR ( 'NONE', #903, 39.37007874015748143 ) ;
#3956 = EDGE_CURVE ( 'NONE', #1626, #176, #2046, .T. ) ;
#3957 = ADVANCED_FACE ( 'NONE', ( #1606 ), #5406, .F. ) ;
#3958 = CARTESIAN_POINT ( 'NONE',  ( 0.4339674353673058649, -7.141440955459257231E-17, -0.2967045958333341393 ) ) ;
#3959 = PLANE ( 'NONE',  #1265 ) ;
#3960 = CARTESIAN_POINT ( 'NONE',  ( 0.4606299212598427562, 0.3606299212598426118, 0.1562437013337370784 ) ) ;
#3961 = AXIS2_PLACEMENT_3D ( 'NONE', #158, #1019, #1320 ) ;
#3962 = CARTESIAN_POINT ( 'NONE',  ( -0.4291338582677166058, 0.04724409448818897572, -1.148425196850393792 ) ) ;
#3963 = COLOUR_RGB ( '',0.7529411764705882248, 0.7529411764705882248, 0.7529411764705882248 ) ;
#3964 = CARTESIAN_POINT ( 'NONE',  ( 0.4527559055118111075, 0.5000000000000000000, -1.148425196850393792 ) ) ;
#3965 = VECTOR ( 'NONE', #61, 39.37007874015748143 ) ;
#3966 = ORIENTED_EDGE ( 'NONE', *, *, #2335, .T. ) ;
#3967 = ORIENTED_EDGE ( 'NONE', *, *, #3301, .F. ) ;
#3968 = CARTESIAN_POINT ( 'NONE',  ( 0.4448818897637792924, 0.05325930726378100971, -0.7204724409448818312 ) ) ;
#3969 = VECTOR ( 'NONE', #2177, 39.37007874015748143 ) ;
#3970 = PLANE ( 'NONE',  #1014 ) ;
#3971 = EDGE_LOOP ( 'NONE', ( #1044, #4362, #3873, #275 ) ) ;
#3972 = ORIENTED_EDGE ( 'NONE', *, *, #3161, .T. ) ;
#3973 = VECTOR ( 'NONE', #3977, 39.37007874015748143 ) ;
#3974 = EDGE_CURVE ( 'NONE', #2818, #5261, #1687, .T. ) ;
#3975 = FACE_OUTER_BOUND ( 'NONE', #4462, .T. ) ;
#3976 = CARTESIAN_POINT ( 'NONE',  ( -0.4291338582677166058, 0.07086614173228347746, -0.9330708661417322913 ) ) ;
#3977 = DIRECTION ( 'NONE',  ( 0.0000000000000000000, 0.0000000000000000000, 1.000000000000000000 ) ) ;
#3978 = PLANE ( 'NONE',  #1589 ) ;
#3979 = ORIENTED_EDGE ( 'NONE', *, *, #529, .T. ) ;
#3980 = ORIENTED_EDGE ( 'NONE', *, *, #3460, .F. ) ;
#3981 = ADVANCED_FACE ( 'NONE', ( #3672 ), #1171, .T. ) ;
#3982 = PLANE ( 'NONE',  #5054 ) ;
#3983 = DIRECTION ( 'NONE',  ( 0.0000000000000000000, 1.000000000000000000, 1.112002228190260705E-16 ) ) ;
#3984 = CARTESIAN_POINT ( 'NONE',  ( 0.4317462034815178207, 0.04724409448818887164, -0.9357823002510776700 ) ) ;
#3985 = LENGTH_MEASURE_WITH_UNIT ( LENGTH_MEASURE( 0.02539999999999999897 ), #3687 );
#3986 = ADVANCED_FACE ( 'NONE', ( #2617 ), #4302, .T. ) ;
#3987 = STYLED_ITEM ( 'NONE', ( #2708 ), #4452 ) ;
#3988 = CIRCLE ( 'NONE', #1435, 0.07086614173228344971 ) ;
#3989 = PLANE ( 'NONE',  #3033 ) ;
#3990 = ORIENTED_EDGE ( 'NONE', *, *, #2022, .T. ) ;
#3991 = CARTESIAN_POINT ( 'NONE',  ( -0.4448818897637797365, 0.001771933957542390055, -0.7834645669291339098 ) ) ;
#3992 = PRESENTATION_LAYER_ASSIGNMENT (  '', '', ( #2061 ) ) ;
#3993 = PRESENTATION_LAYER_ASSIGNMENT (  '', '', ( #2588 ) ) ;
#3994 = ORIENTED_EDGE ( 'NONE', *, *, #3750, .F. ) ;
#3995 = ORIENTED_EDGE ( 'NONE', *, *, #4322, .F. ) ;
#3996 = PRESENTATION_LAYER_ASSIGNMENT (  '', '', ( #4792 ) ) ;
#3997 = CARTESIAN_POINT ( 'NONE',  ( 0.4527559055118109410, 0.07086614173228343583, -1.148425196850393792 ) ) ;
#3998 = LENGTH_MEASURE_WITH_UNIT ( LENGTH_MEASURE( 0.02539999999999999897 ), #2690 );
#3999 = UNCERTAINTY_MEASURE_WITH_UNIT (LENGTH_MEASURE( 1.000000000000000082E-05 ), #5323, 'distance_accuracy_value', 'NONE');
#4000 = DIRECTION ( 'NONE',  ( 0.0000000000000000000, 0.0000000000000000000, -1.000000000000000000 ) ) ;
#4001 = AXIS2_PLACEMENT_3D ( 'NONE', #1649, #4601, #832 ) ;
#4002 = DIRECTION ( 'NONE',  ( 1.000000000000000000, 0.0000000000000000000, 0.0000000000000000000 ) ) ;
#4003 = EDGE_LOOP ( 'NONE', ( #1984, #371, #2531, #436 ) ) ;
#4004 = ORIENTED_EDGE ( 'NONE', *, *, #4460, .T. ) ;
#4005 = DIRECTION ( 'NONE',  ( -0.0000000000000000000, -0.0000000000000000000, -1.000000000000000000 ) ) ;
#4006 = DIRECTION ( 'NONE',  ( 0.0000000000000000000, 1.000000000000000000, 0.0000000000000000000 ) ) ;
#4007 = CARTESIAN_POINT ( 'NONE',  ( 0.4527559055118111075, 0.3070866141732282451, -0.2086614173228346081 ) ) ;
#4008 = DIRECTION ( 'NONE',  ( 1.000000000000000000, 0.0000000000000000000, 0.0000000000000000000 ) ) ;
#4009 = EDGE_LOOP ( 'NONE', ( #128, #1357, #718, #4928 ) ) ;
#4010 = ORIENTED_EDGE ( 'NONE', *, *, #5390, .F. ) ;
#4011 = CARTESIAN_POINT ( 'NONE',  ( 0.4560962723684684472, 0.3606299212598426118, 0.02131541442678962575 ) ) ;
#4012 = CARTESIAN_POINT ( 'NONE',  ( -0.4527559055118111075, 0.3070866141732282451, -0.2086614173228346081 ) ) ;
#4013 = FACE_OUTER_BOUND ( 'NONE', #4773, .T. ) ;
#4014 = EDGE_CURVE ( 'NONE', #4394, #10, #5152, .T. ) ;
#4015 = SURFACE_STYLE_USAGE ( .BOTH. , #4070 ) ;
#4016 = CARTESIAN_POINT ( 'NONE',  ( 0.4921259842519686845, 0.3606299212598426118, 0.1822834645669293985 ) ) ;
#4017 = EDGE_LOOP ( 'NONE', ( #4246, #5068, #5212, #1004 ) ) ;
#4018 = ADVANCED_FACE ( 'NONE', ( #2969 ), #2161, .F. ) ;
#4019 = CARTESIAN_POINT ( 'NONE',  ( 0.4685039370078740717, 0.0000000000000000000, 0.0000000000000000000 ) ) ;
#4020 = ORIENTED_EDGE ( 'NONE', *, *, #4795, .F. ) ;
#4021 = ORIENTED_EDGE ( 'NONE', *, *, #4049, .F. ) ;
#4022 = LINE ( 'NONE', #4468, #2273 ) ;
#4023 = LINE ( 'NONE', #2781, #1361 ) ;
#4024 = EDGE_CURVE ( 'NONE', #497, #1351, #495, .T. ) ;
#4025 = CARTESIAN_POINT ( 'NONE',  ( 0.4212598425196851237, 0.3838582677165353618, -0.07086614173228346358 ) ) ;
#4026 = EDGE_CURVE ( 'NONE', #2635, #2926, #1003, .T. ) ;
#4027 = DIRECTION ( 'NONE',  ( -1.000000000000000000, 0.0000000000000000000, 0.0000000000000000000 ) ) ;
#4028 = DIRECTION ( 'NONE',  ( 0.0000000000000000000, -1.000000000000000000, 0.0000000000000000000 ) ) ;
#4029 = ORIENTED_EDGE ( 'NONE', *, *, #3497, .F. ) ;
#4030 = ORIENTED_EDGE ( 'NONE', *, *, #3152, .F. ) ;
#4031 = DIRECTION ( 'NONE',  ( 1.000000000000000000, 0.0000000000000000000, 0.0000000000000000000 ) ) ;
#4032 = CARTESIAN_POINT ( 'NONE',  ( 0.4212598425196851237, 0.2303149606299212948, -0.2716535433070865757 ) ) ;
#4033 = DIRECTION ( 'NONE',  ( 0.0000000000000000000, -1.000000000000000000, 0.0000000000000000000 ) ) ;
#4034 = LINE ( 'NONE', #282, #4132 ) ;
#4035 = VERTEX_POINT ( 'NONE', #928 ) ;
#4036 = ORIENTED_EDGE ( 'NONE', *, *, #180, .F. ) ;
#4037 = PLANE ( 'NONE',  #505 ) ;
#4038 =( NAMED_UNIT ( * ) PLANE_ANGLE_UNIT ( ) SI_UNIT ( $, .RADIAN. ) );
#4039 = PRESENTATION_LAYER_ASSIGNMENT (  '', '', ( #3328 ) ) ;
#4040 = DIRECTION ( 'NONE',  ( 0.0000000000000000000, 0.0000000000000000000, 1.000000000000000000 ) ) ;
#4041 = CARTESIAN_POINT ( 'NONE',  ( 0.4291338582677158842, 0.04724409448818895491, -0.9372905384634825365 ) ) ;
#4042 = SURFACE_SIDE_STYLE ('',( #2707 ) ) ;
#4043 = CYLINDRICAL_SURFACE ( 'NONE', #3208, 0.07086614173228344971 ) ;
#4044 = EDGE_CURVE ( 'NONE', #2463, #1252, #3275, .T. ) ;
#4045 = CIRCLE ( 'NONE', #2633, 0.07086614173228344971 ) ;
#4046 = CARTESIAN_POINT ( 'NONE',  ( -0.4212598425196851237, 0.4665354330708661457, -0.2716535433070865757 ) ) ;
#4047 = ORIENTED_EDGE ( 'NONE', *, *, #2366, .T. ) ;
#4048 = AXIS2_PLACEMENT_3D ( 'NONE', #1186, #2851, #4258 ) ;
#4049 = EDGE_CURVE ( 'NONE', #3390, #3562, #3493, .T. ) ;
#4050 =( LENGTH_UNIT ( ) NAMED_UNIT ( * ) SI_UNIT ( $, .METRE. ) );
#4051 = CARTESIAN_POINT ( 'NONE',  ( 0.4291338582677159397, 0.04724409448818895491, -0.5666464694105334265 ) ) ;
#4052 = CARTESIAN_POINT ( 'NONE',  ( -0.4291338582677166058, 0.04724409448818897572, -1.148425196850393792 ) ) ;
#4053 = VECTOR ( 'NONE', #2833, 39.37007874015748143 ) ;
#4054 = CARTESIAN_POINT ( 'NONE',  ( -0.4448818897637797365, -6.829619984160658046E-17, -0.5078740157480314821 ) ) ;
#4055 = VERTEX_POINT ( 'NONE', #94 ) ;
#4056 = ORIENTED_EDGE ( 'NONE', *, *, #1069, .T. ) ;
#4057 = EDGE_CURVE ( 'NONE', #4300, #955, #1744, .T. ) ;
#4058 = LINE ( 'NONE', #2812, #2548 ) ;
#4059 = AXIS2_PLACEMENT_3D ( 'NONE', #3744, #5418, #3886 ) ;
#4060 = DIRECTION ( 'NONE',  ( 0.0000000000000000000, 0.0000000000000000000, 1.000000000000000000 ) ) ;
#4061 = CARTESIAN_POINT ( 'NONE',  ( -0.5000000000000001110, 0.0000000000000000000, 0.0000000000000000000 ) ) ;
#4062 = PLANE ( 'NONE',  #546 ) ;
#4063 = VECTOR ( 'NONE', #4366, 39.37007874015748143 ) ;
#4064 = VERTEX_POINT ( 'NONE', #2593 ) ;
#4065 = VERTEX_POINT ( 'NONE', #4280 ) ;
#4066 = EDGE_CURVE ( 'NONE', #1210, #963, #5176, .T. ) ;
#4067 = CARTESIAN_POINT ( 'NONE',  ( -0.4527559055118111075, 0.07086614173228347746, -0.3582677165354331006 ) ) ;
#4068 = DIRECTION ( 'NONE',  ( 0.0000000000000000000, 0.0000000000000000000, -1.000000000000000000 ) ) ;
#4069 = LINE ( 'NONE', #5253, #4587 ) ;
#4070 = SURFACE_SIDE_STYLE ('',( #3634 ) ) ;
#4071 = CYLINDRICAL_SURFACE ( 'NONE', #1544, 0.02362204724409448092 ) ;
#4072 = VECTOR ( 'NONE', #5226, 39.37007874015748143 ) ;
#4073 = ORIENTED_EDGE ( 'NONE', *, *, #501, .F. ) ;
#4074 =( CONVERSION_BASED_UNIT ( 'INCH', #1135 ) LENGTH_UNIT ( ) NAMED_UNIT ( #1263 ) );
#4075 = EDGE_CURVE ( 'NONE', #4422, #1796, #1766, .T. ) ;
#4076 = LINE ( 'NONE', #329, #3545 ) ;
#4077 =( GEOMETRIC_REPRESENTATION_CONTEXT ( 3 ) GLOBAL_UNCERTAINTY_ASSIGNED_CONTEXT ( ( #3272 ) ) GLOBAL_UNIT_ASSIGNED_CONTEXT ( ( #3134, #4471, #1905 ) ) REPRESENTATION_CONTEXT ( 'NONE', 'WORKASPACE' ) );
#4078 = CIRCLE ( 'NONE', #2309, 0.07086614173228344971 ) ;
#4079 = FILL_AREA_STYLE ('',( #721 ) ) ;
#4080 = EDGE_LOOP ( 'NONE', ( #2305, #2371, #2123, #1472 ) ) ;
#4081 = AXIS2_PLACEMENT_3D ( 'NONE', #1750, #1365, #3426 ) ;
#4082 = AXIS2_PLACEMENT_3D ( 'NONE', #2872, #4571, #803 ) ;
#4083 = CARTESIAN_POINT ( 'NONE',  ( -0.4317462034815184868, 0.04724409448818898960, -0.3555562824260878330 ) ) ;
#4084 = CARTESIAN_POINT ( 'NONE',  ( 0.4400049300502923422, 0.04969432612316337233, -0.2955290673689764391 ) ) ;
#4085 = EDGE_CURVE ( 'NONE', #761, #1572, #5121, .T. ) ;
#4086 = FACE_OUTER_BOUND ( 'NONE', #232, .T. ) ;
#4087 = ORIENTED_EDGE ( 'NONE', *, *, #605, .F. ) ;
#4088 = VECTOR ( 'NONE', #4581, 39.37007874015748143 ) ;
#4089 = ORIENTED_EDGE ( 'NONE', *, *, #3870, .F. ) ;
#4090 = DIRECTION ( 'NONE',  ( -0.0000000000000000000, -0.0000000000000000000, -1.000000000000000000 ) ) ;
#4091 = CARTESIAN_POINT ( 'NONE',  ( 0.4212598425196851237, 0.3070866141732282451, -0.2086614173228346081 ) ) ;
#4092 = DIRECTION ( 'NONE',  ( 0.0000000000000000000, 1.000000000000000000, 0.0000000000000000000 ) ) ;
#4093 = EDGE_CURVE ( 'NONE', #5297, #2101, #2127, .T. ) ;
#4094 = DIRECTION ( 'NONE',  ( 0.0000000000000000000, 0.0000000000000000000, -1.000000000000000000 ) ) ;
#4095 = ORIENTED_EDGE ( 'NONE', *, *, #2805, .T. ) ;
#4096 = ORIENTED_EDGE ( 'NONE', *, *, #5005, .T. ) ;
#4097 = PRESENTATION_STYLE_ASSIGNMENT (( #1129 ) ) ;
#4098 = SURFACE_STYLE_FILL_AREA ( #4187 ) ;
#4099 = CARTESIAN_POINT ( 'NONE',  ( -0.4345673344069682642, 0.04769495268324634718, -0.7220771969311580163 ) ) ;
#4100 = ORIENTED_EDGE ( 'NONE', *, *, #3661, .T. ) ;
#4101 = PLANE ( 'NONE',  #421 ) ;
#4102 = ORIENTED_EDGE ( 'NONE', *, *, #2203, .T. ) ;
#4103 = UNCERTAINTY_MEASURE_WITH_UNIT (LENGTH_MEASURE( 1.000000000000000082E-05 ), #237, 'distance_accuracy_value', 'NONE');
#4104 = CARTESIAN_POINT ( 'NONE',  ( 0.5000000000000001110, 0.5000000000000000000, -1.148425196850393792 ) ) ;
#4105 = CARTESIAN_POINT ( 'NONE',  ( -0.4173228346456693827, 0.3070866141732282451, -0.07086614173228347746 ) ) ;
#4106 = LINE ( 'NONE', #1661, #2303 ) ;
#4107 = ORIENTED_EDGE ( 'NONE', *, *, #1524, .T. ) ;
#4108 = ORIENTED_EDGE ( 'NONE', *, *, #4066, .T. ) ;
#4109 = CARTESIAN_POINT ( 'NONE',  ( -0.4448818897637797365, 0.001771933957542390055, -0.7834645669291339098 ) ) ;
#4110 = ADVANCED_FACE ( 'NONE', ( #5260 ), #4796, .F. ) ;
#4111 = PRODUCT_DEFINITION_CONTEXT ( 'detailed design', #5300, 'design' ) ;
#4112 = CARTESIAN_POINT ( 'NONE',  ( 0.4685039370078740717, 0.3070866141732282451, -0.2086614173228346081 ) ) ;
#4113 = CARTESIAN_POINT ( 'NONE',  ( 0.4448818897637792924, 0.5000000000000000000, -0.5708661417322835607 ) ) ;
#4114 = DIRECTION ( 'NONE',  ( -1.000000000000000000, 0.0000000000000000000, 0.0000000000000000000 ) ) ;
#4115 = DIRECTION ( 'NONE',  ( -1.000000000000000000, 0.0000000000000000000, 1.239088197126286133E-15 ) ) ;
#4116 = ORIENTED_EDGE ( 'NONE', *, *, #37, .F. ) ;
#4117 = EDGE_LOOP ( 'NONE', ( #1036, #2468, #1933, #703, #2428, #4570, #4627, #1586 ) ) ;
#4118 = PLANE ( 'NONE',  #160 ) ;
#4119 = EDGE_CURVE ( 'NONE', #3953, #3716, #3606, .T. ) ;
#4120 = CARTESIAN_POINT ( 'NONE',  ( 0.4291338582677159397, 0.04724409448818895491, -0.9918433198042341248 ) ) ;
#4121 = LINE ( 'NONE', #123, #3610 ) ;
#4122 = DIRECTION ( 'NONE',  ( 0.0000000000000000000, 1.000000000000000000, 0.0000000000000000000 ) ) ;
#4123 = ORIENTED_EDGE ( 'NONE', *, *, #2933, .F. ) ;
#4124 = LINE ( 'NONE', #1215, #2844 ) ;
#4125 = CYLINDRICAL_SURFACE ( 'NONE', #2542, 0.07086614173228344971 ) ;
#4126 = AXIS2_PLACEMENT_3D ( 'NONE', #1442, #2937, #3408 ) ;
#4127 = EDGE_CURVE ( 'NONE', #2060, #2977, #4876, .T. ) ;
#4128 = ORIENTED_EDGE ( 'NONE', *, *, #83, .F. ) ;
#4129 = CARTESIAN_POINT ( 'NONE',  ( 0.0000000000000000000, 0.0000000000000000000, 0.0000000000000000000 ) ) ;
#4130 = AXIS2_PLACEMENT_3D ( 'NONE', #4824, #3186, #248 ) ;
#4131 = EDGE_LOOP ( 'NONE', ( #4153, #776, #4903, #2871 ) ) ;
#4132 = VECTOR ( 'NONE', #309, 39.37007874015748143 ) ;
#4133 = CARTESIAN_POINT ( 'NONE',  ( 0.4212598425196851237, 0.4393700787401574881, 0.1822834645669292597 ) ) ;
#4134 = CARTESIAN_POINT ( 'NONE',  ( -0.3661417322834646382, 0.04724409448818897572, 0.03149606299212598381 ) ) ;
#4135 = CARTESIAN_POINT ( 'NONE',  ( -0.5000000000000001110, 0.0000000000000000000, -1.148425196850393792 ) ) ;
#4136 = CIRCLE ( 'NONE', #4048, 0.05642890064205360184 ) ;
#4137 = ORIENTED_EDGE ( 'NONE', *, *, #2239, .T. ) ;
#4138 = EDGE_LOOP ( 'NONE', ( #3136, #3288, #2695, #3555 ) ) ;
#4139 = FILL_AREA_STYLE ('',( #873 ) ) ;
#4140 = CARTESIAN_POINT ( 'NONE',  ( -0.4572895544031854720, 0.4393700787401574881, 0.08637436552293091541 ) ) ;
#4141 = AXIS2_PLACEMENT_3D ( 'NONE', #1548, #3699, #1170 ) ;
#4142 = FACE_OUTER_BOUND ( 'NONE', #177, .T. ) ;
#4143 = CARTESIAN_POINT ( 'NONE',  ( -0.4291338582677166058, 0.0000000000000000000, -1.148425196850393792 ) ) ;
#4144 = EDGE_CURVE ( 'NONE', #3502, #3628, #5214, .T. ) ;
#4145 = ORIENTED_EDGE ( 'NONE', *, *, #5194, .F. ) ;
#4146 = VERTEX_POINT ( 'NONE', #617 ) ;
#4147 = AXIS2_PLACEMENT_3D ( 'NONE', #5376, #2011, #2368 ) ;
#4148 = PLANE ( 'NONE',  #4059 ) ;
#4149 = VECTOR ( 'NONE', #3065, 39.37007874015748143 ) ;
#4150 = FACE_OUTER_BOUND ( 'NONE', #3076, .T. ) ;
#4151 = LENGTH_MEASURE_WITH_UNIT ( LENGTH_MEASURE( 0.02539999999999999897 ), #2059 );
#4152 = ADVANCED_FACE ( 'NONE', ( #2337 ), #2361, .F. ) ;
#4153 = ORIENTED_EDGE ( 'NONE', *, *, #3928, .F. ) ;
#4154 = CARTESIAN_POINT ( 'NONE',  ( -0.5000000000000001110, 0.0000000000000000000, -1.148425196850393792 ) ) ;
#4155 = CARTESIAN_POINT ( 'NONE',  ( 0.4448818897637792924, 0.001771933957542275347, -0.5708661417322835607 ) ) ;
#4156 = VECTOR ( 'NONE', #2842, 39.37007874015748143 ) ;
#4157 = ORIENTED_EDGE ( 'NONE', *, *, #4216, .F. ) ;
#4158 = FACE_OUTER_BOUND ( 'NONE', #3829, .T. ) ;
#4159 = CARTESIAN_POINT ( 'NONE',  ( 0.4527559055118111075, 0.3070866141732282451, -0.2086614173228346081 ) ) ;
#4160 = EDGE_CURVE ( 'NONE', #2207, #2408, #592, .T. ) ;
#4161 = VERTEX_POINT ( 'NONE', #3153 ) ;
#4162 = CARTESIAN_POINT ( 'NONE',  ( -0.4212598425196851237, 0.3838582677165353618, -0.07086614173228346358 ) ) ;
#4163 = CARTESIAN_POINT ( 'NONE',  ( -0.4291338582677165503, 0.04724409448818898266, -0.9918433198042344578 ) ) ;
#4164 = VECTOR ( 'NONE', #1954, 39.37007874015748143 ) ;
#4165 = DIRECTION ( 'NONE',  ( 0.0000000000000000000, 1.000000000000000000, 0.0000000000000000000 ) ) ;
#4166 = ADVANCED_FACE ( 'NONE', ( #1431 ), #3102, .F. ) ;
#4167 = CARTESIAN_POINT ( 'NONE',  ( -0.4394393639245643413, 0.0005314671934754663192, -0.9960629921259843700 ) ) ;
#4168 = ORIENTED_EDGE ( 'NONE', *, *, #313, .T. ) ;
#4169 = ORIENTED_EDGE ( 'NONE', *, *, #3695, .F. ) ;
#4170 = AXIS2_PLACEMENT_3D ( 'NONE', #5268, #4027, #274 ) ;
#4171 = CARTESIAN_POINT ( 'NONE',  ( -0.4527559055118111075, 0.3838582677165353618, -0.07086614173228346358 ) ) ;
#4172 = VECTOR ( 'NONE', #4564, 39.37007874015748143 ) ;
#4173 = CARTESIAN_POINT ( 'NONE',  ( 0.4527559055118111075, 0.5000000000000000000, -1.148425196850393792 ) ) ;
#4174 = CARTESIAN_POINT ( 'NONE',  ( 0.4527559055118111075, 0.07086614173228344971, -0.5078740157480315931 ) ) ;
#4175 = AXIS2_PLACEMENT_3D ( 'NONE', #3806, #1704, #3379 ) ;
#4176 = AXIS2_PLACEMENT_3D ( 'NONE', #1641, #4996, #3398 ) ;
#4177 = FACE_OUTER_BOUND ( 'NONE', #555, .T. ) ;
#4178 = VERTEX_POINT ( 'NONE', #1114 ) ;
#4179 = ORIENTED_EDGE ( 'NONE', *, *, #3473, .F. ) ;
#4180 = CIRCLE ( 'NONE', #1538, 0.05642890064205360184 ) ;
#4181 = DIRECTION ( 'NONE',  ( 0.0000000000000000000, -1.000000000000000000, 0.0000000000000000000 ) ) ;
#4182 = EDGE_CURVE ( 'NONE', #3617, #1252, #3639, .T. ) ;
#4183 = DIMENSIONAL_EXPONENTS ( 1.000000000000000000, 0.0000000000000000000, 0.0000000000000000000, 0.0000000000000000000, 0.0000000000000000000, 0.0000000000000000000, 0.0000000000000000000 ) ;
#4184 = CARTESIAN_POINT ( 'NONE',  ( 0.4426322985307421520, 0.05124721169631753226, -0.5078740157480315931 ) ) ;
#4185 = AXIS2_PLACEMENT_3D ( 'NONE', #4660, #838, #2958 ) ;
#4186 = EDGE_LOOP ( 'NONE', ( #4615, #4901, #1284, #5306 ) ) ;
#4187 = FILL_AREA_STYLE ('',( #5421 ) ) ;
#4188 = DIRECTION ( 'NONE',  ( 0.0000000000000000000, 0.0000000000000000000, 1.000000000000000000 ) ) ;
#4189 = CARTESIAN_POINT ( 'NONE',  ( -0.4291338582677166058, 0.04724409448818898266, -0.2994952628729311561 ) ) ;
#4190 = ADVANCED_FACE ( 'NONE', ( #4492 ), #5348, .F. ) ;
#4191 = LINE ( 'NONE', #4244, #3278 ) ;
#4192 = ORIENTED_EDGE ( 'NONE', *, *, #4659, .F. ) ;
#4193 = EDGE_LOOP ( 'NONE', ( #1805, #5177, #5046, #2772 ) ) ;
#4194 = EDGE_CURVE ( 'NONE', #613, #1205, #2921, .T. ) ;
#4195 = PLANE ( 'NONE',  #4707 ) ;
#4196 = DIRECTION ( 'NONE',  ( -1.239088197126286133E-15, -0.0000000000000000000, -1.000000000000000000 ) ) ;
#4197 = CARTESIAN_POINT ( 'NONE',  ( -0.4291338582677166058, 0.04724409448818898266, -0.5120936880697816163 ) ) ;
#4198 = CARTESIAN_POINT ( 'NONE',  ( -0.4685039370078740717, 0.3070866141732282451, -0.2086614173228346081 ) ) ;
#4199 = VERTEX_POINT ( 'NONE', #527 ) ;
#4200 = ORIENTED_EDGE ( 'NONE', *, *, #4233, .T. ) ;
#4201 = CARTESIAN_POINT ( 'NONE',  ( 0.5000000000000001110, -6.829619984160658046E-17, -0.3582677165354331006 ) ) ;
#4202 = EDGE_CURVE ( 'NONE', #2014, #1519, #3906, .T. ) ;
#4203 = LINE ( 'NONE', #1255, #1107 ) ;
#4204 = CARTESIAN_POINT ( 'NONE',  ( 0.5000000000000001110, 0.5000000000000000000, -1.148425196850393792 ) ) ;
#4205 = CARTESIAN_POINT ( 'NONE',  ( -0.4921259842519686845, 0.4393700787401574881, 0.1562437013337370784 ) ) ;
#4206 = ORIENTED_EDGE ( 'NONE', *, *, #568, .T. ) ;
#4207 = EDGE_LOOP ( 'NONE', ( #710, #2363, #2511, #51 ) ) ;
#4208 = CARTESIAN_POINT ( 'NONE',  ( 0.4173228346456693827, 0.3838582677165353618, -0.2086614173228346636 ) ) ;
#4209 = DIRECTION ( 'NONE',  ( -0.0000000000000000000, -0.0000000000000000000, -1.000000000000000000 ) ) ;
#4210 = CARTESIAN_POINT ( 'NONE',  ( -0.4212598425196851237, 0.0000000000000000000, 0.0000000000000000000 ) ) ;
#4211 = ORIENTED_EDGE ( 'NONE', *, *, #3803, .T. ) ;
#4212 = CARTESIAN_POINT ( 'NONE',  ( 0.4448818897637792924, -6.829619984160658046E-17, -0.9960629921259842590 ) ) ;
#4213 =( NAMED_UNIT ( * ) PLANE_ANGLE_UNIT ( ) SI_UNIT ( $, .RADIAN. ) );
#4214 = PLANE ( 'NONE',  #1449 ) ;
#4215 = CARTESIAN_POINT ( 'NONE',  ( 0.4448818897637792924, 0.001771933957542275347, -0.9960629921259843700 ) ) ;
#4216 = EDGE_CURVE ( 'NONE', #4394, #1377, #4341, .T. ) ;
#4217 = VERTEX_POINT ( 'NONE', #150 ) ;
#4218 = ORIENTED_EDGE ( 'NONE', *, *, #1564, .F. ) ;
#4219 = CARTESIAN_POINT ( 'NONE',  ( -0.4291338582677166058, 0.07086614173228347746, 0.0000000000000000000 ) ) ;
#4220 =( GEOMETRIC_REPRESENTATION_CONTEXT ( 3 ) GLOBAL_UNCERTAINTY_ASSIGNED_CONTEXT ( ( #4441 ) ) GLOBAL_UNIT_ASSIGNED_CONTEXT ( ( #2583, #197, #1269 ) ) REPRESENTATION_CONTEXT ( 'NONE', 'WORKASPACE' ) );
#4221 = CARTESIAN_POINT ( 'NONE',  ( -0.4173228346456693827, 0.3838582677165353618, -0.2086614173228346636 ) ) ;
#4222 = DIRECTION ( 'NONE',  ( 0.0000000000000000000, 1.000000000000000000, -7.905640841040136087E-17 ) ) ;
#4223 = ADVANCED_FACE ( 'NONE', ( #1801 ), #5159, .F. ) ;
#4224 = ORIENTED_EDGE ( 'NONE', *, *, #2409, .F. ) ;
#4225 = EDGE_LOOP ( 'NONE', ( #1347, #2623, #1769, #4582, #4304, #977 ) ) ;
#4226 = SURFACE_STYLE_USAGE ( .BOTH. , #1610 ) ;
#4227 = PLANE ( 'NONE',  #1969 ) ;
#4228 = CARTESIAN_POINT ( 'NONE',  ( -0.4527559055118111075, 0.5000000000000000000, -1.148425196850393792 ) ) ;
#4229 = DIRECTION ( 'NONE',  ( 1.000000000000000000, 0.0000000000000000000, 0.0000000000000000000 ) ) ;
#4230 = VECTOR ( 'NONE', #4551, 39.37007874015748143 ) ;
#4231 = CARTESIAN_POINT ( 'NONE',  ( 0.4212598425196851237, 0.2303149606299212948, -0.2716535433070865757 ) ) ;
#4232 = SURFACE_STYLE_FILL_AREA ( #5183 ) ;
#4233 = EDGE_CURVE ( 'NONE', #4332, #3396, #1250, .T. ) ;
#4234 = ORIENTED_EDGE ( 'NONE', *, *, #900, .F. ) ;
#4235 = ORIENTED_EDGE ( 'NONE', *, *, #364, .F. ) ;
#4236 = AXIS2_PLACEMENT_3D ( 'NONE', #5391, #2134, #875 ) ;
#4237 = CARTESIAN_POINT ( 'NONE',  ( 0.4448818897637792924, 0.0000000000000000000, -0.9645669291338583307 ) ) ;
#4238 = CARTESIAN_POINT ( 'NONE',  ( 0.4317462034815178207, 0.04724409448818887858, -0.5105854498573768607 ) ) ;
#4239 = ORIENTED_EDGE ( 'NONE', *, *, #5330, .F. ) ;
#4240 = CARTESIAN_POINT ( 'NONE',  ( -0.4448818897637797365, 0.05325930726378131502, -0.7834645669291339098 ) ) ;
#4241 = SURFACE_STYLE_USAGE ( .BOTH. , #85 ) ;
#4242 = CARTESIAN_POINT ( 'NONE',  ( -0.4685039370078740717, 0.3070866141732282451, -0.2086614173228346081 ) ) ;
#4243 = AXIS2_PLACEMENT_3D ( 'NONE', #887, #5011, #4639 ) ;
#4244 = CARTESIAN_POINT ( 'NONE',  ( 0.4527559055118111075, 0.3606299212598426118, 0.1822834645669292597 ) ) ;
#4245 = VECTOR ( 'NONE', #736, 39.37007874015748143 ) ;
#4246 = ORIENTED_EDGE ( 'NONE', *, *, #1698, .T. ) ;
#4247 = CARTESIAN_POINT ( 'NONE',  ( -0.4173228346456693827, 0.3838582677165353618, -0.07086614173228346358 ) ) ;
#4248 = ADVANCED_FACE ( 'NONE', ( #1576 ), #3217, .F. ) ;
#4249 = CARTESIAN_POINT ( 'NONE',  ( -0.4291338582677166058, 0.0000000000000000000, 0.0000000000000000000 ) ) ;
#4250 = PLANE ( 'NONE',  #3746 ) ;
#4251 = DIRECTION ( 'NONE',  ( 0.0000000000000000000, 0.0000000000000000000, -1.000000000000000000 ) ) ;
#4252 = ORIENTED_EDGE ( 'NONE', *, *, #1559, .T. ) ;
#4253 = ORIENTED_EDGE ( 'NONE', *, *, #1605, .T. ) ;
#4254 = FACE_OUTER_BOUND ( 'NONE', #77, .T. ) ;
#4255 = AXIS2_PLACEMENT_3D ( 'NONE', #4820, #4377, #1054 ) ;
#4256 = PLANE ( 'NONE',  #5314 ) ;
#4257 = EDGE_CURVE ( 'NONE', #2252, #3112, #729, .T. ) ;
#4258 = DIRECTION ( 'NONE',  ( -1.210305341137709189E-15, 0.0000000000000000000, -1.000000000000000000 ) ) ;
#4259 = CARTESIAN_POINT ( 'NONE',  ( -0.5007640645383754086, 0.4393700787401574881, 0.1616744259112477544 ) ) ;
#4260 = CARTESIAN_POINT ( 'NONE',  ( 0.5000000000000001110, 0.5000000000000000000, -0.5708661417322835607 ) ) ;
#4261 = ORIENTED_EDGE ( 'NONE', *, *, #1926, .T. ) ;
#4262 = VECTOR ( 'NONE', #866, 39.37007874015748143 ) ;
#4263 = VECTOR ( 'NONE', #3773, 39.37007874015748143 ) ;
#4264 = ORIENTED_EDGE ( 'NONE', *, *, #3644, .F. ) ;
#4265 = LENGTH_MEASURE_WITH_UNIT ( LENGTH_MEASURE( 0.02539999999999999897 ), #2929 );
#4266 = ADVANCED_FACE ( 'NONE', ( #4086 ), #2835, .T. ) ;
#4267 = AXIS2_PLACEMENT_3D ( 'NONE', #3081, #5105, #3004 ) ;
#4268 = DIRECTION ( 'NONE',  ( 0.0000000000000000000, 1.000000000000000000, 0.0000000000000000000 ) ) ;
#4269 = VECTOR ( 'NONE', #5093, 39.37007874015748143 ) ;
#4270 = CARTESIAN_POINT ( 'NONE',  ( -0.4212598425196851237, 0.2303149606299212948, -0.2716535433070865757 ) ) ;
#4271 = ORIENTED_EDGE ( 'NONE', *, *, #1344, .F. ) ;
#4272 = VECTOR ( 'NONE', #711, 39.37007874015748143 ) ;
#4273 = FACE_OUTER_BOUND ( 'NONE', #4207, .T. ) ;
#4274 = EDGE_CURVE ( 'NONE', #2419, #4146, #2862, .T. ) ;
#4275 = CARTESIAN_POINT ( 'NONE',  ( 0.4173228346456693827, 0.3838582677165353618, -0.07086614173228346358 ) ) ;
#4276 = DIRECTION ( 'NONE',  ( -1.000000000000000000, 0.0000000000000000000, 1.927470528863119344E-15 ) ) ;
#4277 = VERTEX_POINT ( 'NONE', #1084 ) ;
#4278 = ORIENTED_EDGE ( 'NONE', *, *, #2506, .F. ) ;
#4279 = CARTESIAN_POINT ( 'NONE',  ( -0.4212598425196851237, 0.3070866141732282451, -0.2086614173228346081 ) ) ;
#4280 = CARTESIAN_POINT ( 'NONE',  ( -0.4448818897637797365, 0.05325930726378131502, -0.9330708661417322913 ) ) ;
#4281 = ORIENTED_EDGE ( 'NONE', *, *, #3579, .F. ) ;
#4282 = ORIENTED_EDGE ( 'NONE', *, *, #534, .T. ) ;
#4283 = FACE_OUTER_BOUND ( 'NONE', #3036, .T. ) ;
#4284 = LINE ( 'NONE', #5103, #575 ) ;
#4285 = DIRECTION ( 'NONE',  ( -0.5000000000000009992, 0.0000000000000000000, -0.8660254037844380415 ) ) ;
#4286 = CARTESIAN_POINT ( 'NONE',  ( -0.4291338582677166058, 0.07086614173228347746, -0.3582677165354331006 ) ) ;
#4287 = ORIENTED_EDGE ( 'NONE', *, *, #4930, .F. ) ;
#4288 = ORIENTED_EDGE ( 'NONE', *, *, #1534, .F. ) ;
#4289 = EDGE_CURVE ( 'NONE', #4562, #2419, #4874, .T. ) ;
#4290 = LINE ( 'NONE', #2490, #1187 ) ;
#4291 = CARTESIAN_POINT ( 'NONE',  ( 0.4288198816980922645, 0.4393700787401574881, 0.03706344592285269746 ) ) ;
#4292 = DIMENSIONAL_EXPONENTS ( 1.000000000000000000, 0.0000000000000000000, 0.0000000000000000000, 0.0000000000000000000, 0.0000000000000000000, 0.0000000000000000000, 0.0000000000000000000 ) ;
#4293 = EDGE_LOOP ( 'NONE', ( #5168, #1804, #2253, #2453 ) ) ;
#4294 = EDGE_CURVE ( 'NONE', #651, #2228, #1112, .T. ) ;
#4295 = CARTESIAN_POINT ( 'NONE',  ( -0.4527559055118111075, 0.5000000000000000000, -0.9330708661417322913 ) ) ;
#4296 = SURFACE_STYLE_USAGE ( .BOTH. , #537 ) ;
#4297 = DIRECTION ( 'NONE',  ( 0.0000000000000000000, 0.0000000000000000000, 1.000000000000000000 ) ) ;
#4298 = EDGE_CURVE ( 'NONE', #1712, #2207, #1402, .T. ) ;
#4299 = EDGE_LOOP ( 'NONE', ( #4710, #4693, #4047, #4610 ) ) ;
#4300 = VERTEX_POINT ( 'NONE', #2798 ) ;
#4301 = DIRECTION ( 'NONE',  ( 0.0000000000000000000, 0.0000000000000000000, -1.000000000000000000 ) ) ;
#4302 = CYLINDRICAL_SURFACE ( 'NONE', #3728, 0.07086614173228344971 ) ;
#4303 = ORIENTED_EDGE ( 'NONE', *, *, #3839, .F. ) ;
#4304 = ORIENTED_EDGE ( 'NONE', *, *, #2702, .F. ) ;
#4305 = LINE ( 'NONE', #1006, #3334 ) ;
#4306 = VECTOR ( 'NONE', #4415, 39.37007874015748143 ) ;
#4307 = CARTESIAN_POINT ( 'NONE',  ( 0.4291338582677159397, 0.04724409448818895491, -0.7246921132666320764 ) ) ;
#4308 = DIRECTION ( 'NONE',  ( 0.0000000000000000000, 0.0000000000000000000, -1.000000000000000000 ) ) ;
#4309 = FACE_OUTER_BOUND ( 'NONE', #4569, .T. ) ;
#4310 = VECTOR ( 'NONE', #2999, 39.37007874015748143 ) ;
#4311 = ORIENTED_EDGE ( 'NONE', *, *, #5411, .T. ) ;
#4312 = EDGE_LOOP ( 'NONE', ( #3295, #1762, #1081, #4923 ) ) ;
#4313 = CARTESIAN_POINT ( 'NONE',  ( 0.4448818897637792924, 0.05325930726378100971, -0.2952755905511810774 ) ) ;
#4314 = AXIS2_PLACEMENT_3D ( 'NONE', #2321, #631, #4892 ) ;
#4315 = DIRECTION ( 'NONE',  ( 0.0000000000000000000, -1.000000000000000000, 4.448008912761042820E-16 ) ) ;
#4316 = EDGE_CURVE ( 'NONE', #363, #257, #4076, .T. ) ;
#4317 =( NAMED_UNIT ( * ) PLANE_ANGLE_UNIT ( ) SI_UNIT ( $, .RADIAN. ) );
#4318 = VERTEX_POINT ( 'NONE', #922 ) ;
#4319 = VECTOR ( 'NONE', #2281, 39.37007874015748143 ) ;
#4320 = DIRECTION ( 'NONE',  ( 0.0000000000000000000, 0.0000000000000000000, -1.000000000000000000 ) ) ;
#4321 = CIRCLE ( 'NONE', #5284, 0.05642890064205358103 ) ;
#4322 = EDGE_CURVE ( 'NONE', #3075, #650, #86, .T. ) ;
#4323 = CARTESIAN_POINT ( 'NONE',  ( 0.4527559055118111075, 0.4393700787401574881, 0.1822834645669292597 ) ) ;
#4324 = FACE_OUTER_BOUND ( 'NONE', #3419, .T. ) ;
#4325 = VERTEX_POINT ( 'NONE', #3843 ) ;
#4326 =( GEOMETRIC_REPRESENTATION_CONTEXT ( 3 ) GLOBAL_UNCERTAINTY_ASSIGNED_CONTEXT ( ( #335 ) ) GLOBAL_UNIT_ASSIGNED_CONTEXT ( ( #262, #2739, #1976 ) ) REPRESENTATION_CONTEXT ( 'NONE', 'WORKASPACE' ) );
#4327 = ORIENTED_EDGE ( 'NONE', *, *, #1369, .T. ) ;
#4328 = EDGE_CURVE ( 'NONE', #919, #2207, #4191, .T. ) ;
#4329 = CARTESIAN_POINT ( 'NONE',  ( 0.0000000000000000000, 0.0000000000000000000, 0.03149606299212598381 ) ) ;
#4330 = CIRCLE ( 'NONE', #727, 0.05642890064205360184 ) ;
#4331 = DIRECTION ( 'NONE',  ( 1.000000000000000000, 0.0000000000000000000, 0.0000000000000000000 ) ) ;
#4332 = VERTEX_POINT ( 'NONE', #485 ) ;
#4333 = EDGE_LOOP ( 'NONE', ( #154, #4976, #3834, #1214 ) ) ;
#4334 = FACE_OUTER_BOUND ( 'NONE', #2391, .T. ) ;
#4335 = DIRECTION ( 'NONE',  ( 0.0000000000000000000, -1.000000000000000000, 0.0000000000000000000 ) ) ;
#4336 = CARTESIAN_POINT ( 'NONE',  ( 0.4527559055118111075, 0.3070866141732282451, -0.07086614173228347746 ) ) ;
#4337 = DIRECTION ( 'NONE',  ( -1.239088197126286133E-15, 0.0000000000000000000, 1.000000000000000000 ) ) ;
#4338 = CARTESIAN_POINT ( 'NONE',  ( -0.4291338582677166058, 0.04724409448818897572, -1.148425196850393792 ) ) ;
#4339 = VERTEX_POINT ( 'NONE', #1737 ) ;
#4340 = VERTEX_POINT ( 'NONE', #56 ) ;
#4341 = CIRCLE ( 'NONE', #3365, 0.07086614173228344971 ) ;
#4342 = CARTESIAN_POINT ( 'NONE',  ( 0.4291338582677159397, 0.04724409448818897572, 0.03149606299212598381 ) ) ;
#4343 = CARTESIAN_POINT ( 'NONE',  ( 0.4527559055118111075, 0.3070866141732282451, -0.07086614173228347746 ) ) ;
#4344 = PLANE ( 'NONE',  #1156 ) ;
#4345 = ORIENTED_EDGE ( 'NONE', *, *, #4390, .T. ) ;
#4346 = LINE ( 'NONE', #3090, #2156 ) ;
#4347 =( GEOMETRIC_REPRESENTATION_CONTEXT ( 3 ) GLOBAL_UNCERTAINTY_ASSIGNED_CONTEXT ( ( #3621 ) ) GLOBAL_UNIT_ASSIGNED_CONTEXT ( ( #5007, #2417, #1565 ) ) REPRESENTATION_CONTEXT ( 'NONE', 'WORKASPACE' ) );
#4348 = VECTOR ( 'NONE', #1206, 39.37007874015748143 ) ;
#4349 = PLANE ( 'NONE',  #69 ) ;
#4350 = CARTESIAN_POINT ( 'NONE',  ( -0.4527559055118111075, 0.3070866141732282451, -0.2086614173228346081 ) ) ;
#4351 = DIRECTION ( 'NONE',  ( 0.0000000000000000000, 1.112002228190260705E-16, -1.000000000000000000 ) ) ;
#4352 = AXIS2_PLACEMENT_3D ( 'NONE', #3786, #897, #2994 ) ;
#4353 = MECHANICAL_DESIGN_GEOMETRIC_PRESENTATION_REPRESENTATION (  '', ( #2588 ), #328 ) ;
#4354 = CARTESIAN_POINT ( 'NONE',  ( -0.4400155395743818310, 0.04969976091641865878, -0.7207243217175797190 ) ) ;
#4355 = EDGE_CURVE ( 'NONE', #878, #3219, #1100, .T. ) ;
#4356 = ORIENTED_EDGE ( 'NONE', *, *, #1571, .T. ) ;
#4357 = ORIENTED_EDGE ( 'NONE', *, *, #509, .F. ) ;
#4358 = EDGE_CURVE ( 'NONE', #3494, #3089, #3781, .T. ) ;
#4359 = DIRECTION ( 'NONE',  ( 1.000000000000000000, 0.0000000000000000000, 0.0000000000000000000 ) ) ;
#4360 = LINE ( 'NONE', #2719, #3101 ) ;
#4361 = CARTESIAN_POINT ( 'NONE',  ( 0.5000000000000001110, 0.07086614173228344971, -1.148425196850393792 ) ) ;
#4362 = ORIENTED_EDGE ( 'NONE', *, *, #2572, .F. ) ;
#4363 = ORIENTED_EDGE ( 'NONE', *, *, #5092, .T. ) ;
#4364 = EDGE_CURVE ( 'NONE', #974, #4525, #5065, .T. ) ;
#4365 = DIRECTION ( 'NONE',  ( -1.000000000000000000, -0.0000000000000000000, -0.0000000000000000000 ) ) ;
#4366 = DIRECTION ( 'NONE',  ( 0.0000000000000000000, -1.239088197126290817E-16, 1.000000000000000000 ) ) ;
#4367 = DIRECTION ( 'NONE',  ( 0.0000000000000000000, -1.000000000000000000, 0.0000000000000000000 ) ) ;
#4368 = VERTEX_POINT ( 'NONE', #2960 ) ;
#4369 = EDGE_LOOP ( 'NONE', ( #2213, #3929, #4679, #1703, #252, #4520, #2934, #952 ) ) ;
#4370 = FACE_OUTER_BOUND ( 'NONE', #4720, .T. ) ;
#4371 = LINE ( 'NONE', #2268, #740 ) ;
#4372 = CARTESIAN_POINT ( 'NONE',  ( -0.4527559055118111075, 0.07086614173228347746, -0.9330708661417322913 ) ) ;
#4373 = SURFACE_SIDE_STYLE ('',( #1425 ) ) ;
#4374 = CARTESIAN_POINT ( 'NONE',  ( 0.4291338582677159397, 0.0000000000000000000, -1.148425196850393792 ) ) ;
#4375 = DIRECTION ( 'NONE',  ( -1.239088197126286133E-15, 0.0000000000000000000, 1.000000000000000000 ) ) ;
#4376 = EDGE_CURVE ( 'NONE', #633, #4405, #3894, .T. ) ;
#4377 = DIRECTION ( 'NONE',  ( 0.0000000000000000000, -1.000000000000000000, 0.0000000000000000000 ) ) ;
#4378 = VERTEX_POINT ( 'NONE', #1349 ) ;
#4379 = ORIENTED_EDGE ( 'NONE', *, *, #965, .F. ) ;
#4380 = PLANE ( 'NONE',  #5094 ) ;
#4381 = CARTESIAN_POINT ( 'NONE',  ( -0.5000000000000001110, 0.04724409448818897572, -1.148425196850393792 ) ) ;
#4382 = DIRECTION ( 'NONE',  ( 0.0000000000000000000, -1.000000000000000000, 0.0000000000000000000 ) ) ;
#4383 = EDGE_CURVE ( 'NONE', #2023, #1836, #5219, .T. ) ;
#4384 = ORIENTED_EDGE ( 'NONE', *, *, #4659, .T. ) ;
#4385 = ORIENTED_EDGE ( 'NONE', *, *, #409, .F. ) ;
#4386 = CARTESIAN_POINT ( 'NONE',  ( -0.5000000000000004441, 0.07086614173228344971, -0.5078740157480315931 ) ) ;
#4387 = LINE ( 'NONE', #3482, #4619 ) ;
#4388 = CARTESIAN_POINT ( 'NONE',  ( -0.4527559055118111075, 0.5000000000000000000, -1.148425196850393792 ) ) ;
#4389 = VECTOR ( 'NONE', #3583, 39.37007874015748143 ) ;
#4390 = EDGE_CURVE ( 'NONE', #2635, #127, #3638, .T. ) ;
#4391 = DIRECTION ( 'NONE',  ( 0.0000000000000000000, 0.0000000000000000000, -1.000000000000000000 ) ) ;
#4392 = EDGE_CURVE ( 'NONE', #5193, #2752, #3338, .T. ) ;
#4393 = ORIENTED_EDGE ( 'NONE', *, *, #509, .T. ) ;
#4394 = VERTEX_POINT ( 'NONE', #3866 ) ;
#4395 = LINE ( 'NONE', #635, #574 ) ;
#4396 = AXIS2_PLACEMENT_3D ( 'NONE', #1057, #1927, #677 ) ;
#4397 = FACE_OUTER_BOUND ( 'NONE', #4138, .T. ) ;
#4398 = DIRECTION ( 'NONE',  ( 1.000000000000000000, 0.0000000000000000000, 0.0000000000000000000 ) ) ;
#4399 = MECHANICAL_DESIGN_GEOMETRIC_PRESENTATION_REPRESENTATION (  '', ( #459 ), #4583 ) ;
#4400 = DIRECTION ( 'NONE',  ( 0.0000000000000000000, 1.000000000000000000, 1.112002228190260705E-16 ) ) ;
#4401 = DIRECTION ( 'NONE',  ( 0.0000000000000000000, 0.0000000000000000000, -1.000000000000000000 ) ) ;
#4402 = ORIENTED_EDGE ( 'NONE', *, *, #1821, .F. ) ;
#4403 = VECTOR ( 'NONE', #1575, 39.37007874015748143 ) ;
#4404 = VECTOR ( 'NONE', #2342, 39.37007874015748143 ) ;
#4405 = VERTEX_POINT ( 'NONE', #3441 ) ;
#4406 = EDGE_LOOP ( 'NONE', ( #682, #1817, #475, #2991 ) ) ;
#4407 = FACE_BOUND ( 'NONE', #3082, .T. ) ;
#4408 = ADVANCED_FACE ( 'NONE', ( #3018, #4716 ), #1785, .F. ) ;
#4409 = CARTESIAN_POINT ( 'NONE',  ( 0.4345559534692969295, 0.04769230170708487621, -0.7220810656635502367 ) ) ;
#4410 = AXIS2_PLACEMENT_3D ( 'NONE', #4275, #1784, #971 ) ;
#4411 = LENGTH_MEASURE_WITH_UNIT ( LENGTH_MEASURE( 0.02539999999999999897 ), #1034 );
#4412 = ORIENTED_EDGE ( 'NONE', *, *, #2354, .F. ) ;
#4413 = ORIENTED_EDGE ( 'NONE', *, *, #471, .F. ) ;
#4414 = VECTOR ( 'NONE', #3425, 39.37007874015748143 ) ;
#4415 = DIRECTION ( 'NONE',  ( 0.0000000000000000000, 1.000000000000000000, 0.0000000000000000000 ) ) ;
#4416 = B_SPLINE_CURVE_WITH_KNOTS ( 'NONE', 3,
 ( #4911, #3254, #1124, #2815 ),
 .UNSPECIFIED., .F., .F.,
 ( 4, 4 ),
 ( 1.597468188317061335E-21, 0.0004192949315278238047 ),
 .UNSPECIFIED. ) ;
#4417 = EDGE_CURVE ( 'NONE', #963, #2154, #3515, .T. ) ;
#4418 = FACE_OUTER_BOUND ( 'NONE', #2978, .T. ) ;
#4419 = LINE ( 'NONE', #1417, #1949 ) ;
#4420 = DIRECTION ( 'NONE',  ( 0.5000000000000009992, 0.0000000000000000000, 0.8660254037844380415 ) ) ;
#4421 = ORIENTED_EDGE ( 'NONE', *, *, #1830, .F. ) ;
#4422 = VERTEX_POINT ( 'NONE', #4428 ) ;
#4423 = PLANE ( 'NONE',  #3100 ) ;
#4424 = ADVANCED_FACE ( 'NONE', ( #2331 ), #3544, .T. ) ;
#4425 = VECTOR ( 'NONE', #3394, 39.37007874015748143 ) ;
#4426 = CARTESIAN_POINT ( 'NONE',  ( -0.4339682009560755782, 1.600677837041919853E-17, -0.9344994294110032795 ) ) ;
#4427 = CYLINDRICAL_SURFACE ( 'NONE', #3462, 0.07086614173228344971 ) ;
#4428 = CARTESIAN_POINT ( 'NONE',  ( -0.4173228346456693827, 0.3838582677165353618, -0.07086614173228346358 ) ) ;
#4429 = AXIS2_PLACEMENT_3D ( 'NONE', #2951, #1180, #1291 ) ;
#4430 = AXIS2_PLACEMENT_3D ( 'NONE', #307, #4937, #797 ) ;
#4431 = CYLINDRICAL_SURFACE ( 'NONE', #4718, 0.03149606299212599769 ) ;
#4432 = ADVANCED_FACE ( 'NONE', ( #4324 ), #5172, .T. ) ;
#4433 = ORIENTED_EDGE ( 'NONE', *, *, #4607, .F. ) ;
#4434 = DIRECTION ( 'NONE',  ( -0.5000000000000051070, 0.0000000000000000000, -0.8660254037844357100 ) ) ;
#4435 = VECTOR ( 'NONE', #2497, 39.37007874015748143 ) ;
#4436 = AXIS2_PLACEMENT_3D ( 'NONE', #3784, #2043, #489 ) ;
#4437 = DIRECTION ( 'NONE',  ( 1.000000000000000000, 0.0000000000000000000, 0.0000000000000000000 ) ) ;
#4438 = ORIENTED_EDGE ( 'NONE', *, *, #1952, .T. ) ;
#4439 = EDGE_LOOP ( 'NONE', ( #3882, #5270, #3475, #3657 ) ) ;
#4440 = CARTESIAN_POINT ( 'NONE',  ( -0.4448818897637797365, 0.04724409448818897572, -0.9645669291338583307 ) ) ;
#4441 = UNCERTAINTY_MEASURE_WITH_UNIT (LENGTH_MEASURE( 1.000000000000000082E-05 ), #2583, 'distance_accuracy_value', 'NONE');
#4442 = CARTESIAN_POINT ( 'NONE',  ( -0.4400049300502926752, 0.04969432612316355274, -0.3580142397176377944 ) ) ;
#4443 = CARTESIAN_POINT ( 'NONE',  ( 0.4527559055118111075, 0.2303149606299212948, -0.2716535433070865757 ) ) ;
#4444 = COLOUR_RGB ( '',0.7529411764705882248, 0.7529411764705882248, 0.7529411764705882248 ) ;
#4445 =( NAMED_UNIT ( * ) SI_UNIT ( $, .STERADIAN. ) SOLID_ANGLE_UNIT ( ) );
#4446 = ORIENTED_EDGE ( 'NONE', *, *, #114, .F. ) ;
#4447 = VERTEX_POINT ( 'NONE', #163 ) ;
#4448 = VECTOR ( 'NONE', #1919, 39.37007874015748143 ) ;
#4449 = LINE ( 'NONE', #4890, #4956 ) ;
#4450 = DIRECTION ( 'NONE',  ( 0.0000000000000000000, -4.448008912761042820E-16, -1.000000000000000000 ) ) ;
#4451 = PLANE ( 'NONE',  #4675 ) ;
#4452 = ADVANCED_FACE ( 'NONE', ( #4764 ), #998, .T. ) ;
#4453 = EDGE_LOOP ( 'NONE', ( #5393, #674, #4446, #4588, #1147 ) ) ;
#4454 = ORIENTED_EDGE ( 'NONE', *, *, #1451, .T. ) ;
#4455 = DIRECTION ( 'NONE',  ( 0.0000000000000000000, 0.0000000000000000000, 1.000000000000000000 ) ) ;
#4456 = DIRECTION ( 'NONE',  ( 0.0000000000000000000, 0.0000000000000000000, -1.000000000000000000 ) ) ;
#4457 = DIRECTION ( 'NONE',  ( 0.0000000000000000000, 0.0000000000000000000, 1.000000000000000000 ) ) ;
#4458 = FACE_OUTER_BOUND ( 'NONE', #3536, .T. ) ;
#4459 = FILL_AREA_STYLE_COLOUR ( '', #2993 ) ;
#4460 = EDGE_CURVE ( 'NONE', #4811, #1626, #3883, .T. ) ;
#4461 = FACE_OUTER_BOUND ( 'NONE', #1217, .T. ) ;
#4462 = EDGE_LOOP ( 'NONE', ( #1341, #4742, #3012, #2952 ) ) ;
#4463 = FACE_OUTER_BOUND ( 'NONE', #1962, .T. ) ;
#4464 = ADVANCED_FACE ( 'NONE', ( #4975 ), #3741, .F. ) ;
#4465 = CARTESIAN_POINT ( 'NONE',  ( 0.4527559055118111075, 0.4393700787401574881, 0.008848995601825804594 ) ) ;
#4466 = ORIENTED_EDGE ( 'NONE', *, *, #891, .F. ) ;
#4467 = ORIENTED_EDGE ( 'NONE', *, *, #701, .T. ) ;
#4468 = CARTESIAN_POINT ( 'NONE',  ( 0.4685039370078740717, 0.3838582677165353618, -0.07086614173228346358 ) ) ;
#4469 = CARTESIAN_POINT ( 'NONE',  ( 0.4448818897637792924, 0.001771933957542273178, -0.7834645669291339098 ) ) ;
#4470 = CARTESIAN_POINT ( 'NONE',  ( -0.4212598425196851237, 0.3070866141732282451, -0.07086614173228347746 ) ) ;
#4471 =( NAMED_UNIT ( * ) PLANE_ANGLE_UNIT ( ) SI_UNIT ( $, .RADIAN. ) );
#4472 = PLANE ( 'NONE',  #1709 ) ;
#4473 = EDGE_LOOP ( 'NONE', ( #1870, #2053, #33, #2399, #1697, #4454 ) ) ;
#4474 = ORIENTED_EDGE ( 'NONE', *, *, #3511, .T. ) ;
#4475 = CARTESIAN_POINT ( 'NONE',  ( -0.4339682009560755782, 1.087122428076714116E-17, -0.7219010042141528194 ) ) ;
#4476 = CARTESIAN_POINT ( 'NONE',  ( 0.4527559055118111075, 0.5000000000000000000, -0.9960629921259842590 ) ) ;
#4477 = DIRECTION ( 'NONE',  ( 0.0000000000000000000, 0.0000000000000000000, -1.000000000000000000 ) ) ;
#4478 = DIRECTION ( 'NONE',  ( -0.0000000000000000000, 1.000000000000000000, 0.0000000000000000000 ) ) ;
#4479 = VERTEX_POINT ( 'NONE', #3708 ) ;
#4480 = ORIENTED_EDGE ( 'NONE', *, *, #114, .T. ) ;
#4481 = DIRECTION ( 'NONE',  ( 1.000000000000000000, 0.0000000000000000000, -0.0000000000000000000 ) ) ;
#4482 = FACE_OUTER_BOUND ( 'NONE', #3941, .T. ) ;
#4483 = EDGE_CURVE ( 'NONE', #1121, #4662, #1619, .T. ) ;
#4484 = CARTESIAN_POINT ( 'NONE',  ( -0.5000000000000004441, -6.829619984160658046E-17, -0.5078740157480315931 ) ) ;
#4485 = PRESENTATION_STYLE_ASSIGNMENT (( #3633 ) ) ;
#4486 = CARTESIAN_POINT ( 'NONE',  ( -0.4212598425196851237, 0.2303149606299212948, -0.2716535433070865757 ) ) ;
#4487 = CARTESIAN_POINT ( 'NONE',  ( -0.4317475460355931216, 0.04724409448816417612, -0.7231830999302564233 ) ) ;
#4488 = ORIENTED_EDGE ( 'NONE', *, *, #3918, .T. ) ;
#4489 = ADVANCED_FACE ( 'NONE', ( #5415 ), #40, .T. ) ;
#4490 =( GEOMETRIC_REPRESENTATION_CONTEXT ( 3 ) GLOBAL_UNCERTAINTY_ASSIGNED_CONTEXT ( ( #3999 ) ) GLOBAL_UNIT_ASSIGNED_CONTEXT ( ( #5323, #3106, #2689 ) ) REPRESENTATION_CONTEXT ( 'NONE', 'WORKASPACE' ) );
#4491 = FILL_AREA_STYLE ('',( #3637 ) ) ;
#4492 = FACE_OUTER_BOUND ( 'NONE', #608, .T. ) ;
#4493 = ORIENTED_EDGE ( 'NONE', *, *, #1660, .F. ) ;
#4494 = AXIS2_PLACEMENT_3D ( 'NONE', #5210, #3053, #2692 ) ;
#4495 = CARTESIAN_POINT ( 'NONE',  ( -0.4527559055118111075, 0.0000000000000000000, -1.148425196850393792 ) ) ;
#4496 = ADVANCED_FACE ( 'NONE', ( #1727 ), #3341, .F. ) ;
#4497 = UNCERTAINTY_MEASURE_WITH_UNIT (LENGTH_MEASURE( 1.000000000000000082E-05 ), #55, 'distance_accuracy_value', 'NONE');
#4498 = CARTESIAN_POINT ( 'NONE',  ( -0.4921259842519687400, 0.3606299212598426118, 0.09884078434789472789 ) ) ;
#4499 = DIRECTION ( 'NONE',  ( 0.0000000000000000000, 0.0000000000000000000, 1.000000000000000000 ) ) ;
#4500 = MECHANICAL_DESIGN_GEOMETRIC_PRESENTATION_REPRESENTATION (  '', ( #4845 ), #1682 ) ;
#4501 = CARTESIAN_POINT ( 'NONE',  ( 0.4448818897637792924, -6.829619984160658046E-17, -0.9645669291338583307 ) ) ;
#4502 = EDGE_LOOP ( 'NONE', ( #3805, #1595, #2495, #17 ) ) ;
#4503 = ORIENTED_EDGE ( 'NONE', *, *, #4160, .F. ) ;
#4504 = DIRECTION ( 'NONE',  ( 0.0000000000000000000, -1.000000000000000000, 4.448008912761042820E-16 ) ) ;
#4505 =( GEOMETRIC_REPRESENTATION_CONTEXT ( 3 ) GLOBAL_UNCERTAINTY_ASSIGNED_CONTEXT ( ( #4497 ) ) GLOBAL_UNIT_ASSIGNED_CONTEXT ( ( #55, #2151, #484 ) ) REPRESENTATION_CONTEXT ( 'NONE', 'WORKASPACE' ) );
#4506 = EDGE_CURVE ( 'NONE', #1551, #2919, #2085, .T. ) ;
#4507 = ADVANCED_FACE ( 'NONE', ( #4177 ), #3769, .T. ) ;
#4508 = DIRECTION ( 'NONE',  ( 0.0000000000000000000, 0.0000000000000000000, -1.000000000000000000 ) ) ;
#4509 = CARTESIAN_POINT ( 'NONE',  ( -0.4448818897637797365, -6.829619984160658046E-17, -0.3267716535433071168 ) ) ;
#4510 = CARTESIAN_POINT ( 'NONE',  ( 0.4291338582677159397, 0.0000000000000000000, -1.148425196850393792 ) ) ;
#4511 = CIRCLE ( 'NONE', #3898, 0.07086614173228344971 ) ;
#4512 = ORIENTED_EDGE ( 'NONE', *, *, #5232, .F. ) ;
#4513 = ORIENTED_EDGE ( 'NONE', *, *, #1993, .F. ) ;
#4514 = CARTESIAN_POINT ( 'NONE',  ( -0.4173228346456693827, 0.3070866141732282451, -0.2086614173228346081 ) ) ;
#4515 = CARTESIAN_POINT ( 'NONE',  ( 0.4448818897637792924, 0.001771933957542275780, -0.2952755905511810774 ) ) ;
#4516 = DIRECTION ( 'NONE',  ( 0.0000000000000000000, 0.0000000000000000000, -1.000000000000000000 ) ) ;
#4517 = ADVANCED_FACE ( 'NONE', ( #3880 ), #175, .T. ) ;
#4518 = LINE ( 'NONE', #21, #2315 ) ;
#4519 = DIRECTION ( 'NONE',  ( 0.0000000000000000000, -1.000000000000000000, 0.0000000000000000000 ) ) ;
#4520 = ORIENTED_EDGE ( 'NONE', *, *, #15, .T. ) ;
#4521 = VECTOR ( 'NONE', #126, 39.37007874015748143 ) ;
#4522 = CIRCLE ( 'NONE', #229, 0.06299212598425199539 ) ;
#4523 = DIRECTION ( 'NONE',  ( -0.5000000000000009992, 0.0000000000000000000, 0.8660254037844380415 ) ) ;
#4524 = ADVANCED_FACE ( 'NONE', ( #2670 ), #5160, .T. ) ;
#4525 = VERTEX_POINT ( 'NONE', #2601 ) ;
#4526 = ORIENTED_EDGE ( 'NONE', *, *, #1850, .F. ) ;
#4527 = AXIS2_PLACEMENT_3D ( 'NONE', #4501, #2282, #1092 ) ;
#4528 = VECTOR ( 'NONE', #1633, 39.37007874015748143 ) ;
#4529 = PLANE ( 'NONE',  #3551 ) ;
#4530 = CARTESIAN_POINT ( 'NONE',  ( 0.4448818897637792924, 0.05325930726378100971, -0.2952755905511810774 ) ) ;
#4531 = DIRECTION ( 'NONE',  ( 0.5000000000000005551, 0.0000000000000000000, -0.8660254037844383745 ) ) ;
#4532 = DIRECTION ( 'NONE',  ( 0.0000000000000000000, 0.0000000000000000000, 1.000000000000000000 ) ) ;
#4533 = EDGE_CURVE ( 'NONE', #1245, #170, #506, .T. ) ;
#4534 = EDGE_LOOP ( 'NONE', ( #3563, #2913, #911, #1321, #902 ) ) ;
#4535 = VECTOR ( 'NONE', #1711, 39.37007874015748143 ) ;
#4536 = ORIENTED_EDGE ( 'NONE', *, *, #2827, .F. ) ;
#4537 = CARTESIAN_POINT ( 'NONE',  ( -0.4339674353673064755, 1.241576125617798485E-17, -0.7820355616469809590 ) ) ;
#4538 = DIRECTION ( 'NONE',  ( 0.0000000000000000000, 1.000000000000000000, -7.905640841040136087E-17 ) ) ;
#4539 =( GEOMETRIC_REPRESENTATION_CONTEXT ( 3 ) GLOBAL_UNCERTAINTY_ASSIGNED_CONTEXT ( ( #3566 ) ) GLOBAL_UNIT_ASSIGNED_CONTEXT ( ( #1300, #2908, #4986 ) ) REPRESENTATION_CONTEXT ( 'NONE', 'WORKASPACE' ) );
#4540 = DIRECTION ( 'NONE',  ( 0.0000000000000000000, 0.0000000000000000000, 1.000000000000000000 ) ) ;
#4541 = CARTESIAN_POINT ( 'NONE',  ( 0.4527559055118111075, 0.3838582677165353618, -0.07086614173228346358 ) ) ;
#4542 = EDGE_CURVE ( 'NONE', #2535, #1721, #2147, .T. ) ;
#4543 = ORIENTED_EDGE ( 'NONE', *, *, #1794, .F. ) ;
#4544 = EDGE_CURVE ( 'NONE', #1165, #671, #4748, .T. ) ;
#4545 = ORIENTED_EDGE ( 'NONE', *, *, #1336, .F. ) ;
#4546 = AXIS2_PLACEMENT_3D ( 'NONE', #785, #2854, #2906 ) ;
#4547 = SURFACE_SIDE_STYLE ('',( #3684 ) ) ;
#4548 = B_SPLINE_CURVE_WITH_KNOTS ( 'NONE', 3,
 ( #4929, #5324, #1957, #1547, #4558, #300 ),
 .UNSPECIFIED., .F., .F.,
 ( 4, 2, 4 ),
 ( 0.0000000000000000000, 0.0002268481686830076734, 0.0004536963373660153468 ),
 .UNSPECIFIED. ) ;
#4549 = CARTESIAN_POINT ( 'NONE',  ( 0.4527559055118111075, 0.3838582677165353618, -0.2086614173228345526 ) ) ;
#4550 = CARTESIAN_POINT ( 'NONE',  ( 0.4212598425196851237, 0.3606299212598426118, 0.008848995601825804594 ) ) ;
#4551 = DIRECTION ( 'NONE',  ( -0.0000000000000000000, -0.0000000000000000000, -1.000000000000000000 ) ) ;
#4552 = DIRECTION ( 'NONE',  ( 0.0000000000000000000, 0.0000000000000000000, 1.000000000000000000 ) ) ;
#4553 = FACE_OUTER_BOUND ( 'NONE', #385, .T. ) ;
#4554 = ORIENTED_EDGE ( 'NONE', *, *, #3902, .F. ) ;
#4555 = LINE ( 'NONE', #754, #3526 ) ;
#4556 = CARTESIAN_POINT ( 'NONE',  ( -0.4448818897637797365, -6.829619984160658046E-17, -0.7834645669291339098 ) ) ;
#4557 = ORIENTED_EDGE ( 'NONE', *, *, #724, .F. ) ;
#4558 = CARTESIAN_POINT ( 'NONE',  ( -0.4426322985307425961, 0.05124721169631780981, -0.5708661417322836718 ) ) ;
#4559 = ADVANCED_FACE ( 'NONE', ( #4309 ), #5130, .F. ) ;
#4560 = LINE ( 'NONE', #1091, #4403 ) ;
#4561 = VERTEX_POINT ( 'NONE', #3034 ) ;
#4562 = VERTEX_POINT ( 'NONE', #3855 ) ;
#4563 = CARTESIAN_POINT ( 'NONE',  ( 0.4685039370078740717, 0.3838582677165353618, -0.2086614173228346636 ) ) ;
#4564 = DIRECTION ( 'NONE',  ( 0.0000000000000000000, -1.000000000000000000, 0.0000000000000000000 ) ) ;
#4565 = EDGE_CURVE ( 'NONE', #5124, #3219, #4727, .T. ) ;
#4566 = CYLINDRICAL_SURFACE ( 'NONE', #823, 0.07086614173228344971 ) ;
#4567 = DIRECTION ( 'NONE',  ( 0.0000000000000000000, 0.0000000000000000000, -1.000000000000000000 ) ) ;
#4568 =( NAMED_UNIT ( * ) PLANE_ANGLE_UNIT ( ) SI_UNIT ( $, .RADIAN. ) );
#4569 = EDGE_LOOP ( 'NONE', ( #1381, #3650, #251, #59 ) ) ;
#4570 = ORIENTED_EDGE ( 'NONE', *, *, #3313, .T. ) ;
#4571 = DIRECTION ( 'NONE',  ( 0.0000000000000000000, 1.000000000000000000, 0.0000000000000000000 ) ) ;
#4572 = ADVANCED_FACE ( 'NONE', ( #2647 ), #1411, .F. ) ;
#4573 = DIRECTION ( 'NONE',  ( -1.239088197126286133E-15, 0.0000000000000000000, 1.000000000000000000 ) ) ;
#4574 = VERTEX_POINT ( 'NONE', #4677 ) ;
#4575 = PLANE ( 'NONE',  #5403 ) ;
#4576 = CARTESIAN_POINT ( 'NONE',  ( 0.4527559055118111075, 0.5000000000000000000, -1.148425196850393792 ) ) ;
#4577 = STYLED_ITEM ( 'NONE', ( #3437 ), #332 ) ;
#4578 = VERTEX_POINT ( 'NONE', #4260 ) ;
#4579 = ADVANCED_FACE ( 'NONE', ( #4827 ), #4472, .F. ) ;
#4580 = VECTOR ( 'NONE', #3251, 39.37007874015748143 ) ;
#4581 = DIRECTION ( 'NONE',  ( 1.000000000000000000, 0.0000000000000000000, 0.0000000000000000000 ) ) ;
#4582 = ORIENTED_EDGE ( 'NONE', *, *, #2805, .F. ) ;
#4583 =( GEOMETRIC_REPRESENTATION_CONTEXT ( 3 ) GLOBAL_UNCERTAINTY_ASSIGNED_CONTEXT ( ( #2780 ) ) GLOBAL_UNIT_ASSIGNED_CONTEXT ( ( #990, #4317, #2217 ) ) REPRESENTATION_CONTEXT ( 'NONE', 'WORKASPACE' ) );
#4584 = CARTESIAN_POINT ( 'NONE',  ( -0.4291338582677166058, 0.07086614173228347746, -0.5078740157480314821 ) ) ;
#4585 = LINE ( 'NONE', #3360, #2037 ) ;
#4586 = PLANE ( 'NONE',  #1278 ) ;
#4587 = VECTOR ( 'NONE', #5310, 39.37007874015748143 ) ;
#4588 = ORIENTED_EDGE ( 'NONE', *, *, #1831, .F. ) ;
#4589 = ORIENTED_EDGE ( 'NONE', *, *, #3726, .T. ) ;
#4590 = LINE ( 'NONE', #4171, #455 ) ;
#4591 = DIRECTION ( 'NONE',  ( 0.0000000000000000000, 0.0000000000000000000, 1.000000000000000000 ) ) ;
#4592 = VECTOR ( 'NONE', #953, 39.37007874015748143 ) ;
#4593 = CARTESIAN_POINT ( 'NONE',  ( -0.4845659450735614882, 0.4393700787401574881, 0.07062633402686788187 ) ) ;
#4594 = CARTESIAN_POINT ( 'NONE',  ( 0.4291338582677159397, 0.0000000000000000000, -1.148425196850393792 ) ) ;
#4595 = CARTESIAN_POINT ( 'NONE',  ( -0.4339674353673064755, 1.241576125617797561E-17, -0.5694371364501306099 ) ) ;
#4596 = ORIENTED_EDGE ( 'NONE', *, *, #4691, .T. ) ;
#4597 = VERTEX_POINT ( 'NONE', #2808 ) ;
#4598 = VECTOR ( 'NONE', #3779, 39.37007874015748143 ) ;
#4599 = ADVANCED_FACE ( 'NONE', ( #250 ), #3527, .F. ) ;
#4600 = VECTOR ( 'NONE', #3291, 39.37007874015748143 ) ;
#4601 = DIRECTION ( 'NONE',  ( 0.0000000000000000000, 0.0000000000000000000, 1.000000000000000000 ) ) ;
#4602 = ORIENTED_EDGE ( 'NONE', *, *, #5083, .T. ) ;
#4603 = EDGE_CURVE ( 'NONE', #1183, #496, #5326, .T. ) ;
#4604 = CYLINDRICAL_SURFACE ( 'NONE', #3019, 0.05642890064205360184 ) ;
#4605 = CARTESIAN_POINT ( 'NONE',  ( 3.857155272905044443E-18, -6.829619984160658046E-17, -0.6685039370078741383 ) ) ;
#4606 = DIMENSIONAL_EXPONENTS ( 1.000000000000000000, 0.0000000000000000000, 0.0000000000000000000, 0.0000000000000000000, 0.0000000000000000000, 0.0000000000000000000, 0.0000000000000000000 ) ;
#4607 = EDGE_CURVE ( 'NONE', #4368, #601, #730, .T. ) ;
#4608 = VECTOR ( 'NONE', #995, 39.37007874015748143 ) ;
#4609 = ADVANCED_FACE ( 'NONE', ( #2397 ), #3970, .F. ) ;
#4610 = ORIENTED_EDGE ( 'NONE', *, *, #5398, .T. ) ;
#4611 = B_SPLINE_CURVE_WITH_KNOTS ( 'NONE', 3,
 ( #2832, #4083, #3158, #4442, #336, #4882 ),
 .UNSPECIFIED., .F., .F.,
 ( 4, 2, 4 ),
 ( 0.0000000000000000000, 0.0002268481686830065892, 0.0004536963373660131784 ),
 .UNSPECIFIED. ) ;
#4612 = LINE ( 'NONE', #3416, #986 ) ;
#4613 = PRESENTATION_LAYER_ASSIGNMENT (  '', '', ( #1007 ) ) ;
#4614 = CARTESIAN_POINT ( 'NONE',  ( 0.4291338582677159397, 0.0000000000000000000, -1.148425196850393792 ) ) ;
#4615 = ORIENTED_EDGE ( 'NONE', *, *, #4788, .T. ) ;
#4616 = ORIENTED_EDGE ( 'NONE', *, *, #3675, .F. ) ;
#4617 = AXIS2_PLACEMENT_3D ( 'NONE', #1735, #3407, #4686 ) ;
#4618 = PRESENTATION_STYLE_ASSIGNMENT (( #4226 ) ) ;
#4619 = VECTOR ( 'NONE', #2698, 39.37007874015748143 ) ;
#4620 = CARTESIAN_POINT ( 'NONE',  ( -0.4527559055118111075, 0.3838582677165353618, -0.07086614173228346358 ) ) ;
#4621 = CARTESIAN_POINT ( 'NONE',  ( 0.4291338582677164948, 0.07086614173228342195, -0.9330708661417322913 ) ) ;
#4622 = DIRECTION ( 'NONE',  ( -1.000000000000000000, 0.0000000000000000000, 0.0000000000000000000 ) ) ;
#4623 = AXIS2_PLACEMENT_3D ( 'NONE', #3227, #4944, #351 ) ;
#4624 = AXIS2_PLACEMENT_3D ( 'NONE', #2965, #4, #2532 ) ;
#4625 =( LENGTH_UNIT ( ) NAMED_UNIT ( * ) SI_UNIT ( $, .METRE. ) );
#4626 = ORIENTED_EDGE ( 'NONE', *, *, #2500, .F. ) ;
#4627 = ORIENTED_EDGE ( 'NONE', *, *, #167, .T. ) ;
#4628 = CIRCLE ( 'NONE', #4879, 0.02362204724409448092 ) ;
#4629 = DIRECTION ( 'NONE',  ( 0.0000000000000000000, 0.0000000000000000000, -1.000000000000000000 ) ) ;
#4630 = CARTESIAN_POINT ( 'NONE',  ( 0.4212598425196851237, 0.3606299212598426118, 0.003937007874015795682 ) ) ;
#4631 = EDGE_CURVE ( 'NONE', #1849, #1204, #3286, .T. ) ;
#4632 = CARTESIAN_POINT ( 'NONE',  ( 0.4527559055118111075, 0.3070866141732282451, -0.07086614173228347746 ) ) ;
#4633 = PRESENTATION_LAYER_ASSIGNMENT (  '', '', ( #1806 ) ) ;
#4634 = VERTEX_POINT ( 'NONE', #3561 ) ;
#4635 =( CONVERSION_BASED_UNIT ( 'INCH', #3353 ) LENGTH_UNIT ( ) NAMED_UNIT ( #1609 ) );
#4636 = CARTESIAN_POINT ( 'NONE',  ( 0.4527559055118111075, 0.5000000000000000000, -0.7204724409448819422 ) ) ;
#4637 = AXIS2_PLACEMENT_3D ( 'NONE', #1948, #2003, #2385 ) ;
#4638 = ADVANCED_FACE ( 'NONE', ( #5211 ), #2312, .T. ) ;
#4639 = DIRECTION ( 'NONE',  ( 1.000000000000000000, 0.0000000000000000000, 1.239088197126286133E-15 ) ) ;
#4640 = CARTESIAN_POINT ( 'NONE',  ( -0.4291338582677166058, 0.07086614173228347746, -1.148425196850393792 ) ) ;
#4641 = CYLINDRICAL_SURFACE ( 'NONE', #1024, 0.03149606299212599769 ) ;
#4642 = LENGTH_MEASURE_WITH_UNIT ( LENGTH_MEASURE( 0.02539999999999999897 ), #3391 );
#4643 = EDGE_CURVE ( 'NONE', #3322, #4914, #2406, .T. ) ;
#4644 = DIRECTION ( 'NONE',  ( 0.0000000000000000000, 0.0000000000000000000, 1.000000000000000000 ) ) ;
#4645 = ADVANCED_FACE ( 'NONE', ( #4884 ), #1120, .F. ) ;
#4646 = LINE ( 'NONE', #461, #3198 ) ;
#4647 = PLANE ( 'NONE',  #3539 ) ;
#4648 = VERTEX_POINT ( 'NONE', #3262 ) ;
#4649 = ORIENTED_EDGE ( 'NONE', *, *, #1858, .T. ) ;
#4650 = LINE ( 'NONE', #2103, #707 ) ;
#4651 = DIRECTION ( 'NONE',  ( 1.000000000000000000, 0.0000000000000000000, 1.239088197126286133E-15 ) ) ;
#4652 = DIRECTION ( 'NONE',  ( 0.0000000000000000000, 0.0000000000000000000, 1.000000000000000000 ) ) ;
#4653 = ORIENTED_EDGE ( 'NONE', *, *, #4316, .T. ) ;
#4654 = ORIENTED_EDGE ( 'NONE', *, *, #1126, .F. ) ;
#4655 = DIRECTION ( 'NONE',  ( 0.0000000000000000000, 0.0000000000000000000, 1.000000000000000000 ) ) ;
#4656 = CARTESIAN_POINT ( 'NONE',  ( -0.4212598425196851237, 0.4665354330708661457, -0.2716535433070865757 ) ) ;
#4657 = ORIENTED_EDGE ( 'NONE', *, *, #2536, .F. ) ;
#4658 = CARTESIAN_POINT ( 'NONE',  ( 0.4173228346456693827, 0.3070866141732282451, -0.07086614173228347746 ) ) ;
#4659 = EDGE_CURVE ( 'NONE', #24, #2228, #4124, .T. ) ;
#4660 = CARTESIAN_POINT ( 'NONE',  ( 3.857155272905044443E-18, 0.04724409448818897572, -0.6685039370078741383 ) ) ;
#4661 = DIRECTION ( 'NONE',  ( 0.0000000000000000000, 0.0000000000000000000, 1.000000000000000000 ) ) ;
#4662 = VERTEX_POINT ( 'NONE', #3717 ) ;
#4663 = EDGE_CURVE ( 'NONE', #2293, #2224, #1879, .T. ) ;
#4664 = DIRECTION ( 'NONE',  ( -1.000000000000000000, -0.0000000000000000000, -0.0000000000000000000 ) ) ;
#4665 = AXIS2_PLACEMENT_3D ( 'NONE', #2372, #3651, #4031 ) ;
#4666 = LINE ( 'NONE', #2943, #3965 ) ;
#4667 = LINE ( 'NONE', #4614, #2231 ) ;
#4668 = VERTEX_POINT ( 'NONE', #808 ) ;
#4669 = ORIENTED_EDGE ( 'NONE', *, *, #4968, .T. ) ;
#4670 = VECTOR ( 'NONE', #3557, 39.37007874015748143 ) ;
#4671 = EDGE_CURVE ( 'NONE', #4648, #1448, #2587, .T. ) ;
#4672 = CARTESIAN_POINT ( 'NONE',  ( -0.4921259842519686845, 0.4393700787401574881, 0.1562437013337370784 ) ) ;
#4673 = CARTESIAN_POINT ( 'NONE',  ( -0.5000000000000004441, -6.829619984160658046E-17, -0.5708661417322835607 ) ) ;
#4674 = CARTESIAN_POINT ( 'NONE',  ( -0.4212598425196851237, 0.3606299212598426118, 0.008848995601825804594 ) ) ;
#4675 = AXIS2_PLACEMENT_3D ( 'NONE', #1125, #2789, #4391 ) ;
#4676 = CARTESIAN_POINT ( 'NONE',  ( -0.4317462034815184868, 0.04724409448818898266, -0.9933515580166388803 ) ) ;
#4677 = CARTESIAN_POINT ( 'NONE',  ( 0.3661417322834636390, 0.0000000000000000000, 0.0000000000000000000 ) ) ;
#4678 = ORIENTED_EDGE ( 'NONE', *, *, #192, .T. ) ;
#4679 = ORIENTED_EDGE ( 'NONE', *, *, #3945, .F. ) ;
#4680 = MECHANICAL_DESIGN_GEOMETRIC_PRESENTATION_REPRESENTATION (  '', ( #2555 ), #634 ) ;
#4681 = LINE ( 'NONE', #1779, #2661 ) ;
#4682 = B_SPLINE_CURVE_WITH_KNOTS ( 'NONE', 3,
 ( #4307, #548, #4409, #5156, #621, #3968 ),
 .UNSPECIFIED., .F., .F.,
 ( 4, 2, 4 ),
 ( 0.0000000000000000000, 0.0002268481686830094352, 0.0004536963373660188705 ),
 .UNSPECIFIED. ) ;
#4683 = PRESENTATION_STYLE_ASSIGNMENT (( #2242 ) ) ;
#4684 = COLOUR_RGB ( '',0.7529411764705882248, 0.7529411764705882248, 0.7529411764705882248 ) ;
#4685 = ORIENTED_EDGE ( 'NONE', *, *, #1356, .T. ) ;
#4686 = DIRECTION ( 'NONE',  ( 0.0000000000000000000, -1.000000000000000000, 4.448008912761042820E-16 ) ) ;
#4687 = CARTESIAN_POINT ( 'NONE',  ( -0.4291338582677166058, 0.04724409448818897572, -1.148425196850393792 ) ) ;
#4688 = STYLED_ITEM ( 'NONE', ( #5312 ), #2264 ) ;
#4689 = EDGE_LOOP ( 'NONE', ( #644, #2590 ) ) ;
#4690 = CARTESIAN_POINT ( 'NONE',  ( -0.5000000000000001110, 0.5000000000000000000, 0.0000000000000000000 ) ) ;
#4691 = EDGE_CURVE ( 'NONE', #2218, #3302, #2905, .T. ) ;
#4692 = CARTESIAN_POINT ( 'NONE',  ( -0.4212598425196851237, 0.4393700787401574881, 0.003937007874015795682 ) ) ;
#4693 = ORIENTED_EDGE ( 'NONE', *, *, #1826, .T. ) ;
#4694 = ORIENTED_EDGE ( 'NONE', *, *, #4506, .F. ) ;
#4695 = DIRECTION ( 'NONE',  ( 0.0000000000000000000, 0.0000000000000000000, -1.000000000000000000 ) ) ;
#4696 = VECTOR ( 'NONE', #3598, 39.37007874015748143 ) ;
#4697 = LINE ( 'NONE', #4620, #500 ) ;
#4698 =( NAMED_UNIT ( * ) SI_UNIT ( $, .STERADIAN. ) SOLID_ANGLE_UNIT ( ) );
#4699 = DIRECTION ( 'NONE',  ( 1.000000000000000000, 0.0000000000000000000, 0.0000000000000000000 ) ) ;
#4700 = EDGE_LOOP ( 'NONE', ( #3814, #159, #4965, #1372, #1491 ) ) ;
#4701 = AXIS2_PLACEMENT_3D ( 'NONE', #559, #1397, #4791 ) ;
#4702 = VECTOR ( 'NONE', #1909, 39.37007874015748143 ) ;
#4703 = ORIENTED_EDGE ( 'NONE', *, *, #4899, .F. ) ;
#4704 = PLANE ( 'NONE',  #3828 ) ;
#4705 = AXIS2_PLACEMENT_3D ( 'NONE', #4154, #3689, #2522 ) ;
#4706 = CARTESIAN_POINT ( 'NONE',  ( -0.4339682009560757447, 2.479146276452847465E-17, -0.5093025790173025813 ) ) ;
#4707 = AXIS2_PLACEMENT_3D ( 'NONE', #4133, #3359, #5069 ) ;
#4708 = EDGE_CURVE ( 'NONE', #2306, #5030, #4518, .T. ) ;
#4709 = DIRECTION ( 'NONE',  ( 0.0000000000000000000, -1.000000000000000000, 0.0000000000000000000 ) ) ;
#4710 = ORIENTED_EDGE ( 'NONE', *, *, #2964, .T. ) ;
#4711 = VECTOR ( 'NONE', #4786, 39.37007874015748143 ) ;
#4712 = LINE ( 'NONE', #1783, #2753 ) ;
#4713 = DIRECTION ( 'NONE',  ( -1.000000000000000000, 0.0000000000000000000, 0.0000000000000000000 ) ) ;
#4714 = CARTESIAN_POINT ( 'NONE',  ( -0.4776887431617387603, 0.4898052704652088307, 0.008848995601825804594 ) ) ;
#4715 =( GEOMETRIC_REPRESENTATION_CONTEXT ( 3 ) GLOBAL_UNCERTAINTY_ASSIGNED_CONTEXT ( ( #1964 ) ) GLOBAL_UNIT_ASSIGNED_CONTEXT ( ( #1546, #4038, #44 ) ) REPRESENTATION_CONTEXT ( 'NONE', 'WORKASPACE' ) );
#4716 = FACE_BOUND ( 'NONE', #4299, .T. ) ;
#4717 = ORIENTED_EDGE ( 'NONE', *, *, #5232, .T. ) ;
#4718 = AXIS2_PLACEMENT_3D ( 'NONE', #1079, #5201, #1111 ) ;
#4719 =( LENGTH_UNIT ( ) NAMED_UNIT ( * ) SI_UNIT ( $, .METRE. ) );
#4720 = EDGE_LOOP ( 'NONE', ( #1317, #2292, #893, #4192 ) ) ;
#4721 = ORIENTED_EDGE ( 'NONE', *, *, #3024, .F. ) ;
#4722 = DIRECTION ( 'NONE',  ( 0.0000000000000000000, 0.0000000000000000000, -1.000000000000000000 ) ) ;
#4723 = EDGE_CURVE ( 'NONE', #3502, #5321, #3352, .T. ) ;
#4724 = CARTESIAN_POINT ( 'NONE',  ( 0.4921259842519686845, 0.3606299212598426118, 0.1562437013337370784 ) ) ;
#4725 = DIRECTION ( 'NONE',  ( 0.0000000000000000000, 0.0000000000000000000, -1.000000000000000000 ) ) ;
#4726 =( LENGTH_UNIT ( ) NAMED_UNIT ( * ) SI_UNIT ( $, .METRE. ) );
#4727 = LINE ( 'NONE', #4338, #1274 ) ;
#4728 = ORIENTED_EDGE ( 'NONE', *, *, #3038, .F. ) ;
#4729 = ORIENTED_EDGE ( 'NONE', *, *, #2081, .F. ) ;
#4730 = ADVANCED_FACE ( 'NONE', ( #4948 ), #1190, .F. ) ;
#4731 = CARTESIAN_POINT ( 'NONE',  ( 0.4212598425196851237, 0.4665354330708661457, -0.2716535433070865757 ) ) ;
#4732 = DIRECTION ( 'NONE',  ( 0.0000000000000000000, 0.0000000000000000000, 1.000000000000000000 ) ) ;
#4733 = LINE ( 'NONE', #4270, #5014 ) ;
#4734 = ORIENTED_EDGE ( 'NONE', *, *, #259, .F. ) ;
#4735 = CARTESIAN_POINT ( 'NONE',  ( 0.4291338582677159397, -1.604561047235490175E-17, -0.3540480442136829664 ) ) ;
#4736 = ADVANCED_FACE ( 'NONE', ( #405 ), #4604, .T. ) ;
#4737 = DIRECTION ( 'NONE',  ( 0.0000000000000000000, 1.000000000000000000, -7.905640841040137320E-17 ) ) ;
#4738 = DIRECTION ( 'NONE',  ( 0.0000000000000000000, 1.000000000000000000, 0.0000000000000000000 ) ) ;
#4739 = EDGE_LOOP ( 'NONE', ( #1071, #3755, #3681, #2677 ) ) ;
#4740 = ORIENTED_EDGE ( 'NONE', *, *, #5004, .T. ) ;
#4741 = DIRECTION ( 'NONE',  ( 0.0000000000000000000, 0.0000000000000000000, -1.000000000000000000 ) ) ;
#4742 = ORIENTED_EDGE ( 'NONE', *, *, #1803, .F. ) ;
#4743 = ORIENTED_EDGE ( 'NONE', *, *, #2508, .T. ) ;
#4744 = DIRECTION ( 'NONE',  ( 0.0000000000000000000, -1.000000000000000000, 0.0000000000000000000 ) ) ;
#4745 = LINE ( 'NONE', #1436, #4787 ) ;
#4746 = CYLINDRICAL_SURFACE ( 'NONE', #2465, 0.05642890064205360184 ) ;
#4747 = FILL_AREA_STYLE_COLOUR ( '', #1002 ) ;
#4748 = LINE ( 'NONE', #2573, #2057 ) ;
#4749 = STYLED_ITEM ( 'NONE', ( #4618 ), #502 ) ;
#4750 = ORIENTED_EDGE ( 'NONE', *, *, #4763, .F. ) ;
#4751 = ORIENTED_EDGE ( 'NONE', *, *, #310, .F. ) ;
#4752 = LINE ( 'NONE', #2674, #3096 ) ;
#4753 = CIRCLE ( 'NONE', #1759, 0.02493283764992760762 ) ;
#4754 = DIRECTION ( 'NONE',  ( 0.0000000000000000000, 1.000000000000000000, 0.0000000000000000000 ) ) ;
#4755 = DIRECTION ( 'NONE',  ( 0.0000000000000000000, -1.000000000000000000, 0.0000000000000000000 ) ) ;
#4756 = ADVANCED_FACE ( 'NONE', ( #2033 ), #3748, .T. ) ;
#4757 = ORIENTED_EDGE ( 'NONE', *, *, #1136, .T. ) ;
#4758 = CIRCLE ( 'NONE', #4236, 0.02362204724409448092 ) ;
#4759 = CARTESIAN_POINT ( 'NONE',  ( -0.4426322985307425961, 0.05124721169631780981, -0.7834645669291337988 ) ) ;
#4760 = DIRECTION ( 'NONE',  ( 1.000000000000000000, 0.0000000000000000000, -1.239088197126286133E-15 ) ) ;
#4761 =( GEOMETRIC_REPRESENTATION_CONTEXT ( 3 ) GLOBAL_UNCERTAINTY_ASSIGNED_CONTEXT ( ( #1902 ) ) GLOBAL_UNIT_ASSIGNED_CONTEXT ( ( #4074, #326, #1542 ) ) REPRESENTATION_CONTEXT ( 'NONE', 'WORKASPACE' ) );
#4762 = FACE_OUTER_BOUND ( 'NONE', #2662, .T. ) ;
#4763 = EDGE_CURVE ( 'NONE', #1796, #974, #3296, .T. ) ;
#4764 = FACE_OUTER_BOUND ( 'NONE', #9, .T. ) ;
#4765 = DIRECTION ( 'NONE',  ( -1.000000000000000000, 0.0000000000000000000, 1.239088197126286133E-15 ) ) ;
#4766 = AXIS2_PLACEMENT_3D ( 'NONE', #3299, #2067, #3017 ) ;
#4767 = ORIENTED_EDGE ( 'NONE', *, *, #2638, .T. ) ;
#4768 = VECTOR ( 'NONE', #3222, 39.37007874015748143 ) ;
#4769 = ADVANCED_FACE ( 'NONE', ( #2877 ), #4575, .T. ) ;
#4770 = DIRECTION ( 'NONE',  ( 0.0000000000000000000, -1.000000000000000000, 0.0000000000000000000 ) ) ;
#4771 = ADVANCED_FACE ( 'NONE', ( #1394 ), #3862, .F. ) ;
#4772 = DIRECTION ( 'NONE',  ( 1.000000000000000000, 0.0000000000000000000, 0.0000000000000000000 ) ) ;
#4773 = EDGE_LOOP ( 'NONE', ( #4128, #5243, #1669, #4649 ) ) ;
#4774 = ORIENTED_EDGE ( 'NONE', *, *, #864, .T. ) ;
#4775 = LINE ( 'NONE', #5179, #3791 ) ;
#4776 = CARTESIAN_POINT ( 'NONE',  ( 0.4288198816980922645, 0.4393700787401574881, 0.03706344592285269746 ) ) ;
#4777 = CARTESIAN_POINT ( 'NONE',  ( -0.4291338582677166058, 0.04724409448818898266, -0.2994952628729311561 ) ) ;
#4778 = ORIENTED_EDGE ( 'NONE', *, *, #181, .T. ) ;
#4779 = ORIENTED_EDGE ( 'NONE', *, *, #2777, .F. ) ;
#4780 = VECTOR ( 'NONE', #1636, 39.37007874015748143 ) ;
#4781 = LINE ( 'NONE', #602, #2148 ) ;
#4782 = CARTESIAN_POINT ( 'NONE',  ( 0.4212598425196851237, 0.4393700787401574881, 0.003937007874015795682 ) ) ;
#4783 = SURFACE_SIDE_STYLE ('',( #2193 ) ) ;
#4784 = VECTOR ( 'NONE', #1016, 39.37007874015748143 ) ;
#4785 = VERTEX_POINT ( 'NONE', #3013 ) ;
#4786 = DIRECTION ( 'NONE',  ( 1.000000000000000000, 0.0000000000000000000, 0.0000000000000000000 ) ) ;
#4787 = VECTOR ( 'NONE', #4335, 39.37007874015748143 ) ;
#4788 = EDGE_CURVE ( 'NONE', #696, #245, #4712, .T. ) ;
#4789 = CARTESIAN_POINT ( 'NONE',  ( 0.4212598425196851237, 0.3838582677165353618, -0.07086614173228346358 ) ) ;
#4790 = LINE ( 'NONE', #4323, #913 ) ;
#4791 = DIRECTION ( 'NONE',  ( 0.0000000000000000000, 0.0000000000000000000, -1.000000000000000000 ) ) ;
#4792 = STYLED_ITEM ( 'NONE', ( #4097 ), #5060 ) ;
#4793 = CIRCLE ( 'NONE', #5319, 0.02493283764992759027 ) ;
#4794 = CARTESIAN_POINT ( 'NONE',  ( 3.857155272905044443E-18, -6.829619984160658046E-17, -0.6055118110236221707 ) ) ;
#4795 = EDGE_CURVE ( 'NONE', #3219, #4822, #3815, .T. ) ;
#4796 = CYLINDRICAL_SURFACE ( 'NONE', #2742, 0.02362204724409448092 ) ;
#4797 = VERTEX_POINT ( 'NONE', #2582 ) ;
#4798 = AXIS2_PLACEMENT_3D ( 'NONE', #3124, #1504, #3577 ) ;
#4799 = ORIENTED_EDGE ( 'NONE', *, *, #372, .F. ) ;
#4800 = ADVANCED_FACE ( 'NONE', ( #4273 ), #1811, .F. ) ;
#4801 = CARTESIAN_POINT ( 'NONE',  ( 0.4291338582677158842, -1.707404996040126301E-17, -0.9372905384634825365 ) ) ;
#4802 = CARTESIAN_POINT ( 'NONE',  ( 0.4212598425196851237, 0.3606299212598426118, 0.1822834645669292597 ) ) ;
#4803 = VERTEX_POINT ( 'NONE', #1756 ) ;
#4804 = ORIENTED_EDGE ( 'NONE', *, *, #3043, .F. ) ;
#4805 =( NAMED_UNIT ( * ) PLANE_ANGLE_UNIT ( ) SI_UNIT ( $, .RADIAN. ) );
#4806 = EDGE_CURVE ( 'NONE', #696, #3826, #514, .T. ) ;
#4807 = LINE ( 'NONE', #5189, #4702 ) ;
#4808 = CARTESIAN_POINT ( 'NONE',  ( 0.4212598425196851237, 0.4393700787401574881, 0.003937007874015795682 ) ) ;
#4809 = CARTESIAN_POINT ( 'NONE',  ( -0.4291338582677165503, -2.638297451586050135E-17, -0.7246921132666317433 ) ) ;
#4810 = VERTEX_POINT ( 'NONE', #4295 ) ;
#4811 = VERTEX_POINT ( 'NONE', #3436 ) ;
#4812 = DIRECTION ( 'NONE',  ( 0.0000000000000000000, 1.000000000000000000, 0.0000000000000000000 ) ) ;
#4813 = PRESENTATION_STYLE_ASSIGNMENT (( #3540 ) ) ;
#4814 = DIRECTION ( 'NONE',  ( 0.0000000000000000000, 0.0000000000000000000, -1.000000000000000000 ) ) ;
#4815 = DIRECTION ( 'NONE',  ( 1.000000000000000000, 0.0000000000000000000, 0.0000000000000000000 ) ) ;
#4816 = ADVANCED_FACE ( 'NONE', ( #2195 ), #2219, .F. ) ;
#4817 = FACE_OUTER_BOUND ( 'NONE', #3164, .T. ) ;
#4818 = ORIENTED_EDGE ( 'NONE', *, *, #5150, .T. ) ;
#4819 = PLANE ( 'NONE',  #814 ) ;
#4820 = CARTESIAN_POINT ( 'NONE',  ( 0.4356970836099151034, 0.4393700787401574881, 0.09884078434789470013 ) ) ;
#4821 = EDGE_CURVE ( 'NONE', #2265, #66, #1176, .T. ) ;
#4822 = VERTEX_POINT ( 'NONE', #84 ) ;
#4823 = ORIENTED_EDGE ( 'NONE', *, *, #2831, .F. ) ;
#4824 = CARTESIAN_POINT ( 'NONE',  ( -0.5000000000000001110, 0.07086614173228347746, 0.0000000000000000000 ) ) ;
#4825 = CARTESIAN_POINT ( 'NONE',  ( 0.4527559055118111075, 0.5000000000000000000, -0.5708661417322835607 ) ) ;
#4826 = PLANE ( 'NONE',  #4494 ) ;
#4827 = FACE_OUTER_BOUND ( 'NONE', #5367, .T. ) ;
#4828 = ADVANCED_FACE ( 'NONE', ( #1298 ), #3889, .F. ) ;
#4829 = ORIENTED_EDGE ( 'NONE', *, *, #1267, .F. ) ;
#4830 = EDGE_LOOP ( 'NONE', ( #5107, #3930, #3149, #2181, #3817, #333, #2168, #3129, #4356, #4503, #2613, #5111 ) ) ;
#4831 = CARTESIAN_POINT ( 'NONE',  ( 0.4173228346456693827, 0.3838582677165353618, -0.2086614173228346636 ) ) ;
#4832 = LINE ( 'NONE', #1066, #658 ) ;
#4833 = CYLINDRICAL_SURFACE ( 'NONE', #1169, 0.02362204724409448092 ) ;
#4834 = CIRCLE ( 'NONE', #3510, 0.02362204724409448092 ) ;
#4835 = CARTESIAN_POINT ( 'NONE',  ( 0.4291338582677164948, 0.07086614173228342195, -0.9330708661417322913 ) ) ;
#4836 = ORIENTED_EDGE ( 'NONE', *, *, #3644, .T. ) ;
#4837 = VERTEX_POINT ( 'NONE', #969 ) ;
#4838 = CARTESIAN_POINT ( 'NONE',  ( 0.4448818897637792924, 0.0000000000000000000, -0.3267716535433071168 ) ) ;
#4839 = AXIS2_PLACEMENT_3D ( 'NONE', #2730, #1854, #4913 ) ;
#4840 = CARTESIAN_POINT ( 'NONE',  ( -0.4448818897637797365, 0.04724409448818897572, -0.5393700787401576324 ) ) ;
#4841 = CARTESIAN_POINT ( 'NONE',  ( -0.4291338582677166058, 0.07086614173228347746, -0.9960629921259842590 ) ) ;
#4842 = CARTESIAN_POINT ( 'NONE',  ( -0.5000000000000001110, 0.0000000000000000000, -1.148425196850393792 ) ) ;
#4843 = CARTESIAN_POINT ( 'NONE',  ( -0.4448818897637797365, -6.829619984160658046E-17, -0.9960629921259842590 ) ) ;
#4844 = EDGE_LOOP ( 'NONE', ( #4239, #1086, #2745, #398 ) ) ;
#4845 = STYLED_ITEM ( 'NONE', ( #5233 ), #2000 ) ;
#4846 = DIRECTION ( 'NONE',  ( 0.0000000000000000000, 1.000000000000000000, 0.0000000000000000000 ) ) ;
#4847 = ORIENTED_EDGE ( 'NONE', *, *, #1261, .F. ) ;
#4848 = ORIENTED_EDGE ( 'NONE', *, *, #2409, .T. ) ;
#4849 = CARTESIAN_POINT ( 'NONE',  ( 0.4291338582677159397, 0.04724409448818897572, -1.148425196850393792 ) ) ;
#4850 = DIRECTION ( 'NONE',  ( 0.0000000000000000000, 0.0000000000000000000, -1.000000000000000000 ) ) ;
#4851 = VECTOR ( 'NONE', #2269, 39.37007874015748143 ) ;
#4852 = ADVANCED_FACE ( 'NONE', ( #2985 ), #452, .F. ) ;
#4853 = DIRECTION ( 'NONE',  ( 0.0000000000000000000, 1.000000000000000000, 0.0000000000000000000 ) ) ;
#4854 = VERTEX_POINT ( 'NONE', #4658 ) ;
#4855 = ORIENTED_EDGE ( 'NONE', *, *, #2132, .F. ) ;
#4856 = AXIS2_PLACEMENT_3D ( 'NONE', #2381, #3660, #4068 ) ;
#4857 =( CONVERSION_BASED_UNIT ( 'INCH', #3165 ) LENGTH_UNIT ( ) NAMED_UNIT ( #1569 ) );
#4858 = CARTESIAN_POINT ( 'NONE',  ( -0.5000000000000001110, 0.5000000000000000000, -1.148425196850393792 ) ) ;
#4859 = EDGE_CURVE ( 'NONE', #1351, #793, #1527, .T. ) ;
#4860 = DIRECTION ( 'NONE',  ( 0.0000000000000000000, 1.000000000000000000, 0.0000000000000000000 ) ) ;
#4861 = FACE_OUTER_BOUND ( 'NONE', #3743, .T. ) ;
#4862 = ORIENTED_EDGE ( 'NONE', *, *, #1069, .F. ) ;
#4863 = VERTEX_POINT ( 'NONE', #2957 ) ;
#4864 = CARTESIAN_POINT ( 'NONE',  ( -0.4527559055118111075, 0.0000000000000000000, -0.5078740157480314821 ) ) ;
#4865 = ADVANCED_FACE ( 'NONE', ( #884 ), #3836, .T. ) ;
#4866 = VECTOR ( 'NONE', #3940, 39.37007874015748143 ) ;
#4867 = CARTESIAN_POINT ( 'NONE',  ( 0.4173228346456693827, 0.3070866141732282451, -0.07086614173228347746 ) ) ;
#4868 = CARTESIAN_POINT ( 'NONE',  ( 0.4291338582677164948, 0.07086614173228342195, -1.148425196850393792 ) ) ;
#4869 = DIRECTION ( 'NONE',  ( 0.0000000000000000000, 1.000000000000000000, 0.0000000000000000000 ) ) ;
#4870 = AXIS2_PLACEMENT_3D ( 'NONE', #4858, #1097, #2758 ) ;
#4871 = CARTESIAN_POINT ( 'NONE',  ( 0.5280404552087514247, 0.3606299212598426118, 0.1459263944151847348 ) ) ;
#4872 = PRESENTATION_STYLE_ASSIGNMENT (( #3604 ) ) ;
#4873 = AXIS2_PLACEMENT_3D ( 'NONE', #4381, #980, #597 ) ;
#4874 = LINE ( 'NONE', #1429, #491 ) ;
#4875 = DIRECTION ( 'NONE',  ( 0.0000000000000000000, 0.0000000000000000000, 1.000000000000000000 ) ) ;
#4876 = LINE ( 'NONE', #1028, #4164 ) ;
#4877 = ORIENTED_EDGE ( 'NONE', *, *, #3974, .F. ) ;
#4878 = ORIENTED_EDGE ( 'NONE', *, *, #5263, .T. ) ;
#4879 = AXIS2_PLACEMENT_3D ( 'NONE', #5044, #3361, #3331 ) ;
#4880 = CARTESIAN_POINT ( 'NONE',  ( 0.4527559055118111075, 0.5000000000000000000, -1.148425196850393792 ) ) ;
#4881 = UNCERTAINTY_MEASURE_WITH_UNIT (LENGTH_MEASURE( 1.000000000000000082E-05 ), #1296, 'distance_accuracy_value', 'NONE');
#4882 = CARTESIAN_POINT ( 'NONE',  ( -0.4448818897637797365, 0.05325930726378131502, -0.3582677165354331006 ) ) ;
#4883 = DIRECTION ( 'NONE',  ( 0.0000000000000000000, -1.000000000000000000, -0.0000000000000000000 ) ) ;
#4884 = FACE_OUTER_BOUND ( 'NONE', #1630, .T. ) ;
#4885 = ORIENTED_EDGE ( 'NONE', *, *, #4603, .T. ) ;
#4886 = VERTEX_POINT ( 'NONE', #920 ) ;
#4887 = EDGE_CURVE ( 'NONE', #3548, #4983, #2704, .T. ) ;
#4888 = CARTESIAN_POINT ( 'NONE',  ( -0.4560962723684683917, 0.4393700787401574881, 0.02131541442678966738 ) ) ;
#4889 = UNCERTAINTY_MEASURE_WITH_UNIT (LENGTH_MEASURE( 1.000000000000000082E-05 ), #3323, 'distance_accuracy_value', 'NONE');
#4890 = CARTESIAN_POINT ( 'NONE',  ( 0.4173228346456693827, 0.3070866141732282451, -0.07086614173228347746 ) ) ;
#4891 = CARTESIAN_POINT ( 'NONE',  ( 0.4527559055118111075, 0.4665354330708661457, -0.2716535433070865757 ) ) ;
#4892 = DIRECTION ( 'NONE',  ( 0.0000000000000000000, 0.0000000000000000000, 1.000000000000000000 ) ) ;
#4893 = ORIENTED_EDGE ( 'NONE', *, *, #4631, .F. ) ;
#4894 = ORIENTED_EDGE ( 'NONE', *, *, #839, .T. ) ;
#4895 = ADVANCED_FACE ( 'NONE', ( #4370 ), #4423, .F. ) ;
#4896 = CARTESIAN_POINT ( 'NONE',  ( -0.4394393639245643968, 0.0005314671934754701139, -0.3582677165354331006 ) ) ;
#4897 = CARTESIAN_POINT ( 'NONE',  ( -0.5000000000000001110, 0.07086614173228347746, -1.148425196850393792 ) ) ;
#4898 =( LENGTH_UNIT ( ) NAMED_UNIT ( * ) SI_UNIT ( $, .METRE. ) );
#4899 = EDGE_CURVE ( 'NONE', #1166, #3142, #5307, .T. ) ;
#4900 = DIRECTION ( 'NONE',  ( 0.0000000000000000000, 0.0000000000000000000, 1.000000000000000000 ) ) ;
#4901 = ORIENTED_EDGE ( 'NONE', *, *, #3377, .T. ) ;
#4902 = DIRECTION ( 'NONE',  ( 0.0000000000000000000, -1.000000000000000000, 0.0000000000000000000 ) ) ;
#4903 = ORIENTED_EDGE ( 'NONE', *, *, #1794, .T. ) ;
#4904 = CARTESIAN_POINT ( 'NONE',  ( -0.4685039370078740717, 0.3838582677165353618, -0.07086614173228346358 ) ) ;
#4905 = DIRECTION ( 'NONE',  ( 0.0000000000000000000, 0.0000000000000000000, 1.000000000000000000 ) ) ;
#4906 = DIRECTION ( 'NONE',  ( 0.0000000000000000000, 0.0000000000000000000, -1.000000000000000000 ) ) ;
#4907 = ORIENTED_EDGE ( 'NONE', *, *, #471, .T. ) ;
#4908 = ORIENTED_EDGE ( 'NONE', *, *, #5241, .T. ) ;
#4909 = CARTESIAN_POINT ( 'NONE',  ( -0.4448818897637797365, 0.001771933957542390055, -0.7204724409448818312 ) ) ;
#4910 = DIRECTION ( 'NONE',  ( -1.000000000000000000, 0.0000000000000000000, 0.0000000000000000000 ) ) ;
#4911 = CARTESIAN_POINT ( 'NONE',  ( 0.4291338582677159397, -1.707404996040152802E-17, -0.7246921132666320764 ) ) ;
#4912 = EDGE_CURVE ( 'NONE', #2636, #5174, #3268, .T. ) ;
#4913 = DIRECTION ( 'NONE',  ( 1.000000000000000000, 0.0000000000000000000, 0.0000000000000000000 ) ) ;
#4914 = VERTEX_POINT ( 'NONE', #1104 ) ;
#4915 = ORIENTED_EDGE ( 'NONE', *, *, #834, .F. ) ;
#4916 = CARTESIAN_POINT ( 'NONE',  ( 0.4527559055118109410, 0.07086614173228343583, -1.148425196850393792 ) ) ;
#4917 = PRESENTATION_LAYER_ASSIGNMENT (  '', '', ( #4577 ) ) ;
#4918 = FILL_AREA_STYLE_COLOUR ( '', #3963 ) ;
#4919 = ADVANCED_FACE ( 'NONE', ( #2766 ), #3203, .F. ) ;
#4920 = DIRECTION ( 'NONE',  ( 0.0000000000000000000, -1.239088197126290817E-16, 1.000000000000000000 ) ) ;
#4921 = VECTOR ( 'NONE', #34, 39.37007874015748143 ) ;
#4922 = CARTESIAN_POINT ( 'NONE',  ( -0.5000000000000001110, 0.04724409448818897572, -1.148425196850393792 ) ) ;
#4923 = ORIENTED_EDGE ( 'NONE', *, *, #4289, .T. ) ;
#4924 = EDGE_CURVE ( 'NONE', #3022, #2744, #4395, .T. ) ;
#4925 = SURFACE_STYLE_FILL_AREA ( #330 ) ;
#4926 = ORIENTED_EDGE ( 'NONE', *, *, #1657, .F. ) ;
#4927 = AXIS2_PLACEMENT_3D ( 'NONE', #5414, #3312, #4652 ) ;
#4928 = ORIENTED_EDGE ( 'NONE', *, *, #2564, .T. ) ;
#4929 = CARTESIAN_POINT ( 'NONE',  ( -0.4291338582677165503, 0.04724409448818898266, -0.5666464694105335376 ) ) ;
#4930 = EDGE_CURVE ( 'NONE', #3185, #2265, #2227, .T. ) ;
#4931 = DIRECTION ( 'NONE',  ( 0.0000000000000000000, 1.000000000000000000, 1.112002228190260705E-16 ) ) ;
#4932 = VECTOR ( 'NONE', #2250, 39.37007874015748143 ) ;
#4933 = DIRECTION ( 'NONE',  ( 0.0000000000000000000, 1.000000000000000000, 0.0000000000000000000 ) ) ;
#4934 = ORIENTED_EDGE ( 'NONE', *, *, #2384, .F. ) ;
#4935 = ORIENTED_EDGE ( 'NONE', *, *, #2022, .F. ) ;
#4936 = STYLED_ITEM ( 'NONE', ( #1679 ), #2126 ) ;
#4937 = DIRECTION ( 'NONE',  ( 1.000000000000000000, 0.0000000000000000000, 0.0000000000000000000 ) ) ;
#4938 = FACE_OUTER_BOUND ( 'NONE', #2258, .T. ) ;
#4939 = DIRECTION ( 'NONE',  ( 0.0000000000000000000, -1.000000000000000000, 0.0000000000000000000 ) ) ;
#4940 = AXIS2_PLACEMENT_3D ( 'NONE', #4509, #2458, #3706 ) ;
#4941 = LENGTH_MEASURE_WITH_UNIT ( LENGTH_MEASURE( 0.02539999999999999897 ), #1813 );
#4942 = EDGE_LOOP ( 'NONE', ( #1617, #4513, #4512, #4100 ) ) ;
#4943 = ORIENTED_EDGE ( 'NONE', *, *, #1031, .T. ) ;
#4944 = DIRECTION ( 'NONE',  ( 0.0000000000000000000, -1.000000000000000000, 0.0000000000000000000 ) ) ;
#4945 = DIMENSIONAL_EXPONENTS ( 1.000000000000000000, 0.0000000000000000000, 0.0000000000000000000, 0.0000000000000000000, 0.0000000000000000000, 0.0000000000000000000, 0.0000000000000000000 ) ;
#4946 = CARTESIAN_POINT ( 'NONE',  ( -0.4448818897637797365, 0.001771933957542390055, -0.2952755905511810774 ) ) ;
#4947 = LINE ( 'NONE', #2852, #4230 ) ;
#4948 = FACE_OUTER_BOUND ( 'NONE', #4131, .T. ) ;
#4949 = CARTESIAN_POINT ( 'NONE',  ( -0.5000000000000004441, 0.07086614173228344971, -0.5708661417322835607 ) ) ;
#4950 = ADVANCED_FACE ( 'NONE', ( #2653 ), #3982, .F. ) ;
#4951 = STYLED_ITEM ( 'NONE', ( #1138 ), #4190 ) ;
#4952 = EDGE_LOOP ( 'NONE', ( #830, #101, #65, #2138, #3250, #1573, #2370, #5380 ) ) ;
#4953 =( LENGTH_UNIT ( ) NAMED_UNIT ( * ) SI_UNIT ( $, .METRE. ) );
#4954 = CARTESIAN_POINT ( 'NONE',  ( -0.4527559055118111075, 0.2303149606299212948, -0.2716535433070865757 ) ) ;
#4955 = VECTOR ( 'NONE', #30, 39.37007874015748143 ) ;
#4956 = VECTOR ( 'NONE', #2787, 39.37007874015748143 ) ;
#4957 = CARTESIAN_POINT ( 'NONE',  ( -0.4291338582677166058, 0.07086614173228347746, -0.5078740157480314821 ) ) ;
#4958 = ORIENTED_EDGE ( 'NONE', *, *, #5217, .F. ) ;
#4959 = EDGE_CURVE ( 'NONE', #1887, #3142, #1474, .T. ) ;
#4960 =( GEOMETRIC_REPRESENTATION_CONTEXT ( 3 ) GLOBAL_UNCERTAINTY_ASSIGNED_CONTEXT ( ( #1157 ) ) GLOBAL_UNIT_ASSIGNED_CONTEXT ( ( #2693, #623, #4445 ) ) REPRESENTATION_CONTEXT ( 'NONE', 'WORKASPACE' ) );
#4961 = AXIS2_PLACEMENT_3D ( 'NONE', #5181, #2310, #1032 ) ;
#4962 = CARTESIAN_POINT ( 'NONE',  ( 0.4317475460355924000, 0.04724409448816405122, -0.5681554827469087465 ) ) ;
#4963 = LINE ( 'NONE', #5405, #4053 ) ;
#4964 = CARTESIAN_POINT ( 'NONE',  ( -0.5000000000000001110, 0.5000000000000000000, -1.148425196850393792 ) ) ;
#4965 = ORIENTED_EDGE ( 'NONE', *, *, #3839, .T. ) ;
#4966 = VECTOR ( 'NONE', #2120, 39.37007874015748143 ) ;
#4967 = ORIENTED_EDGE ( 'NONE', *, *, #3535, .F. ) ;
#4968 = EDGE_CURVE ( 'NONE', #66, #1645, #2235, .T. ) ;
#4969 = EDGE_CURVE ( 'NONE', #1005, #613, #2160, .T. ) ;
#4970 = LINE ( 'NONE', #5381, #5185 ) ;
#4971 = CARTESIAN_POINT ( 'NONE',  ( -0.4527559055118111075, 0.0000000000000000000, -1.148425196850393792 ) ) ;
#4972 = DIRECTION ( 'NONE',  ( 1.000000000000000000, 0.0000000000000000000, 0.0000000000000000000 ) ) ;
#4973 = CARTESIAN_POINT ( 'NONE',  ( 0.5000000000000001110, 0.5000000000000000000, -0.7834645669291339098 ) ) ;
#4974 = B_SPLINE_CURVE_WITH_KNOTS ( 'NONE', 3,
 ( #2839, #4537, #2430, #4109 ),
 .UNSPECIFIED., .F., .F.,
 ( 4, 4 ),
 ( 3.993670470793568154E-21, 0.0004192949315278168658 ),
 .UNSPECIFIED. ) ;
#4975 = FACE_OUTER_BOUND ( 'NONE', #117, .T. ) ;
#4976 = ORIENTED_EDGE ( 'NONE', *, *, #593, .F. ) ;
#4977 = ORIENTED_EDGE ( 'NONE', *, *, #2238, .T. ) ;
#4978 = EDGE_CURVE ( 'NONE', #2086, #2194, #4346, .T. ) ;
#4979 = DIRECTION ( 'NONE',  ( 0.0000000000000000000, 1.000000000000000000, -4.448008912761042820E-16 ) ) ;
#4980 = LENGTH_MEASURE_WITH_UNIT ( LENGTH_MEASURE( 0.02539999999999999897 ), #1314 );
#4981 = CARTESIAN_POINT ( 'NONE',  ( -0.5000000000000001110, 0.07086614173228347746, -1.148425196850393792 ) ) ;
#4982 = CARTESIAN_POINT ( 'NONE',  ( -0.4448818897637797365, -6.829619984160658046E-17, -0.9330708661417322913 ) ) ;
#4983 = VERTEX_POINT ( 'NONE', #662 ) ;
#4984 = DIRECTION ( 'NONE',  ( 0.0000000000000000000, 0.0000000000000000000, 1.000000000000000000 ) ) ;
#4985 = VERTEX_POINT ( 'NONE', #4011 ) ;
#4986 =( NAMED_UNIT ( * ) SI_UNIT ( $, .STERADIAN. ) SOLID_ANGLE_UNIT ( ) );
#4987 = CARTESIAN_POINT ( 'NONE',  ( 0.4527559055118111075, 0.5000000000000000000, -0.3582677165354331006 ) ) ;
#4988 = ORIENTED_EDGE ( 'NONE', *, *, #3224, .F. ) ;
#4989 =( NAMED_UNIT ( * ) PLANE_ANGLE_UNIT ( ) SI_UNIT ( $, .RADIAN. ) );
#4990 = DIRECTION ( 'NONE',  ( 0.0000000000000000000, 0.0000000000000000000, 1.000000000000000000 ) ) ;
#4991 = CARTESIAN_POINT ( 'NONE',  ( -0.4448818897637797365, 0.04724409448818897572, -0.3267716535433071168 ) ) ;
#4992 = ADVANCED_FACE ( 'NONE', ( #1501 ), #4037, .F. ) ;
#4993 = ORIENTED_EDGE ( 'NONE', *, *, #2440, .F. ) ;
#4994 = ORIENTED_EDGE ( 'NONE', *, *, #3011, .F. ) ;
#4995 =( NAMED_UNIT ( * ) SI_UNIT ( $, .STERADIAN. ) SOLID_ANGLE_UNIT ( ) );
#4996 = DIRECTION ( 'NONE',  ( -1.000000000000000000, 0.0000000000000000000, 0.0000000000000000000 ) ) ;
#4997 = DIRECTION ( 'NONE',  ( 0.0000000000000000000, 1.000000000000000000, 0.0000000000000000000 ) ) ;
#4998 = EDGE_CURVE ( 'NONE', #4886, #2306, #3174, .T. ) ;
#4999 = CARTESIAN_POINT ( 'NONE',  ( -0.4448818897637797365, 0.5000000000000000000, -0.7204724409448819422 ) ) ;
#5000 = SURFACE_STYLE_USAGE ( .BOTH. , #5387 ) ;
#5001 = EDGE_LOOP ( 'NONE', ( #2449, #5067, #964, #4526 ) ) ;
#5002 = ORIENTED_EDGE ( 'NONE', *, *, #5102, .T. ) ;
#5003 = LINE ( 'NONE', #1533, #4600 ) ;
#5004 = EDGE_CURVE ( 'NONE', #4300, #523, #183, .T. ) ;
#5005 = EDGE_CURVE ( 'NONE', #4064, #4863, #5195, .T. ) ;
#5006 = ORIENTED_EDGE ( 'NONE', *, *, #4723, .T. ) ;
#5007 =( CONVERSION_BASED_UNIT ( 'INCH', #861 ) LENGTH_UNIT ( ) NAMED_UNIT ( #2482 ) );
#5008 = CARTESIAN_POINT ( 'NONE',  ( -0.4448818897637797365, 0.05325930726378131502, -0.5708661417322835607 ) ) ;
#5009 = VECTOR ( 'NONE', #3195, 39.37007874015748143 ) ;
#5010 = ORIENTED_EDGE ( 'NONE', *, *, #2973, .F. ) ;
#5011 = DIRECTION ( 'NONE',  ( -1.239088197126286133E-15, 0.0000000000000000000, 1.000000000000000000 ) ) ;
#5012 = DIRECTION ( 'NONE',  ( 0.0000000000000000000, 0.0000000000000000000, 1.000000000000000000 ) ) ;
#5013 = ORIENTED_EDGE ( 'NONE', *, *, #15, .F. ) ;
#5014 = VECTOR ( 'NONE', #5166, 39.37007874015748143 ) ;
#5015 = FILL_AREA_STYLE ('',( #2882 ) ) ;
#5016 = LINE ( 'NONE', #845, #1942 ) ;
#5017 = FACE_OUTER_BOUND ( 'NONE', #939, .T. ) ;
#5018 = VECTOR ( 'NONE', #318, 39.37007874015748143 ) ;
#5019 = ORIENTED_EDGE ( 'NONE', *, *, #4144, .T. ) ;
#5020 = ORIENTED_EDGE ( 'NONE', *, *, #900, .T. ) ;
#5021 = DIMENSIONAL_EXPONENTS ( 1.000000000000000000, 0.0000000000000000000, 0.0000000000000000000, 0.0000000000000000000, 0.0000000000000000000, 0.0000000000000000000, 0.0000000000000000000 ) ;
#5022 = LINE ( 'NONE', #1254, #3147 ) ;
#5023 = ADVANCED_FACE ( 'NONE', ( #1021 ), #4118, .T. ) ;
#5024 = FACE_OUTER_BOUND ( 'NONE', #3888, .T. ) ;
#5025 = VECTOR ( 'NONE', #357, 39.37007874015748143 ) ;
#5026 = CARTESIAN_POINT ( 'NONE',  ( -0.4426332105210578627, 0.05124802740525374878, -0.9330708661417319583 ) ) ;
#5027 = CARTESIAN_POINT ( 'NONE',  ( 0.4527559055118111075, 0.3838582677165353618, -0.2086614173228346636 ) ) ;
#5028 = DIRECTION ( 'NONE',  ( 0.0000000000000000000, 0.0000000000000000000, -1.000000000000000000 ) ) ;
#5029 = ORIENTED_EDGE ( 'NONE', *, *, #79, .F. ) ;
#5030 = VERTEX_POINT ( 'NONE', #4067 ) ;
#5031 = EDGE_CURVE ( 'NONE', #4332, #985, #3378, .T. ) ;
#5032 = DIRECTION ( 'NONE',  ( 0.0000000000000000000, 1.000000000000000000, 0.0000000000000000000 ) ) ;
#5033 = CARTESIAN_POINT ( 'NONE',  ( -0.4448818897637797365, -6.829619984160658046E-17, -0.3582677165354331006 ) ) ;
#5034 = CIRCLE ( 'NONE', #214, 0.07086614173228344971 ) ;
#5035 = CARTESIAN_POINT ( 'NONE',  ( -0.03937007874015770181, 3.112457024031587928E-19, 0.1822834645669293707 ) ) ;
#5036 = ORIENTED_EDGE ( 'NONE', *, *, #2634, .T. ) ;
#5037 = DIRECTION ( 'NONE',  ( 0.0000000000000000000, 0.0000000000000000000, -1.000000000000000000 ) ) ;
#5038 = EDGE_CURVE ( 'NONE', #4810, #2252, #2025, .T. ) ;
#5039 = EDGE_CURVE ( 'NONE', #4318, #2276, #1972, .T. ) ;
#5040 = CARTESIAN_POINT ( 'NONE',  ( 0.5000000000000001110, 0.5000000000000000000, -1.148425196850393792 ) ) ;
#5041 = CARTESIAN_POINT ( 'NONE',  ( -0.4448818897637797365, -6.829619984160658046E-17, -0.9330708661417322913 ) ) ;
#5042 = SURFACE_STYLE_FILL_AREA ( #5015 ) ;
#5043 = DIRECTION ( 'NONE',  ( 0.0000000000000000000, 0.0000000000000000000, 1.000000000000000000 ) ) ;
#5044 = CARTESIAN_POINT ( 'NONE',  ( -0.4291338582677166058, 0.07086614173228347746, -1.148425196850393792 ) ) ;
#5045 = CARTESIAN_POINT ( 'NONE',  ( -0.4291338582677166058, 0.04724409448818897572, 0.0000000000000000000 ) ) ;
#5046 = ORIENTED_EDGE ( 'NONE', *, *, #2728, .T. ) ;
#5047 = ORIENTED_EDGE ( 'NONE', *, *, #1096, .T. ) ;
#5048 = VECTOR ( 'NONE', #1960, 39.37007874015748143 ) ;
#5049 = CARTESIAN_POINT ( 'NONE',  ( 0.4212598425196851237, 0.2303149606299212948, -0.2716535433070865757 ) ) ;
#5050 = VECTOR ( 'NONE', #1748, 39.37007874015748143 ) ;
#5051 = DIRECTION ( 'NONE',  ( -1.239088197126286133E-15, 0.0000000000000000000, 1.000000000000000000 ) ) ;
#5052 = CARTESIAN_POINT ( 'NONE',  ( -0.4291338582677165503, 0.04724409448818898266, -0.9372905384634822035 ) ) ;
#5053 = DIRECTION ( 'NONE',  ( 0.0000000000000000000, 0.0000000000000000000, 1.000000000000000000 ) ) ;
#5054 = AXIS2_PLACEMENT_3D ( 'NONE', #5251, #1859, #258 ) ;
#5055 = VECTOR ( 'NONE', #3632, 39.37007874015748143 ) ;
#5056 = ADVANCED_FACE ( 'NONE', ( #1184 ), #743, .T. ) ;
#5057 = ORIENTED_EDGE ( 'NONE', *, *, #4044, .F. ) ;
#5058 = ORIENTED_EDGE ( 'NONE', *, *, #622, .T. ) ;
#5059 = DIRECTION ( 'NONE',  ( 0.0000000000000000000, 1.000000000000000000, -7.905640841040136087E-17 ) ) ;
#5060 = ADVANCED_FACE ( 'NONE', ( #1155 ), #2336, .T. ) ;
#5061 = ORIENTED_EDGE ( 'NONE', *, *, #3424, .T. ) ;
#5062 = DIRECTION ( 'NONE',  ( 1.000000000000000000, 0.0000000000000000000, 0.0000000000000000000 ) ) ;
#5063 = CARTESIAN_POINT ( 'NONE',  ( 0.4527559055118109410, 0.07086614173228343583, -1.148425196850393792 ) ) ;
#5064 = EDGE_CURVE ( 'NONE', #438, #231, #1364, .T. ) ;
#5065 = LINE ( 'NONE', #2586, #152 ) ;
#5066 = CARTESIAN_POINT ( 'NONE',  ( 0.4291338582677159397, -1.802978554209197808E-17, -0.5666464694105334265 ) ) ;
#5067 = ORIENTED_EDGE ( 'NONE', *, *, #1515, .F. ) ;
#5068 = ORIENTED_EDGE ( 'NONE', *, *, #3479, .F. ) ;
#5069 = DIRECTION ( 'NONE',  ( 0.0000000000000000000, 0.0000000000000000000, -1.000000000000000000 ) ) ;
#5070 = DIRECTION ( 'NONE',  ( -1.239088197126286133E-15, -0.0000000000000000000, -1.000000000000000000 ) ) ;
#5071 = DIRECTION ( 'NONE',  ( 0.0000000000000000000, 1.000000000000000000, 0.0000000000000000000 ) ) ;
#5072 = EDGE_CURVE ( 'NONE', #3142, #247, #1570, .T. ) ;
#5073 = VERTEX_POINT ( 'NONE', #1195 ) ;
#5074 = ORIENTED_EDGE ( 'NONE', *, *, #2654, .F. ) ;
#5075 = CARTESIAN_POINT ( 'NONE',  ( 0.4448818897637792924, 0.5000000000000000000, -0.9330708661417322913 ) ) ;
#5076 = DIRECTION ( 'NONE',  ( 0.5000000000000009992, 0.0000000000000000000, -0.8660254037844380415 ) ) ;
#5077 = PLANE ( 'NONE',  #2987 ) ;
#5078 =( NAMED_UNIT ( * ) PLANE_ANGLE_UNIT ( ) SI_UNIT ( $, .RADIAN. ) );
#5079 = DIRECTION ( 'NONE',  ( -1.000000000000000000, 0.0000000000000000000, 0.0000000000000000000 ) ) ;
#5080 = ORIENTED_EDGE ( 'NONE', *, *, #4093, .T. ) ;
#5081 = ORIENTED_EDGE ( 'NONE', *, *, #1534, .T. ) ;
#5082 = CARTESIAN_POINT ( 'NONE',  ( -0.4212598425196851237, 0.4665354330708661457, -0.2716535433070865757 ) ) ;
#5083 = EDGE_CURVE ( 'NONE', #2023, #4822, #758, .T. ) ;
#5084 = LINE ( 'NONE', #5033, #3719 ) ;
#5085 = PLANE ( 'NONE',  #1488 ) ;
#5086 = EDGE_LOOP ( 'NONE', ( #465, #3920, #5013, #4157, #2048, #2032 ) ) ;
#5087 = DIRECTION ( 'NONE',  ( 0.0000000000000000000, 0.0000000000000000000, 1.000000000000000000 ) ) ;
#5088 = ADVANCED_FACE ( 'NONE', ( #2857 ), #4101, .F. ) ;
#5089 = CARTESIAN_POINT ( 'NONE',  ( 0.4448818897637792924, -6.829619984160658046E-17, -0.2952755905511810774 ) ) ;
#5090 = ORIENTED_EDGE ( 'NONE', *, *, #3653, .F. ) ;
#5091 = ORIENTED_EDGE ( 'NONE', *, *, #1706, .T. ) ;
#5092 = EDGE_CURVE ( 'NONE', #2228, #3703, #1113, .T. ) ;
#5093 = DIRECTION ( 'NONE',  ( -1.000000000000000000, 0.0000000000000000000, 0.0000000000000000000 ) ) ;
#5094 = AXIS2_PLACEMENT_3D ( 'NONE', #4495, #2278, #2307 ) ;
#5095 = CARTESIAN_POINT ( 'NONE',  ( -0.3661417322834646382, 0.0000000000000000000, 0.0000000000000000000 ) ) ;
#5096 = CARTESIAN_POINT ( 'NONE',  ( 0.4685039370078740717, 0.3838582677165353618, -0.07086614173228346358 ) ) ;
#5097 = ORIENTED_EDGE ( 'NONE', *, *, #701, .F. ) ;
#5098 = VERTEX_POINT ( 'NONE', #1218 ) ;
#5099 = CIRCLE ( 'NONE', #1062, 0.02493283764992759027 ) ;
#5100 = DIRECTION ( 'NONE',  ( 0.0000000000000000000, -1.000000000000000000, 0.0000000000000000000 ) ) ;
#5101 = ADVANCED_FACE ( 'NONE', ( #266 ), #1508, .F. ) ;
#5102 = EDGE_CURVE ( 'NONE', #5335, #919, #2775, .T. ) ;
#5103 = CARTESIAN_POINT ( 'NONE',  ( 0.4606299212598428117, 0.4393700787401574881, 0.1822834645669293707 ) ) ;
#5104 = CIRCLE ( 'NONE', #4839, 0.02362204724409448092 ) ;
#5105 = DIRECTION ( 'NONE',  ( 0.0000000000000000000, 0.0000000000000000000, 1.000000000000000000 ) ) ;
#5106 = VERTEX_POINT ( 'NONE', #1 ) ;
#5107 = ORIENTED_EDGE ( 'NONE', *, *, #109, .F. ) ;
#5108 = VECTOR ( 'NONE', #472, 39.37007874015748143 ) ;
#5109 = DIRECTION ( 'NONE',  ( 0.0000000000000000000, 1.000000000000000000, 0.0000000000000000000 ) ) ;
#5110 = CARTESIAN_POINT ( 'NONE',  ( -0.4527559055118111075, 0.0000000000000000000, -0.7204724409448819422 ) ) ;
#5111 = ORIENTED_EDGE ( 'NONE', *, *, #3282, .F. ) ;
#5112 = CARTESIAN_POINT ( 'NONE',  ( 0.4448818897637792924, 0.001771933957542273178, -0.3582677165354331006 ) ) ;
#5113 = LENGTH_MEASURE_WITH_UNIT ( LENGTH_MEASURE( 0.02539999999999999897 ), #2176 );
#5114 = MECHANICAL_DESIGN_GEOMETRIC_PRESENTATION_REPRESENTATION (  '', ( #296 ), #3354 ) ;
#5115 = DIRECTION ( 'NONE',  ( 0.0000000000000000000, -1.000000000000000000, 0.0000000000000000000 ) ) ;
#5116 = DIRECTION ( 'NONE',  ( -1.239088197126286133E-15, -0.0000000000000000000, -1.000000000000000000 ) ) ;
#5117 = VECTOR ( 'NONE', #226, 39.37007874015748143 ) ;
#5118 = EDGE_CURVE ( 'NONE', #118, #375, #456, .T. ) ;
#5119 = FACE_OUTER_BOUND ( 'NONE', #1688, .T. ) ;
#5120 = FACE_OUTER_BOUND ( 'NONE', #1292, .T. ) ;
#5121 = LINE ( 'NONE', #143, #3107 ) ;
#5122 = EDGE_CURVE ( 'NONE', #1285, #2472, #87, .T. ) ;
#5123 = ORIENTED_EDGE ( 'NONE', *, *, #3794, .F. ) ;
#5124 = VERTEX_POINT ( 'NONE', #2069 ) ;
#5125 = CARTESIAN_POINT ( 'NONE',  ( -0.5000000000000001110, 0.04724409448818897572, 0.0000000000000000000 ) ) ;
#5126 = VECTOR ( 'NONE', #4814, 39.37007874015748143 ) ;
#5127 = DIRECTION ( 'NONE',  ( -1.000000000000000000, 0.0000000000000000000, 0.0000000000000000000 ) ) ;
#5128 = DIRECTION ( 'NONE',  ( 0.0000000000000000000, 0.0000000000000000000, 1.000000000000000000 ) ) ;
#5129 = DIRECTION ( 'NONE',  ( 1.000000000000000000, 0.0000000000000000000, 0.0000000000000000000 ) ) ;
#5130 = CYLINDRICAL_SURFACE ( 'NONE', #4081, 0.02493283764992762844 ) ;
#5131 = EDGE_CURVE ( 'NONE', #2190, #985, #3356, .T. ) ;
#5132 = ORIENTED_EDGE ( 'NONE', *, *, #1126, .T. ) ;
#5133 = VECTOR ( 'NONE', #2396, 39.37007874015748143 ) ;
#5134 = EDGE_LOOP ( 'NONE', ( #573, #1154, #3783, #4379 ) ) ;
#5135 = CARTESIAN_POINT ( 'NONE',  ( 0.4448818897637792924, 0.05325930726378100971, -0.7204724409448818312 ) ) ;
#5136 = AXIS2_PLACEMENT_3D ( 'NONE', #1676, #322, #433 ) ;
#5137 = CARTESIAN_POINT ( 'NONE',  ( -0.4212598425196851237, 0.3838582677165353618, -0.2086614173228346636 ) ) ;
#5138 = VECTOR ( 'NONE', #4760, 39.37007874015748143 ) ;
#5139 = CARTESIAN_POINT ( 'NONE',  ( -0.4527559055118111075, 0.0000000000000000000, 0.0000000000000000000 ) ) ;
#5140 = ADVANCED_FACE ( 'NONE', ( #3754 ), #2939, .T. ) ;
#5141 = ORIENTED_EDGE ( 'NONE', *, *, #3661, .F. ) ;
#5142 = VECTOR ( 'NONE', #3238, 39.37007874015748143 ) ;
#5143 = DIRECTION ( 'NONE',  ( -1.000000000000000000, 0.0000000000000000000, 0.0000000000000000000 ) ) ;
#5144 = DIRECTION ( 'NONE',  ( 1.000000000000000000, 0.0000000000000000000, 1.927470528863119344E-15 ) ) ;
#5145 =( GEOMETRIC_REPRESENTATION_CONTEXT ( 3 ) GLOBAL_UNCERTAINTY_ASSIGNED_CONTEXT ( ( #4889 ) ) GLOBAL_UNIT_ASSIGNED_CONTEXT ( ( #3323, #3721, #5397 ) ) REPRESENTATION_CONTEXT ( 'NONE', 'WORKASPACE' ) );
#5146 = DIRECTION ( 'NONE',  ( 0.0000000000000000000, 0.0000000000000000000, 1.000000000000000000 ) ) ;
#5147 = ORIENTED_EDGE ( 'NONE', *, *, #5252, .F. ) ;
#5148 = AXIS2_PLACEMENT_3D ( 'NONE', #3490, #5173, #1398 ) ;
#5149 = EDGE_LOOP ( 'NONE', ( #3990, #1432, #1607, #350 ) ) ;
#5150 = EDGE_CURVE ( 'NONE', #292, #2864, #1241, .T. ) ;
#5151 = CARTESIAN_POINT ( 'NONE',  ( -0.4845659450735614882, 0.4393700787401574881, 0.07062633402686788187 ) ) ;
#5152 = LINE ( 'NONE', #3418, #4425 ) ;
#5153 = ORIENTED_EDGE ( 'NONE', *, *, #4708, .F. ) ;
#5154 = ORIENTED_EDGE ( 'NONE', *, *, #3024, .T. ) ;
#5155 = CARTESIAN_POINT ( 'NONE',  ( -0.4527559055118111075, 0.5000000000000000000, -0.7834645669291339098 ) ) ;
#5156 = CARTESIAN_POINT ( 'NONE',  ( 0.4400049300502921201, 0.04969432612316328213, -0.7207259177626771374 ) ) ;
#5157 = EDGE_CURVE ( 'NONE', #976, #4811, #1244, .T. ) ;
#5158 = CARTESIAN_POINT ( 'NONE',  ( -0.4685039370078740717, 0.3070866141732282451, -0.07086614173228347746 ) ) ;
#5159 = PLANE ( 'NONE',  #4170 ) ;
#5160 = PLANE ( 'NONE',  #1354 ) ;
#5161 = VERTEX_POINT ( 'NONE', #890 ) ;
#5162 = ORIENTED_EDGE ( 'NONE', *, *, #2777, .T. ) ;
#5163 = LINE ( 'NONE', #554, #2931 ) ;
#5164 = EDGE_CURVE ( 'NONE', #4340, #4368, #1718, .T. ) ;
#5165 = CARTESIAN_POINT ( 'NONE',  ( -0.4291338582677166058, 0.07086614173228347746, -1.148425196850393792 ) ) ;
#5166 = DIRECTION ( 'NONE',  ( 0.0000000000000000000, -1.239088197126290817E-16, 1.000000000000000000 ) ) ;
#5167 = DIMENSIONAL_EXPONENTS ( 1.000000000000000000, 0.0000000000000000000, 0.0000000000000000000, 0.0000000000000000000, 0.0000000000000000000, 0.0000000000000000000, 0.0000000000000000000 ) ;
#5168 = ORIENTED_EDGE ( 'NONE', *, *, #181, .F. ) ;
#5169 = CARTESIAN_POINT ( 'NONE',  ( 0.4339682009560750786, -6.936343317765817147E-17, -0.3568391532661620014 ) ) ;
#5170 = EDGE_CURVE ( 'NONE', #2624, #432, #440, .T. ) ;
#5171 = CARTESIAN_POINT ( 'NONE',  ( -0.4291338582677166058, 0.07086614173228347746, -1.148425196850393792 ) ) ;
#5172 = PLANE ( 'NONE',  #4701 ) ;
#5173 = DIRECTION ( 'NONE',  ( 0.0000000000000000000, 1.000000000000000000, 0.0000000000000000000 ) ) ;
#5174 = VERTEX_POINT ( 'NONE', #4197 ) ;
#5175 = DIRECTION ( 'NONE',  ( 1.000000000000000000, 0.0000000000000000000, 0.0000000000000000000 ) ) ;
#5176 = LINE ( 'NONE', #1403, #1182 ) ;
#5177 = ORIENTED_EDGE ( 'NONE', *, *, #243, .T. ) ;
#5178 = EDGE_LOOP ( 'NONE', ( #1557, #4818, #3608, #1776, #4345, #3476 ) ) ;
#5179 = CARTESIAN_POINT ( 'NONE',  ( -0.5000000000000001110, 0.5000000000000000000, -1.148425196850393792 ) ) ;
#5180 = VECTOR ( 'NONE', #3113, 39.37007874015748143 ) ;
#5181 = CARTESIAN_POINT ( 'NONE',  ( 0.4291338582677164948, 0.07086614173228342195, -1.148425196850393792 ) ) ;
#5182 = FACE_OUTER_BOUND ( 'NONE', #1818, .T. ) ;
#5183 = FILL_AREA_STYLE ('',( #4747 ) ) ;
#5184 = DIRECTION ( 'NONE',  ( 0.0000000000000000000, 1.112002228190260705E-16, -1.000000000000000000 ) ) ;
#5185 = VECTOR ( 'NONE', #795, 39.37007874015748143 ) ;
#5186 = EDGE_LOOP ( 'NONE', ( #2962, #5057, #4855, #2716, #1051, #1828 ) ) ;
#5187 = VERTEX_POINT ( 'NONE', #1282 ) ;
#5188 = ADVANCED_FACE ( 'NONE', ( #5017 ), #418, .F. ) ;
#5189 = CARTESIAN_POINT ( 'NONE',  ( -0.4212598425196851237, 0.2303149606299212671, 0.003937007874015777467 ) ) ;
#5190 = VECTOR ( 'NONE', #1732, 39.37007874015748143 ) ;
#5191 = CARTESIAN_POINT ( 'NONE',  ( 0.4527559055118111075, 0.07086614173228344971, -0.7834645669291339098 ) ) ;
#5192 = CARTESIAN_POINT ( 'NONE',  ( 0.4527559055118111075, 0.5000000000000000000, -0.7204724409448819422 ) ) ;
#5193 = VERTEX_POINT ( 'NONE', #2509 ) ;
#5194 = EDGE_CURVE ( 'NONE', #4447, #2711, #4180, .T. ) ;
#5195 = LINE ( 'NONE', #1421, #4711 ) ;
#5196 = DIRECTION ( 'NONE',  ( 1.000000000000000000, 0.0000000000000000000, 0.0000000000000000000 ) ) ;
#5197 = CIRCLE ( 'NONE', #3521, 0.07086614173228344971 ) ;
#5198 = DIRECTION ( 'NONE',  ( -1.239088197126286133E-15, 0.0000000000000000000, 1.000000000000000000 ) ) ;
#5199 = DIRECTION ( 'NONE',  ( 1.000000000000000000, 0.0000000000000000000, 0.0000000000000000000 ) ) ;
#5200 = EDGE_CURVE ( 'NONE', #78, #3602, #4628, .T. ) ;
#5201 = DIRECTION ( 'NONE',  ( 0.0000000000000000000, 1.000000000000000000, 0.0000000000000000000 ) ) ;
#5202 = VECTOR ( 'NONE', #4297, 39.37007874015748143 ) ;
#5203 = SURFACE_STYLE_USAGE ( .BOTH. , #2204 ) ;
#5204 = VECTOR ( 'NONE', #3311, 39.37007874015748143 ) ;
#5205 = DIRECTION ( 'NONE',  ( 0.0000000000000000000, 0.0000000000000000000, 1.000000000000000000 ) ) ;
#5206 = EDGE_LOOP ( 'NONE', ( #606, #741, #4108, #3481 ) ) ;
#5207 = ORIENTED_EDGE ( 'NONE', *, *, #4643, .F. ) ;
#5208 = SURFACE_STYLE_USAGE ( .BOTH. , #5290 ) ;
#5209 = DIRECTION ( 'NONE',  ( 0.0000000000000000000, 0.0000000000000000000, -1.000000000000000000 ) ) ;
#5210 = CARTESIAN_POINT ( 'NONE',  ( 0.4212598425196851237, 0.3070866141732282451, -0.2086614173228346081 ) ) ;
#5211 = FACE_OUTER_BOUND ( 'NONE', #4942, .T. ) ;
#5212 = ORIENTED_EDGE ( 'NONE', *, *, #2524, .F. ) ;
#5213 = ORIENTED_EDGE ( 'NONE', *, *, #2508, .F. ) ;
#5214 = CIRCLE ( 'NONE', #4255, 0.05642890064205358103 ) ;
#5215 = CARTESIAN_POINT ( 'NONE',  ( -0.4685039370078740717, 0.0000000000000000000, 0.0000000000000000000 ) ) ;
#5216 = LINE ( 'NONE', #1445, #916 ) ;
#5217 = EDGE_CURVE ( 'NONE', #3050, #1165, #493, .T. ) ;
#5218 = DIRECTION ( 'NONE',  ( 0.0000000000000000000, 0.0000000000000000000, -1.000000000000000000 ) ) ;
#5219 = CIRCLE ( 'NONE', #1791, 0.07086614173228344971 ) ;
#5220 = VERTEX_POINT ( 'NONE', #2916 ) ;
#5221 = ORIENTED_EDGE ( 'NONE', *, *, #636, .T. ) ;
#5222 = CARTESIAN_POINT ( 'NONE',  ( 0.4448818897637792924, 0.5000000000000000000, -0.9960629921259842590 ) ) ;
#5223 = COLOUR_RGB ( '',0.7529411764705882248, 0.7529411764705882248, 0.7529411764705882248 ) ;
#5224 = VECTOR ( 'NONE', #4457, 39.37007874015748143 ) ;
#5225 = CARTESIAN_POINT ( 'NONE',  ( -0.4448818897637797365, 0.05325930726378131502, -0.9960629921259843700 ) ) ;
#5226 = DIRECTION ( 'NONE',  ( -0.0000000000000000000, -1.000000000000000000, -0.0000000000000000000 ) ) ;
#5227 = EDGE_CURVE ( 'NONE', #807, #66, #4667, .T. ) ;
#5228 = CARTESIAN_POINT ( 'NONE',  ( -0.4288198816980922645, 0.4393700787401574881, 0.03706344592285269746 ) ) ;
#5229 = FILL_AREA_STYLE_COLOUR ( '', #1874 ) ;
#5230 =( GEOMETRIC_REPRESENTATION_CONTEXT ( 3 ) GLOBAL_UNCERTAINTY_ASSIGNED_CONTEXT ( ( #1040 ) ) GLOBAL_UNIT_ASSIGNED_CONTEXT ( ( #2438, #3667, #3269 ) ) REPRESENTATION_CONTEXT ( 'NONE', 'WORKASPACE' ) );
#5231 = PLANE ( 'NONE',  #1455 ) ;
#5232 = EDGE_CURVE ( 'NONE', #4785, #811, #4646, .T. ) ;
#5233 = PRESENTATION_STYLE_ASSIGNMENT (( #5203 ) ) ;
#5234 = DIRECTION ( 'NONE',  ( 1.000000000000000000, 0.0000000000000000000, 0.0000000000000000000 ) ) ;
#5235 = VERTEX_POINT ( 'NONE', #1332 ) ;
#5236 = VECTOR ( 'NONE', #4984, 39.37007874015748143 ) ;
#5237 = ORIENTED_EDGE ( 'NONE', *, *, #539, .F. ) ;
#5238 = PLANE ( 'NONE',  #2552 ) ;
#5239 = PLANE ( 'NONE',  #4873 ) ;
#5240 = EDGE_CURVE ( 'NONE', #5389, #5106, #2502, .T. ) ;
#5241 = EDGE_CURVE ( 'NONE', #984, #3617, #578, .T. ) ;
#5242 = PRESENTATION_STYLE_ASSIGNMENT (( #649 ) ) ;
#5243 = ORIENTED_EDGE ( 'NONE', *, *, #2564, .F. ) ;
#5244 = ORIENTED_EDGE ( 'NONE', *, *, #2611, .F. ) ;
#5245 = CARTESIAN_POINT ( 'NONE',  ( -0.4212598425196851237, 0.3838582677165353618, -0.2086614173228346636 ) ) ;
#5246 = DIRECTION ( 'NONE',  ( 0.0000000000000000000, 1.000000000000000000, 0.0000000000000000000 ) ) ;
#5247 = FACE_OUTER_BOUND ( 'NONE', #1219, .T. ) ;
#5248 = DIRECTION ( 'NONE',  ( 0.0000000000000000000, 0.0000000000000000000, 1.000000000000000000 ) ) ;
#5249 = ORIENTED_EDGE ( 'NONE', *, *, #2335, .F. ) ;
#5250 = ORIENTED_EDGE ( 'NONE', *, *, #462, .T. ) ;
#5251 = CARTESIAN_POINT ( 'NONE',  ( 0.4606299212598427562, 0.4393700787401574881, 0.1562437013337370784 ) ) ;
#5252 = EDGE_CURVE ( 'NONE', #2480, #3446, #1222, .T. ) ;
#5253 = CARTESIAN_POINT ( 'NONE',  ( 0.4212598425196851237, 0.4665354330708661457, -0.2716535433070865757 ) ) ;
#5254 = CARTESIAN_POINT ( 'NONE',  ( -0.5000000000000004441, 0.5000000000000000000, -0.7204724409448819422 ) ) ;
#5255 = FILL_AREA_STYLE ('',( #2357 ) ) ;
#5256 = CARTESIAN_POINT ( 'NONE',  ( -0.4426332105210578627, 0.05124802740525374878, -0.7204724409448819422 ) ) ;
#5257 = ADVANCED_FACE ( 'NONE', ( #847 ), #4586, .F. ) ;
#5258 = FILL_AREA_STYLE_COLOUR ( '', #476 ) ;
#5259 = DIRECTION ( 'NONE',  ( 0.0000000000000000000, 1.000000000000000000, 1.112002228190260705E-16 ) ) ;
#5260 = FACE_OUTER_BOUND ( 'NONE', #1404, .T. ) ;
#5261 = VERTEX_POINT ( 'NONE', #4249 ) ;
#5262 = ORIENTED_EDGE ( 'NONE', *, *, #2, .F. ) ;
#5263 = EDGE_CURVE ( 'NONE', #1746, #3587, #818, .T. ) ;
#5264 = LINE ( 'NONE', #4849, #3242 ) ;
#5265 = UNCERTAINTY_MEASURE_WITH_UNIT (LENGTH_MEASURE( 1.000000000000000082E-05 ), #4635, 'distance_accuracy_value', 'NONE');
#5266 = LINE ( 'NONE', #3643, #2666 ) ;
#5267 = CARTESIAN_POINT ( 'NONE',  ( -0.4400155395743816644, 0.04969976091641864491, -0.2955274713238787987 ) ) ;
#5268 = CARTESIAN_POINT ( 'NONE',  ( -0.4212598425196851237, 0.4393700787401574881, 0.1822834645669292597 ) ) ;
#5269 = DIRECTION ( 'NONE',  ( 0.0000000000000000000, 0.0000000000000000000, 1.000000000000000000 ) ) ;
#5270 = ORIENTED_EDGE ( 'NONE', *, *, #3729, .F. ) ;
#5271 = ORIENTED_EDGE ( 'NONE', *, *, #3484, .T. ) ;
#5272 = EDGE_CURVE ( 'NONE', #955, #4479, #3393, .T. ) ;
#5273 = DIRECTION ( 'NONE',  ( 1.000000000000000000, 0.0000000000000000000, -0.0000000000000000000 ) ) ;
#5274 = CARTESIAN_POINT ( 'NONE',  ( 0.4394393639245638417, 0.0005314671934753545379, -0.5078740157480315931 ) ) ;
#5275 = DIRECTION ( 'NONE',  ( -1.000000000000000000, 0.0000000000000000000, 0.0000000000000000000 ) ) ;
#5276 = ORIENTED_EDGE ( 'NONE', *, *, #1893, .F. ) ;
#5277 = ORIENTED_EDGE ( 'NONE', *, *, #2578, .F. ) ;
#5278 = CARTESIAN_POINT ( 'NONE',  ( -0.4448818897637797365, 0.001771933957542386586, -0.3582677165354331006 ) ) ;
#5279 = VECTOR ( 'NONE', #4709, 39.37007874015748143 ) ;
#5280 = CARTESIAN_POINT ( 'NONE',  ( -0.4291338582677165503, -2.381519747103444493E-17, -0.9372905384634822035 ) ) ;
#5281 = CARTESIAN_POINT ( 'NONE',  ( -0.4527559055118111631, 0.4393700787401574881, 0.008848995601825804594 ) ) ;
#5282 = DIRECTION ( 'NONE',  ( 0.0000000000000000000, 0.0000000000000000000, -1.000000000000000000 ) ) ;
#5283 = CARTESIAN_POINT ( 'NONE',  ( -0.4685039370078740717, 0.3838582677165353618, -0.2086614173228346636 ) ) ;
#5284 = AXIS2_PLACEMENT_3D ( 'NONE', #2992, #2592, #2478 ) ;
#5285 = EDGE_CURVE ( 'NONE', #3570, #3434, #1741, .T. ) ;
#5286 = COLOUR_RGB ( '',0.7529411764705882248, 0.7529411764705882248, 0.7529411764705882248 ) ;
#5287 = EDGE_LOOP ( 'NONE', ( #1913, #3046, #487, #3696 ) ) ;
#5288 = ORIENTED_EDGE ( 'NONE', *, *, #570, .T. ) ;
#5289 = B_SPLINE_CURVE_WITH_KNOTS ( 'NONE', 3,
 ( #1236, #4238, #1188, #81, #4184, #1264 ),
 .UNSPECIFIED., .F., .F.,
 ( 4, 2, 4 ),
 ( 0.0000000000000000000, 0.0002268481686830094623, 0.0004536963373660189247 ),
 .UNSPECIFIED. ) ;
#5290 = SURFACE_SIDE_STYLE ('',( #3524 ) ) ;
#5291 = CARTESIAN_POINT ( 'NONE',  ( 0.4572895544031854720, 0.3606299212598426118, 0.08637436552293091541 ) ) ;
#5292 = AXIS2_PLACEMENT_3D ( 'NONE', #4237, #3347, #4732 ) ;
#5293 = PLANE ( 'NONE',  #3439 ) ;
#5294 = EDGE_CURVE ( 'NONE', #1520, #2512, #2901, .T. ) ;
#5295 = DIRECTION ( 'NONE',  ( 0.0000000000000000000, 1.000000000000000000, 0.0000000000000000000 ) ) ;
#5296 = ORIENTED_EDGE ( 'NONE', *, *, #4924, .T. ) ;
#5297 = VERTEX_POINT ( 'NONE', #49 ) ;
#5298 = DIRECTION ( 'NONE',  ( -1.000000000000000000, 0.0000000000000000000, 0.0000000000000000000 ) ) ;
#5299 = PLANE ( 'NONE',  #4430 ) ;
#5300 = APPLICATION_CONTEXT ( 'automotive_design' ) ;
#5301 = CARTESIAN_POINT ( 'NONE',  ( 0.5000000000000001110, 0.07086614173228342195, -0.9960629921259842590 ) ) ;
#5302 = ADVANCED_FACE ( 'NONE', ( #4150 ), #3745, .T. ) ;
#5303 = DIRECTION ( 'NONE',  ( -1.000000000000000000, 0.0000000000000000000, 0.0000000000000000000 ) ) ;
#5304 = EDGE_LOOP ( 'NONE', ( #4179, #1497, #849, #4907 ) ) ;
#5305 = VECTOR ( 'NONE', #543, 39.37007874015748143 ) ;
#5306 = ORIENTED_EDGE ( 'NONE', *, *, #4806, .F. ) ;
#5307 = LINE ( 'NONE', #2353, #1797 ) ;
#5308 = CARTESIAN_POINT ( 'NONE',  ( 0.4317475460355924000, 0.04724409448816405122, -0.9933523331406096668 ) ) ;
#5309 = AXIS2_PLACEMENT_3D ( 'NONE', #1145, #3246, #2045 ) ;
#5310 = DIRECTION ( 'NONE',  ( 0.0000000000000000000, -1.000000000000000000, 0.0000000000000000000 ) ) ;
#5311 = LINE ( 'NONE', #3176, #2845 ) ;
#5312 = PRESENTATION_STYLE_ASSIGNMENT (( #4015 ) ) ;
#5313 = AXIS2_PLACEMENT_3D ( 'NONE', #3538, #2267, #233 ) ;
#5314 = AXIS2_PLACEMENT_3D ( 'NONE', #2948, #5051, #4651 ) ;
#5315 = DIRECTION ( 'NONE',  ( 0.0000000000000000000, 1.000000000000000000, 0.0000000000000000000 ) ) ;
#5316 = VERTEX_POINT ( 'NONE', #2493 ) ;
#5317 = SURFACE_SIDE_STYLE ('',( #2856 ) ) ;
#5318 = VECTOR ( 'NONE', #3119, 39.37007874015748143 ) ;
#5319 = AXIS2_PLACEMENT_3D ( 'NONE', #467, #2166, #3854 ) ;
#5320 = DIRECTION ( 'NONE',  ( 0.0000000000000000000, -1.000000000000000000, 0.0000000000000000000 ) ) ;
#5321 = VERTEX_POINT ( 'NONE', #431 ) ;
#5322 = PRODUCT_DEFINITION_FORMATION_WITH_SPECIFIED_SOURCE ( 'ANY', '', #2910, .NOT_KNOWN. ) ;
#5323 =( CONVERSION_BASED_UNIT ( 'INCH', #3641 ) LENGTH_UNIT ( ) NAMED_UNIT ( #3325 ) );
#5324 = CARTESIAN_POINT ( 'NONE',  ( -0.4317462034815184868, 0.04724409448818898960, -0.5681547076229382931 ) ) ;
#5325 = FACE_OUTER_BOUND ( 'NONE', #2703, .T. ) ;
#5326 = LINE ( 'NONE', #3586, #5048 ) ;
#5327 = ORIENTED_EDGE ( 'NONE', *, *, #1757, .T. ) ;
#5328 = ORIENTED_EDGE ( 'NONE', *, *, #83, .T. ) ;
#5329 =( LENGTH_UNIT ( ) NAMED_UNIT ( * ) SI_UNIT ( $, .METRE. ) );
#5330 = EDGE_CURVE ( 'NONE', #432, #359, #2089, .T. ) ;
#5331 = CLOSED_SHELL ( 'NONE', ( #783, #910, #2072, #2264, #3683, #2000, #415, #297, #1482, #4638 ) ) ;
#5332 = DIRECTION ( 'NONE',  ( 1.000000000000000000, 0.0000000000000000000, 0.0000000000000000000 ) ) ;
#5333 = LINE ( 'NONE', #4061, #3357 ) ;
#5334 = DIRECTION ( 'NONE',  ( 0.0000000000000000000, -1.000000000000000000, 0.0000000000000000000 ) ) ;
#5335 = VERTEX_POINT ( 'NONE', #3759 ) ;
#5336 = ORIENTED_EDGE ( 'NONE', *, *, #3949, .F. ) ;
#5337 = DIRECTION ( 'NONE',  ( -1.000000000000000000, -0.0000000000000000000, -0.0000000000000000000 ) ) ;
#5338 = EDGE_CURVE ( 'NONE', #3628, #1121, #3671, .T. ) ;
#5339 = CARTESIAN_POINT ( 'NONE',  ( -0.4606299212598428117, 0.3606299212598426118, 0.1822834645669293707 ) ) ;
#5340 = CARTESIAN_POINT ( 'NONE',  ( 0.4394393639245638417, 0.0005314671934753574653, -0.2952755905511810774 ) ) ;
#5341 =( NAMED_UNIT ( * ) PLANE_ANGLE_UNIT ( ) SI_UNIT ( $, .RADIAN. ) );
#5342 = CARTESIAN_POINT ( 'NONE',  ( 0.4527559055118111075, 0.5000000000000000000, -0.2952755905511810774 ) ) ;
#5343 = EDGE_CURVE ( 'NONE', #145, #257, #1863, .T. ) ;
#5344 = ORIENTED_EDGE ( 'NONE', *, *, #2360, .F. ) ;
#5345 = CARTESIAN_POINT ( 'NONE',  ( -0.3661417322834646382, 0.0000000000000000000, 0.03149606299212598381 ) ) ;
#5346 = DIRECTION ( 'NONE',  ( 1.000000000000000000, 0.0000000000000000000, 0.0000000000000000000 ) ) ;
#5347 = DIRECTION ( 'NONE',  ( -1.239088197126286133E-15, 0.0000000000000000000, 1.000000000000000000 ) ) ;
#5348 = PLANE ( 'NONE',  #2221 ) ;
#5349 = VERTEX_POINT ( 'NONE', #4550 ) ;
#5350 = ORIENTED_EDGE ( 'NONE', *, *, #2108, .F. ) ;
#5351 = CARTESIAN_POINT ( 'NONE',  ( 0.4400155395743812758, 0.04969976091641840205, -0.5706142609595858950 ) ) ;
#5352 = FACE_OUTER_BOUND ( 'NONE', #1989, .T. ) ;
#5353 = CARTESIAN_POINT ( 'NONE',  ( -0.4173228346456693827, 0.3838582677165353618, -0.07086614173228346358 ) ) ;
#5354 = ORIENTED_EDGE ( 'NONE', *, *, #1356, .F. ) ;
#5355 = ORIENTED_EDGE ( 'NONE', *, *, #3653, .T. ) ;
#5356 = CARTESIAN_POINT ( 'NONE',  ( -0.4173228346456693827, 0.3070866141732282451, -0.07086614173228347746 ) ) ;
#5357 = LINE ( 'NONE', #1149, #3280 ) ;
#5358 = DIRECTION ( 'NONE',  ( 0.0000000000000000000, 0.0000000000000000000, 1.000000000000000000 ) ) ;
#5359 = LINE ( 'NONE', #2894, #899 ) ;
#5360 = EDGE_CURVE ( 'NONE', #2810, #4161, #2002, .T. ) ;
#5361 = ORIENTED_EDGE ( 'NONE', *, *, #5064, .T. ) ;
#5362 = ORIENTED_EDGE ( 'NONE', *, *, #3573, .F. ) ;
#5363 = ADVANCED_FACE ( 'NONE', ( #4458 ), #4250, .T. ) ;
#5364 = AXIS2_PLACEMENT_3D ( 'NONE', #299, #725, #620 ) ;
#5365 = CARTESIAN_POINT ( 'NONE',  ( 0.4448818897637792924, 0.0000000000000000000, -0.7519685039370078705 ) ) ;
#5366 = DIRECTION ( 'NONE',  ( 0.0000000000000000000, 0.0000000000000000000, 1.000000000000000000 ) ) ;
#5367 = EDGE_LOOP ( 'NONE', ( #2317, #3578, #3049, #3163, #3503, #3682 ) ) ;
#5368 = AXIS2_PLACEMENT_3D ( 'NONE', #1809, #1418, #3040 ) ;
#5369 = CARTESIAN_POINT ( 'NONE',  ( -0.4921259842519686845, 0.4393700787401574881, 0.1822834645669293985 ) ) ;
#5370 = DIMENSIONAL_EXPONENTS ( 1.000000000000000000, 0.0000000000000000000, 0.0000000000000000000, 0.0000000000000000000, 0.0000000000000000000, 0.0000000000000000000, 0.0000000000000000000 ) ;
#5371 = EDGE_CURVE ( 'NONE', #3570, #535, #3686, .T. ) ;
#5372 = ORIENTED_EDGE ( 'NONE', *, *, #1764, .T. ) ;
#5373 = VECTOR ( 'NONE', #3823, 39.37007874015748143 ) ;
#5374 = UNCERTAINTY_MEASURE_WITH_UNIT (LENGTH_MEASURE( 1.000000000000000082E-05 ), #908, 'distance_accuracy_value', 'NONE');
#5375 = CARTESIAN_POINT ( 'NONE',  ( 0.4921259842519687400, 0.4393700787401574881, 0.09884078434789474177 ) ) ;
#5376 = CARTESIAN_POINT ( 'NONE',  ( 0.4448818897637792924, 0.04724409448818897572, -0.9645669291338583307 ) ) ;
#5377 = STYLED_ITEM ( 'NONE', ( #2741 ), #2072 ) ;
#5378 = CARTESIAN_POINT ( 'NONE',  ( -0.4291338582677165503, -3.414809992080329023E-17, -0.9918433198042344578 ) ) ;
#5379 = ORIENTED_EDGE ( 'NONE', *, *, #5294, .T. ) ;
#5380 = ORIENTED_EDGE ( 'NONE', *, *, #4663, .T. ) ;
#5381 = CARTESIAN_POINT ( 'NONE',  ( -0.5007640645383754086, 0.4393700787401574881, 0.1616744259112477544 ) ) ;
#5382 = VECTOR ( 'NONE', #4869, 39.37007874015748143 ) ;
#5383 = DIRECTION ( 'NONE',  ( 0.0000000000000000000, -1.000000000000000000, 0.0000000000000000000 ) ) ;
#5384 = CARTESIAN_POINT ( 'NONE',  ( -0.4527559055118111075, 0.07086614173228347746, -1.148425196850393792 ) ) ;
#5385 = FACE_OUTER_BOUND ( 'NONE', #2687, .T. ) ;
#5386 = VECTOR ( 'NONE', #706, 39.37007874015748143 ) ;
#5387 = SURFACE_SIDE_STYLE ('',( #2435 ) ) ;
#5388 = ORIENTED_EDGE ( 'NONE', *, *, #4093, .F. ) ;
#5389 = VERTEX_POINT ( 'NONE', #4189 ) ;
#5390 = EDGE_CURVE ( 'NONE', #4318, #930, #453, .T. ) ;
#5391 = CARTESIAN_POINT ( 'NONE',  ( 0.4291338582677164948, 0.07086614173228342195, -1.148425196850393792 ) ) ;
#5392 = FACE_OUTER_BOUND ( 'NONE', #5086, .T. ) ;
#5393 = ORIENTED_EDGE ( 'NONE', *, *, #89, .T. ) ;
#5394 = CARTESIAN_POINT ( 'NONE',  ( 0.4527559055118109410, 0.07086614173228343583, -1.148425196850393792 ) ) ;
#5395 = AXIS2_PLACEMENT_3D ( 'NONE', #4868, #2768, #5196 ) ;
#5396 = ORIENTED_EDGE ( 'NONE', *, *, #4643, .T. ) ;
#5397 =( NAMED_UNIT ( * ) SI_UNIT ( $, .STERADIAN. ) SOLID_ANGLE_UNIT ( ) );
#5398 = EDGE_CURVE ( 'NONE', #4797, #4277, #435, .T. ) ;
#5399 = AXIS2_PLACEMENT_3D ( 'NONE', #1695, #397, #76 ) ;
#5400 = VECTOR ( 'NONE', #2088, 39.37007874015748143 ) ;
#5401 = ORIENTED_EDGE ( 'NONE', *, *, #3484, .F. ) ;
#5402 = ADVANCED_FACE ( 'NONE', ( #4158 ), #4214, .T. ) ;
#5403 = AXIS2_PLACEMENT_3D ( 'NONE', #481, #161, #2175 ) ;
#5404 = LINE ( 'NONE', #2942, #4528 ) ;
#5405 = CARTESIAN_POINT ( 'NONE',  ( -0.4173228346456693827, 0.3838582677165353618, -0.2086614173228346636 ) ) ;
#5406 = PLANE ( 'NONE',  #653 ) ;
#5407 = ORIENTED_EDGE ( 'NONE', *, *, #3445, .F. ) ;
#5408 = AXIS2_PLACEMENT_3D ( 'NONE', #3182, #1137, #4875 ) ;
#5409 = ORIENTED_EDGE ( 'NONE', *, *, #3694, .F. ) ;
#5410 = CYLINDRICAL_SURFACE ( 'NONE', #1400, 0.02493283764992762150 ) ;
#5411 = EDGE_CURVE ( 'NONE', #3007, #4405, #2325, .T. ) ;
#5412 = CARTESIAN_POINT ( 'NONE',  ( -0.4527559055118111075, 0.5000000000000000000, -0.3582677165354331006 ) ) ;
#5413 = LINE ( 'NONE', #1642, #4768 ) ;
#5414 = CARTESIAN_POINT ( 'NONE',  ( 0.4448818897637792924, 0.0000000000000000000, -0.5393700787401576324 ) ) ;
#5415 = FACE_OUTER_BOUND ( 'NONE', #2200, .T. ) ;
#5416 = ORIENTED_EDGE ( 'NONE', *, *, #2614, .F. ) ;
#5417 = ORIENTED_EDGE ( 'NONE', *, *, #891, .T. ) ;
#5418 = DIRECTION ( 'NONE',  ( 0.0000000000000000000, 0.0000000000000000000, -1.000000000000000000 ) ) ;
#5419 = DIRECTION ( 'NONE',  ( 1.000000000000000000, 0.0000000000000000000, 0.0000000000000000000 ) ) ;
#5420 = ORIENTED_EDGE ( 'NONE', *, *, #1344, .T. ) ;
#5421 = FILL_AREA_STYLE_COLOUR ( '', #5223 ) ;
#5422 = DIRECTION ( 'NONE',  ( 1.000000000000000000, 0.0000000000000000000, 0.0000000000000000000 ) ) ;
#5423 = VERTEX_POINT ( 'NONE', #3752 ) ;
#5424 = FILL_AREA_STYLE ('',( #3266 ) ) ;
#5425 = PRODUCT_DEFINITION_SHAPE ( 'NONE', 'NONE',  #1089 ) ;
ENDSEC;
END-ISO-10303-21;
